State,Region,County,District,District Name,Charter Status,Superintendent,Base Pay,FTE Salary,Enrollment,FTE
TX,3,VICTORIA COUNTY,235902,VICTORIA ISD,TRADITIONAL ISD/CSD,"MEYER, RANDALL S","$565,047.00","$565,047.00",12919,1
TX,18,ECTOR COUNTY,68901,ECTOR COUNTY ISD,TRADITIONAL ISD/CSD,"MURI, SCOTT R","$328,802.00","$553,912.00",33663,0.59
TX,3,DEWITT COUNTY,62905,WESTHOFF ISD,TRADITIONAL ISD/CSD,"STANSBERRY, JAMES EDGAR","$84,000.00","$498,516.00",85,0.17
TX,4,CHAMBERS COUNTY,36902,BARBERS HILL ISD,TRADITIONAL ISD/CSD,"POOLE, GREGORY S","$489,143.00","$489,143.00",7875,1
TX,4,HARRIS COUNTY,101921,TOMBALL ISD,TRADITIONAL ISD/CSD,"SALAZAR ZAMORA, MARTHA","$469,638.00","$469,638.00",22913,1
TX,13,TRAVIS COUNTY,227913,LAKE TRAVIS ISD,TRADITIONAL ISD/CSD,"NORTON, PAUL ANDREW","$468,296.00","$468,296.00",11008,1
TX,4,HARRIS COUNTY,101907,CYPRESS-FAIRBANKS ISD,TRADITIONAL ISD/CSD,"KILLIAN, DOUGLAS WAYNE","$458,908.00","$458,908.00",117927,1
TX,10,DALLAS COUNTY,57909,GARLAND ISD,TRADITIONAL ISD/CSD,"LOPEZ, RICARDO D","$457,447.00","$457,447.00",51021,1
TX,19,EL PASO COUNTY,71905,YSLETA ISD,TRADITIONAL ISD/CSD,"DE LA TORRE, GUADALUPE JAVIER","$451,457.00","$451,457.00",34062,1
TX,5,HARDIN COUNTY,100907,LUMBERTON ISD,TRADITIONAL ISD/CSD,"TIPTON, MORRISON ANTHONY","$171,400.00","$439,037.00",4108,0.39
TX,11,TARRANT COUNTY,220912,CROWLEY ISD,TRADITIONAL ISD/CSD,"MCFARLAND, MICHAEL","$428,581.00","$428,581.00",17011,1
TX,9,FOARD COUNTY,78901,CROWELL ISD,TRADITIONAL ISD/CSD,"MILAM, WILLIAM D","$97,170.00","$412,962.00",189,0.24
TX,4,HARRIS COUNTY,101915,KLEIN ISD,TRADITIONAL ISD/CSD,"MCGOWN, JENNY A","$412,519.00","$412,519.00",52437,1
TX,4,FORT BEND COUNTY,79907,FORT BEND ISD,TRADITIONAL ISD/CSD,"SMITH, MARCELL","$410,000.00","$410,000.00",79663,1
TX,10,HENDERSON COUNTY,107901,ATHENS ISD,TRADITIONAL ISD/CSD,"SIMS, SALLY JANIE","$230,000.00","$396,552.00",3029,0.58
TX,4,HARRIS COUNTY,101914,KATY ISD,TRADITIONAL ISD/CSD,"GREGORSKI, KENNETH","$396,030.00","$396,030.00",96111,1
TX,11,DENTON COUNTY,61911,NORTHWEST ISD,TRADITIONAL ISD/CSD,"FOUST, MARK JACOB","$390,229.00","$390,229.00",32098,1
TX,4,HARRIS COUNTY,101912,HOUSTON ISD,TRADITIONAL ISD/CSD,"MILES, FLOYD MIKE","$380,000.00","$380,000.00",176727,1
TX,2,NUECES COUNTY,178904,CORPUS CHRISTI ISD,TRADITIONAL ISD/CSD,"HERNANDEZ, JUSTO ROLANDO","$375,039.00","$375,039.00",33103,1
TX,1,CAMERON COUNTY,31901,BROWNSVILLE ISD,TRADITIONAL ISD/CSD,"CHAVEZ, JESUS H","$375,000.00","$375,000.00",36140,1
TX,10,DALLAS COUNTY,57905,DALLAS ISD,TRADITIONAL ISD/CSD,"ELIZALDE, STEPHANIE SUZANNE","$375,000.00","$375,000.00",139802,1
TX,1,HIDALGO COUNTY,108904,EDINBURG CISD,TRADITIONAL ISD/CSD,"SALINAS, MARIO","$374,627.00","$374,627.00",33343,1
TX,4,HARRIS COUNTY,101917,PASADENA ISD,TRADITIONAL ISD/CSD,"POWELL, ELLEN DEEANN","$367,812.00","$367,812.00",46491,1
TX,3,MATAGORDA COUNTY,158901,BAY CITY ISD,TRADITIONAL ISD/CSD,"MCHAZLETT, DWIGHT HENRY","$367,497.00","$367,497.00",3473,1
TX,6,MONTGOMERY COUNTY,170902,CONROE ISD,TRADITIONAL ISD/CSD,"NULL, CURTIS F","$365,881.00","$365,881.00",72914,1
TX,11,TARRANT COUNTY,220908,MANSFIELD ISD,TRADITIONAL ISD/CSD,"CANTU, KIMBERLEY MORGAN","$365,315.00","$365,315.00",35354,1
TX,4,FORT BEND COUNTY,79901,LAMAR CISD,TRADITIONAL ISD/CSD,"NIVENS, ROOSEVELT CURTIS","$364,971.00","$364,971.00",46786,1
TX,13,HAYS COUNTY,105906,HAYS CISD,TRADITIONAL ISD/CSD,"WRIGHT, ERIC K","$364,000.00","$364,000.00",24330,1
TX,1,HIDALGO COUNTY,108913,WESLACO ISD,TRADITIONAL ISD/CSD,"RIVERA, JOSE RICARDO","$363,669.00","$363,669.00",16300,1
TX,13,TRAVIS COUNTY,227901,AUSTIN ISD,TRADITIONAL ISD/CSD,"SEGURA, MATIAS CASTRO","$362,250.00","$362,250.00",72272,1
TX,1,HIDALGO COUNTY,108912,LA JOYA ISD,TRADITIONAL ISD/CSD,"SORENSEN, MARCEY ARLENE","$360,487.00","$360,487.00",22942,1
TX,10,COLLIN COUNTY,43905,FRISCO ISD,TRADITIONAL ISD/CSD,"WALDRIP, MIKE R","$359,676.00","$359,676.00",65289,1
TX,11,TARRANT COUNTY,220902,BIRDVILLE ISD,TRADITIONAL ISD/CSD,"STINSON, SELENA GAYLE","$357,322.00","$357,322.00",22267,1
TX,13,WILLIAMSON COUNTY,246913,LEANDER ISD,TRADITIONAL ISD/CSD,"GEARING, BRUCE","$357,110.00","$357,110.00",42608,1
TX,20,BEXAR COUNTY,15915,NORTHSIDE ISD,TRADITIONAL ISD/CSD,"CRAFT, JOHN M","$357,000.00","$357,000.00",100208,1
TX,4,HARRIS COUNTY,101911,GOOSE CREEK CISD,TRADITIONAL ISD/CSD,"O'BRIEN, RANDAL KENT","$355,322.00","$355,322.00",24032,1
TX,11,TARRANT COUNTY,220906,GRAPEVINE-COLLEYVILLE ISD,TRADITIONAL ISD/CSD,"SCHNAUTZ, BRADLEY MICHAEL","$354,795.00","$354,795.00",13541,1
TX,4,HARRIS COUNTY,101902,ALDINE ISD,TRADITIONAL ISD/CSD,"GOFFNEY, LATONYA MCGOWEN","$352,821.00","$352,821.00",56419,1
TX,10,DALLAS COUNTY,57907,DUNCANVILLE ISD,TRADITIONAL ISD/CSD,"GOREE, THEODIS L","$350,000.00","$350,000.00",11562,1
TX,10,DALLAS COUNTY,57911,HIGHLAND PARK ISD,TRADITIONAL ISD/CSD,"ROCKWOOD, MICHAEL KENNETH","$350,000.00","$350,000.00",6350,1
TX,10,COLLIN COUNTY,43912,PROSPER ISD,TRADITIONAL ISD/CSD,"FERGUSON, HOLLY J","$350,000.00","$350,000.00",31651,1
TX,13,WILLIAMSON COUNTY,246909,ROUND ROCK ISD,TRADITIONAL ISD/CSD,"AZAIEZ, HAFEDH","$350,000.00","$350,000.00",46954,1
TX,4,HARRIS COUNTY,101920,SPRING BRANCH ISD,TRADITIONAL ISD/CSD,"BLAINE, JENNIFER STARK","$349,066.00","$349,066.00",32668,1
TX,4,HARRIS COUNTY,101913,HUMBLE ISD,TRADITIONAL ISD/CSD,"CELANIA-FAGEN, ELIZABETH A","$348,919.00","$348,919.00",48502,1
TX,10,DALLAS COUNTY,57916,RICHARDSON ISD,TRADITIONAL ISD/CSD,"BRANUM, TABITHA D","$348,626.00","$348,626.00",36971,1
TX,10,DALLAS COUNTY,57912,IRVING ISD,TRADITIONAL ISD/CSD,"HERNANDEZ, MAGDA A","$348,342.00","$348,342.00",30767,1
TX,13,TRAVIS COUNTY,227904,PFLUGERVILLE ISD,TRADITIONAL ISD/CSD,"SHEPHERD, QUINTIN","$345,225.00","$345,225.00",25477,1
TX,10,DALLAS COUNTY,57914,MESQUITE ISD,TRADITIONAL ISD/CSD,"RIVERA, ANGEL LUIS","$345,000.00","$345,000.00",37930,1
TX,10,COLLIN COUNTY,43910,PLANO ISD,TRADITIONAL ISD/CSD,"WILLIAMS, THERESA NOLAN","$344,791.00","$344,791.00",46612,1
TX,7,SMITH COUNTY,212905,TYLER ISD,TRADITIONAL ISD/CSD,"CRAWFORD, MARTY LANE","$343,575.00","$343,575.00",18708,1
TX,11,PARKER COUNTY,184903,WEATHERFORD ISD,TRADITIONAL ISD/CSD,"REES, REAGAN CARTER","$342,700.00","$342,700.00",8023,1
TX,20,BEXAR COUNTY,15907,SAN ANTONIO ISD,TRADITIONAL ISD/CSD,"AQUINO, JAIME RAMON","$340,867.00","$340,867.00",44047,1
TX,4,WALLER COUNTY,237904,WALLER ISD,TRADITIONAL ISD/CSD,"MORAN, KEVIN GEORGE","$340,000.00","$340,000.00",9905,1
TX,4,HARRIS COUNTY,101916,LA PORTE ISD,TRADITIONAL ISD/CSD,"JACKSON, WALTER GERALD","$337,797.00","$337,797.00",7099,1
TX,4,BRAZORIA COUNTY,20905,BRAZOSPORT ISD,TRADITIONAL ISD/CSD,"MASSEY, DANNY L","$337,140.00","$337,140.00",11169,1
TX,11,TARRANT COUNTY,220901,ARLINGTON ISD,TRADITIONAL ISD/CSD,"SMITH, MATTHEW LAYTON","$335,002.00","$335,002.00",53339,1
TX,4,HARRIS COUNTY,101910,GALENA PARK ISD,TRADITIONAL ISD/CSD,"MOORE, JOHN C","$335,000.00","$335,000.00",20862,1
TX,4,BRAZORIA COUNTY,20901,ALVIN ISD,TRADITIONAL ISD/CSD,"NELSON, CAROL L","$334,750.00","$334,750.00",30038,1
TX,12,BELL COUNTY,14906,KILLEEN ISD,TRADITIONAL ISD/CSD,"FEY, JO ANN MARIE","$334,750.00","$334,750.00",42883,1
TX,11,DENTON COUNTY,61902,LEWISVILLE ISD,TRADITIONAL ISD/CSD,"RAPP, LORI D","$334,750.00","$334,750.00",47876,1
TX,20,COMAL COUNTY,46902,COMAL ISD,TRADITIONAL ISD/CSD,"CHAPMAN, JOHN E","$334,184.00","$334,184.00",29839,1
TX,20,BEXAR COUNTY,15901,ALAMO HEIGHTS ISD,TRADITIONAL ISD/CSD,"BASHARA, DANA MARIE","$331,000.00","$331,000.00",4749,1
TX,4,GALVESTON COUNTY,84910,CLEAR CREEK ISD,TRADITIONAL ISD/CSD,"ENGLE, KAREN S","$327,792.00","$327,792.00",39684,1
TX,4,FORT BEND COUNTY,79910,STAFFORD MSD,TRADITIONAL ISD/CSD,"BOSTIC, ROBERT ELBERT","$327,113.00","$327,113.00",3492,1
TX,11,JOHNSON COUNTY,126902,BURLESON ISD,TRADITIONAL ISD/CSD,"JIMERSON, BRET","$326,718.00","$326,718.00",12759,1
TX,10,KAUFMAN COUNTY,129902,FORNEY ISD,TRADITIONAL ISD/CSD,"TERRY, JUSTIN W","$326,404.00","$326,404.00",18565,1
TX,15,TOM GREEN COUNTY,226903,SAN ANGELO ISD,TRADITIONAL ISD/CSD,"MORAN, CHRISTOPHER ALLAN","$325,703.00","$325,703.00",13004,1
TX,1,CAMERON COUNTY,31906,LOS FRESNOS CISD,TRADITIONAL ISD/CSD,"SALAZAR, GONZALO","$325,372.00","$325,372.00",10357,1
TX,18,MIDLAND COUNTY,165901,MIDLAND ISD,TRADITIONAL ISD/CSD,"HOWARD, STEPHANIE D","$325,000.00","$325,000.00",29651,1
TX,20,BEXAR COUNTY,15905,EDGEWOOD ISD,TRADITIONAL ISD/CSD,"HERNANDEZ, EDUARDO","$323,270.00","$323,270.00",7849,1
TX,6,MONTGOMERY COUNTY,170908,NEW CANEY ISD,TRADITIONAL ISD/CSD,"CALVERT, MATTHEW SCOTT","$322,765.00","$322,765.00",19420,1
TX,1,HIDALGO COUNTY,108902,DONNA ISD,TRADITIONAL ISD/CSD,"DOMINGUEZ, ANGELA DENISE","$322,026.00","$322,026.00",12937,1
TX,10,DALLAS COUNTY,57913,LANCASTER ISD,TRADITIONAL ISD/CSD,"PERERA, AGNELLA KATRISE","$321,119.00","$321,119.00",6822,1
TX,12,MCLENNAN COUNTY,161906,LA VEGA ISD,TRADITIONAL ISD/CSD,"SHIELDS, SHARON MARIE","$320,438.00","$320,438.00",3093,1
TX,10,DALLAS COUNTY,57903,CARROLLTON-FARMERS BRANCH ISD,TRADITIONAL ISD/CSD,"ELDREDGE, WENDY PAIGE","$320,353.00","$320,353.00",24165,1
TX,6,MONTGOMERY COUNTY,170906,MAGNOLIA ISD,TRADITIONAL ISD/CSD,"BULLOCK, ROBERT JASON","$320,088.00","$320,088.00",14916,1
TX,19,EL PASO COUNTY,71902,EL PASO ISD,TRADITIONAL ISD/CSD,"SAYAVEDRA, DIANA ISABEL","$320,000.00","$320,000.00",48118,1
TX,10,COLLIN COUNTY,43901,ALLEN ISD,TRADITIONAL ISD/CSD,"BULLOCK, ROBIN NICOLE","$318,341.00","$318,341.00",20838,1
TX,6,WALKER COUNTY,236902,HUNTSVILLE ISD,TRADITIONAL ISD/CSD,"SHEPPARD, LARRY SCOTT","$318,140.00","$318,140.00",10960,1
TX,10,DALLAS COUNTY,57910,GRAND PRAIRIE ISD,TRADITIONAL ISD/CSD,"ARREDONDO, JORGE LUIS","$317,000.00","$317,000.00",26129,1
TX,20,BEXAR COUNTY,15911,EAST CENTRAL ISD,TRADITIONAL ISD/CSD,"TOSCANO, ROLANDO","$316,181.00","$316,181.00",11497,1
TX,4,HARRIS COUNTY,101903,ALIEF ISD,TRADITIONAL ISD/CSD,"MAYS, ANTHONY TYWAUN","$314,150.00","$314,150.00",38610,1
TX,19,EL PASO COUNTY,71901,CLINT ISD,TRADITIONAL ISD/CSD,"MARTINEZ, JUAN I","$312,951.00","$312,951.00",10077,1
TX,1,HIDALGO COUNTY,108908,MISSION CISD,TRADITIONAL ISD/CSD,"VALDEZ, CRISELDA CANTU","$301,696.00","$311,702.00",13765,0.97
TX,11,PARKER COUNTY,184907,ALEDO ISD,TRADITIONAL ISD/CSD,"BOHN, SUSAN KOLAR","$311,291.00","$311,291.00",8430,1
TX,1,HIDALGO COUNTY,108909,PHARR-SAN JUAN-ALAMO ISD,TRADITIONAL ISD/CSD,"ELIAS, ALEJANDRO R","$310,000.00","$310,000.00",29613,1
TX,11,DENTON COUNTY,61912,LAKE DALLAS ISD,TRADITIONAL ISD/CSD,"BROWN, KRISTIN NICOLE","$309,427.00","$309,427.00",3717,1
TX,20,BEXAR COUNTY,15910,NORTH EAST ISD,TRADITIONAL ISD/CSD,"MAIKA, SEAN A","$309,186.00","$309,186.00",56420,1
TX,10,COLLIN COUNTY,43914,WYLIE ISD,TRADITIONAL ISD/CSD,"VINSON, DAVID L","$309,090.00","$309,090.00",19401,1
TX,4,HARRIS COUNTY,101925,HUFFMAN ISD,TRADITIONAL ISD/CSD,"SOILEAU, CHRISTOPHER BENTON","$308,682.00","$308,682.00",3646,1
TX,20,MAVERICK COUNTY,159901,EAGLE PASS ISD,TRADITIONAL ISD/CSD,"MIJARES, SAMUEL","$307,484.00","$307,484.00",13820,1
TX,10,COLLIN COUNTY,43907,MCKINNEY ISD,TRADITIONAL ISD/CSD,"PRATT, SHAWN CHRISTOPHER","$305,000.00","$305,000.00",23296,1
TX,11,TARRANT COUNTY,220916,HURST-EULESS-BEDFORD ISD,TRADITIONAL ISD/CSD,"HARRINGTON, JOSEPH D","$302,940.00","$302,940.00",23262,1
TX,16,POTTER COUNTY,188901,AMARILLO ISD,TRADITIONAL ISD/CSD,"LOOMIS, DOUGLAS D","$161,782.00","$300,654.00",29321,0.54
TX,13,BASTROP COUNTY,11901,BASTROP ISD,TRADITIONAL ISD/CSD,"EDWARDS, BARRON ARMSTRONG","$300,506.00","$300,506.00",13370,1
TX,14,TAYLOR COUNTY,221901,ABILENE ISD,TRADITIONAL ISD/CSD,"KUHN, JOHN","$300,000.00","$300,000.00",14536,1
TX,1,HIDALGO COUNTY,108906,MCALLEN ISD,TRADITIONAL ISD/CSD,"GUTIERREZ, RENE","$300,000.00","$300,000.00",19890,1
TX,13,TRAVIS COUNTY,227909,EANES ISD,TRADITIONAL ISD/CSD,"ARNETT, JEFFREY S","$299,880.00","$299,880.00",7604,1
TX,11,DENTON COUNTY,61901,DENTON ISD,TRADITIONAL ISD/CSD,"O'BARA, SUSANNAH HOLBERT","$299,869.00","$299,869.00",33329,1
TX,10,DALLAS COUNTY,57904,CEDAR HILL ISD,TRADITIONAL ISD/CSD,"HUDSON, GERALD BENARD","$298,700.00","$298,700.00",6253,1
TX,20,KERR COUNTY,133903,KERRVILLE ISD,TRADITIONAL ISD/CSD,"RINGO, BRENT J","$298,336.00","$298,336.00",4600,1
TX,4,HARRIS COUNTY,101919,SPRING ISD,TRADITIONAL ISD/CSD,"HINOJOSA, LUPITA","$295,800.00","$295,800.00",33590,1
TX,11,DENTON COUNTY,61910,ARGYLE ISD,TRADITIONAL ISD/CSD,"CARPENTER, COURTNEY CH'NAE","$295,500.00","$295,500.00",6166,1
TX,10,ROCKWALL COUNTY,199901,ROCKWALL ISD,TRADITIONAL ISD/CSD,"VILLARREAL, JOHN E","$293,760.00","$293,760.00",19235,1
TX,10,KAUFMAN COUNTY,129906,TERRELL ISD,TRADITIONAL ISD/CSD,"WARNOCK, TERESA GEORGEANNE","$293,480.00","$293,480.00",5283,1
TX,17,LUBBOCK COUNTY,152901,LUBBOCK ISD,TRADITIONAL ISD/CSD,"ROLLO, KATHRYN RENE","$292,850.00","$292,850.00",24133,1
TX,5,CHAMBERS COUNTY,36903,EAST CHAMBERS ISD,TRADITIONAL ISD/CSD,"CAMPBELL, JEFFERY SCOTT","$291,911.00","$291,911.00",1562,1
TX,4,HARRIS COUNTY,101908,DEER PARK ISD,TRADITIONAL ISD/CSD,"HARRELL, STEPHEN DAVID","$290,000.00","$290,000.00",12165,1
TX,11,TARRANT COUNTY,220904,EVERMAN ISD,TRADITIONAL ISD/CSD,"DONALDSON, FELICIA TWALON","$290,000.00","$290,000.00",5018,1
TX,1,WEBB COUNTY,240903,UNITED ISD,TRADITIONAL ISD/CSD,"CRUZ, GERARDO G","$289,965.00","$289,965.00",40742,1
TX,10,DALLAS COUNTY,57922,COPPELL ISD,TRADITIONAL ISD/CSD,"HUNT, BRADLEY A","$289,764.00","$289,764.00",13233,1
TX,6,MONTGOMERY COUNTY,170907,SPLENDORA ISD,TRADITIONAL ISD/CSD,"BURKE, JEFFREY SLADE","$288,798.00","$288,798.00",5687,1
TX,20,GUADALUPE COUNTY,94901,SEGUIN ISD,TRADITIONAL ISD/CSD,"VIJIL, VERONICA","$287,047.00","$287,047.00",7290,1
TX,6,BRAZOS COUNTY,21901,COLLEGE STATION ISD,TRADITIONAL ISD/CSD,"HARKRIDER, TIM","$285,926.00","$285,926.00",14314,1
TX,20,GUADALUPE COUNTY,94902,SCHERTZ-CIBOLO-U CITY ISD,TRADITIONAL ISD/CSD,"MELONI, PAIGE ANNETTE","$285,850.00","$285,850.00",14947,1
TX,10,KAUFMAN COUNTY,129905,MABANK ISD,TRADITIONAL ISD/CSD,"MARSHALL, RUSSELL DEAN","$285,000.00","$285,000.00",4118,1
TX,10,COLLIN COUNTY,43908,MELISSA ISD,TRADITIONAL ISD/CSD,"MURPHY, KEITH E","$285,000.00","$285,000.00",7735,1
TX,20,BEXAR COUNTY,15904,HARLANDALE ISD,TRADITIONAL ISD/CSD,"SOTO, GERARDO","$283,749.00","$283,749.00",11546,1
TX,18,PECOS COUNTY,186902,FORT STOCKTON ISD,TRADITIONAL ISD/CSD,"ZAMORA, GABRIEL","$283,550.00","$283,550.00",13480,1
TX,11,TARRANT COUNTY,220915,AZLE ISD,TRADITIONAL ISD/CSD,"SMITH, TODD A","$283,250.00","$283,250.00",7304,1
TX,12,BELL COUNTY,14909,TEMPLE ISD,TRADITIONAL ISD/CSD,"OTT, ROBERT C","$282,800.00","$282,800.00",8764,1
TX,11,DENTON COUNTY,61914,LITTLE ELM ISD,TRADITIONAL ISD/CSD,"LAMB, MICHAEL SCOTT","$282,015.00","$282,015.00",8036,1
TX,7,SMITH COUNTY,212903,LINDALE ISD,TRADITIONAL ISD/CSD,"SURRATT, STAN M","$281,943.00","$281,943.00",4606,1
TX,20,BEXAR COUNTY,15908,SOUTH SAN ANTONIO ISD,TRADITIONAL ISD/CSD,"YZAGUIRRE, HENRY","$280,800.00","$280,800.00",7468,1
TX,4,BRAZORIA COUNTY,20908,PEARLAND ISD,TRADITIONAL ISD/CSD,"BERGER, LARRY R","$280,000.00","$280,000.00",20862,1
TX,20,BEXAR COUNTY,15912,SOUTHWEST ISD,TRADITIONAL ISD/CSD,"BALL, JEANETTE","$278,730.00","$278,730.00",14833,1
TX,20,BEXAR COUNTY,15917,SOUTHSIDE ISD,TRADITIONAL ISD/CSD,"RAMIREZ, ROLANDO M","$278,204.00","$278,204.00",6091,1
TX,1,CAMERON COUNTY,31916,SOUTH TEXAS ISD,TRADITIONAL ISD/CSD,"LARA, MARCO ANTONIO","$278,200.00","$278,200.00",4639,1
TX,11,TARRANT COUNTY,220920,WHITE SETTLEMENT ISD,TRADITIONAL ISD/CSD,"MOLINAR, FRANK","$275,862.00","$275,862.00",6831,1
TX,10,COLLIN COUNTY,43918,COMMUNITY ISD,TRADITIONAL ISD/CSD,"KNOWLTON, TONYA KAY","$275,783.00","$275,783.00",5271,1
TX,9,WICHITA COUNTY,243905,WICHITA FALLS ISD,TRADITIONAL ISD/CSD,"LEE, DONALD RAY","$275,742.00","$275,742.00",12644,1
TX,11,TARRANT COUNTY,220907,KELLER ISD,TRADITIONAL ISD/CSD,"JOHNSON, TRACY LOU","$275,000.00","$275,000.00",32042,1
TX,1,WEBB COUNTY,240901,LAREDO ISD,TRADITIONAL ISD/CSD,"RIOS, SYLVIA G","$275,000.00","$275,000.00",20271,1
TX,7,GREGG COUNTY,92903,LONGVIEW ISD,TRADITIONAL ISD/CSD,"SHEPPARD, MARLA J","$275,000.00","$275,000.00",8138,1
TX,4,HARRIS COUNTY,101905,CHANNELVIEW ISD,TRADITIONAL ISD/CSD,"HILL, TORY C","$274,431.00","$274,431.00",9335,1
TX,10,ELLIS COUNTY,70911,RED OAK ISD,TRADITIONAL ISD/CSD,"SANFORD, BRENDA SUE","$272,250.00","$272,250.00",6696,1
TX,11,TARRANT COUNTY,220905,FORT WORTH ISD,TRADITIONAL ISD/CSD,"MOLINAR, KAREN C","$270,066.00","$270,066.00",70405,1
TX,13,CALDWELL COUNTY,28902,LOCKHART ISD,TRADITIONAL ISD/CSD,"ESTRADA, MARGARITO","$269,273.00","$269,273.00",6753,1
TX,8,BOWIE COUNTY,19907,TEXARKANA ISD,TRADITIONAL ISD/CSD,"BRUBAKER, DOUGLAS DANIEL","$268,510.00","$268,510.00",7269,1
TX,12,MCLENNAN COUNTY,161903,MIDWAY ISD,TRADITIONAL ISD/CSD,"ALLEN, CHRISTOPHER S","$267,650.00","$267,650.00",8824,1
TX,13,HAYS COUNTY,105902,SAN MARCOS CISD,TRADITIONAL ISD/CSD,"CARDONA, MICHAEL A","$267,344.00","$267,344.00",8222,1
TX,5,JEFFERSON COUNTY,123910,BEAUMONT ISD,TRADITIONAL ISD/CSD,"ALLEN, SHANNON D","$266,702.00","$266,702.00",16336,1
TX,15,TOM GREEN COUNTY,226901,CHRISTOVAL ISD,TRADITIONAL ISD/CSD,"ASKINS, CLINTON CHARLES","$265,226.00","$265,226.00",617,1
TX,13,WILLIAMSON COUNTY,246908,LIBERTY HILL ISD,TRADITIONAL ISD/CSD,"SNELL, STEVEN E","$265,210.00","$265,210.00",9836,1
TX,4,LIBERTY COUNTY,146901,CLEVELAND ISD,TRADITIONAL ISD/CSD,"MCCANLESS, STEPHEN W","$265,000.00","$265,000.00",12513,1
TX,2,SAN PATRICIO COUNTY,205902,GREGORY-PORTLAND ISD,TRADITIONAL ISD/CSD,"CAVAZOS, MICHELLE MARIE","$265,000.00","$265,000.00",5024,1
TX,20,BEXAR COUNTY,15916,JUDSON ISD,TRADITIONAL ISD/CSD,"FIELDS, MILTON","$265,000.00","$265,000.00",23539,1
TX,20,COMAL COUNTY,46901,NEW BRAUNFELS ISD,TRADITIONAL ISD/CSD,"ARTERBURY, LAURELYN HUNTER","$264,971.00","$264,971.00",9893,1
TX,1,WILLACY COUNTY,245903,RAYMONDVILLE ISD,TRADITIONAL ISD/CSD,"ROANE, STETSON EUGENE","$264,960.00","$264,960.00",1963,1
TX,11,TARRANT COUNTY,220919,CARROLL ISD,TRADITIONAL ISD/CSD,"GLENN, JEREMY","$258,850.00","$264,511.00",8105,0.98
TX,12,BELL COUNTY,14903,BELTON ISD,TRADITIONAL ISD/CSD,"GOLDEN, MALINDA ANN","$262,640.00","$262,640.00",13697,1
TX,10,COLLIN COUNTY,43904,FARMERSVILLE ISD,TRADITIONAL ISD/CSD,"FRENCH, MICHEAL LEON","$262,500.00","$262,500.00",2397,1
TX,13,HAYS COUNTY,105904,DRIPPING SPRINGS ISD,TRADITIONAL ISD/CSD,"MORRIS-KUENTZ, HOLLY ELIZABETH","$262,444.00","$262,444.00",8712,1
TX,16,RANDALL COUNTY,191901,CANYON ISD,TRADITIONAL ISD/CSD,"FLUSCHE, DARRYL GLEN","$262,388.00","$262,388.00",11565,1
TX,17,LUBBOCK COUNTY,152907,FRENSHIP ISD,TRADITIONAL ISD/CSD,"MCCORD, JERRI M","$261,954.00","$261,954.00",11770,1
TX,4,FORT BEND COUNTY,79906,NEEDVILLE ISD,TRADITIONAL ISD/CSD,"RHODES, CURTIS WAYNE","$261,283.00","$261,283.00",3650,1
TX,4,HARRIS COUNTY,101924,SHELDON ISD,TRADITIONAL ISD/CSD,"MCCALL, DEMETRIUS","$260,000.00","$260,000.00",10946,1
TX,12,FALLS COUNTY,73903,MARLIN ISD,TRADITIONAL ISD/CSD,"HENSON, DARRYL JAROD","$258,500.00","$258,500.00",843,1
TX,6,BRAZOS COUNTY,21902,BRYAN ISD,TRADITIONAL ISD/CSD,"CARRABINE, GINGER A","$257,482.00","$257,482.00",16044,1
TX,4,GALVESTON COUNTY,84901,DICKINSON ISD,TRADITIONAL ISD/CSD,"BROWN, REBECCA HOA-DUONG","$255,001.00","$255,001.00",12554,1
TX,10,ELLIS COUNTY,70903,ENNIS ISD,TRADITIONAL ISD/CSD,"TULLOS, JAY H","$255,000.00","$255,000.00",6646,1
TX,10,HUNT COUNTY,116901,CADDO MILLS ISD,TRADITIONAL ISD/CSD,"ALLISON, HARRY L","$254,576.00","$254,576.00",3073,1
TX,10,ELLIS COUNTY,70905,FERRIS ISD,TRADITIONAL ISD/CSD,"MADRIGAL, HECTOR","$253,836.00","$253,836.00",3010,1
TX,11,JOHNSON COUNTY,126911,GODLEY ISD,TRADITIONAL ISD/CSD,"DEAR, CHRISTOPHER RICH","$253,448.00","$253,448.00",3195,1
TX,13,WILLIAMSON COUNTY,246904,GEORGETOWN ISD,TRADITIONAL ISD/CSD,"PADAVIL, DEVIN C","$251,659.00","$251,659.00",13881,1
TX,18,ANDREWS COUNTY,2901,ANDREWS ISD,TRADITIONAL ISD/CSD,"AZAM, JOHN ROBERT","$250,048.00","$250,048.00",4209,1
TX,13,TRAVIS COUNTY,227907,MANOR ISD,TRADITIONAL ISD/CSD,"SORMANI, ROBERT E","$250,000.00","$250,000.00",9961,1
TX,20,MEDINA COUNTY,163908,MEDINA VALLEY ISD,TRADITIONAL ISD/CSD,"CALOSS, SCOTT","$250,000.00","$250,000.00",9638,1
TX,10,KAUFMAN COUNTY,129901,CRANDALL ISD,TRADITIONAL ISD/CSD,"MURRY, ANJANETTE","$249,999.00","$249,999.00",6922,1
TX,5,JEFFERSON COUNTY,123907,PORT ARTHUR ISD,TRADITIONAL ISD/CSD,"PORTERIE, MARK L","$249,738.00","$249,738.00",8041,1
TX,17,GAINES COUNTY,83903,SEMINOLE ISD,TRADITIONAL ISD/CSD,"LYNCH, STEVEN KYLE","$249,308.00","$249,308.00",3089,1
TX,10,GRAYSON COUNTY,91908,VAN ALSTYNE ISD,TRADITIONAL ISD/CSD,"BROWN, DAVID LINDSEY","$249,000.00","$249,000.00",2612,1
TX,7,SMITH COUNTY,212906,WHITEHOUSE ISD,TRADITIONAL ISD/CSD,"WHITTLE, CASEY RICHARD","$247,203.00","$247,203.00",4676,1
TX,1,HIDALGO COUNTY,108905,HIDALGO ISD,TRADITIONAL ISD/CSD,"SALINAS, XAVIER","$247,047.00","$247,047.00",2918,1
TX,10,DALLAS COUNTY,57906,DESOTO ISD,TRADITIONAL ISD/CSD,"MUHAMMAD RODGERS, USAMAH K","$245,000.00","$245,000.00",5708,1
TX,10,ELLIS COUNTY,70908,MIDLOTHIAN ISD,TRADITIONAL ISD/CSD,"BELDING, DAVID B","$245,000.00","$245,000.00",11356,1
TX,10,HUNT COUNTY,116908,QUINLAN ISD,TRADITIONAL ISD/CSD,"IRVIN, JEFFERY SCOTT","$244,379.00","$244,379.00",2936,1
TX,13,TRAVIS COUNTY,227910,DEL VALLE ISD,TRADITIONAL ISD/CSD,"GUTIERREZ, MATTHEW AARON","$208,848.00","$244,095.00",11715,0.86
TX,6,MONTGOMERY COUNTY,170904,WILLIS ISD,TRADITIONAL ISD/CSD,"JAMES, KIMBERLEY DONALDSON","$243,906.00","$243,906.00",9313,1
TX,11,COOKE COUNTY,49901,GAINESVILLE ISD,TRADITIONAL ISD/CSD,"STEWART, DESMONTES","$243,264.00","$243,264.00",3111,1
TX,4,GALVESTON COUNTY,84906,TEXAS CITY ISD,TRADITIONAL ISD/CSD,"MACHESKA-DUARTE, MELISSA C","$243,110.00","$243,110.00",7711,1
TX,2,NUECES COUNTY,178914,FLOUR BLUFF ISD,TRADITIONAL ISD/CSD,"STEINBRUCK, CHRISTOPHER RUSSELL","$242,872.00","$242,872.00",5559,1
TX,10,ROCKWALL COUNTY,199902,ROYSE CITY ISD,TRADITIONAL ISD/CSD,"ANDERSON, AMY RUTH","$242,500.00","$242,500.00",10034,1
TX,7,SMITH COUNTY,212909,CHAPEL HILL ISD,TRADITIONAL ISD/CSD,"DEAN, DEAVERON LAMOND","$242,401.00","$242,401.00",3072,1
TX,7,PANOLA COUNTY,183902,CARTHAGE ISD,TRADITIONAL ISD/CSD,"BITTER, MICHAEL JARROD","$242,330.00","$242,330.00",2637,1
TX,7,HARRISON COUNTY,102902,MARSHALL ISD,TRADITIONAL ISD/CSD,"LANGLEY, RICHELE","$240,000.00","$240,000.00",4957,1
TX,7,NACOGDOCHES COUNTY,174904,NACOGDOCHES ISD,TRADITIONAL ISD/CSD,"TRUJILLO, GABRIEL ALEX","$239,580.00","$239,580.00",5766,1
TX,20,BEXAR COUNTY,15906,RANDOLPH FIELD ISD,TRADITIONAL ISD/CSD,"HOLT, BRIAN LOFTIN","$238,760.00","$238,760.00",1427,1
TX,10,KAUFMAN COUNTY,129903,KAUFMAN ISD,TRADITIONAL ISD/CSD,"GARCIA, JOSHUA","$238,500.00","$238,500.00",4356,1
TX,10,COLLIN COUNTY,43902,ANNA ISD,TRADITIONAL ISD/CSD,"COMEAUX, MICHAEL SHANE","$237,902.00","$237,902.00",6038,1
TX,7,ANGELINA COUNTY,3903,LUFKIN ISD,TRADITIONAL ISD/CSD,"HOCKENBERRY, JAMES E","$237,895.00","$237,895.00",6865,1
TX,2,JIM WELLS COUNTY,125901,ALICE ISD,TRADITIONAL ISD/CSD,"TREVINO, ANYSIA ROXANA","$237,000.00","$237,000.00",4297,1
TX,1,HIDALGO COUNTY,108903,EDCOUCH-ELSA ISD,TRADITIONAL ISD/CSD,"BENAVIDES, ALDA T","$235,000.00","$235,000.00",4349,1
TX,15,VAL VERDE COUNTY,233901,SAN FELIPE-DEL RIO CISD,TRADITIONAL ISD/CSD,"RIOS, CARLOS HUMBERTO","$233,036.00","$233,036.00",9767,1
TX,7,HENDERSON COUNTY,107904,CROSS ROADS ISD,TRADITIONAL ISD/CSD,"TEDDER, RICHARD ALLAN","$116,395.00","$232,790.00",558,0.5
TX,4,HARRIS COUNTY,101906,CROSBY ISD,TRADITIONAL ISD/CSD,"PATTERSON, PAULA NANETTE","$231,767.00","$231,767.00",7046,1
TX,20,KENDALL COUNTY,130901,BOERNE ISD,TRADITIONAL ISD/CSD,"CRAFT, KRISTIN FOX","$230,735.00","$230,735.00",11101,1
TX,7,GREGG COUNTY,92904,PINE TREE ISD,TRADITIONAL ISD/CSD,"CLUGSTON, STEVEN WAYNE","$230,000.00","$230,000.00",4439,1
TX,1,HIDALGO COUNTY,108911,SHARYLAND ISD,TRADITIONAL ISD/CSD,"HOWARD, ELAINE RENEA","$230,000.00","$230,000.00",9844,1
TX,4,GALVESTON COUNTY,84902,GALVESTON ISD,TRADITIONAL ISD/CSD,"NEIGHBORS, MATTHEW WAYNE","$229,745.00","$229,745.00",6383,1
TX,7,VAN ZANDT COUNTY,234906,VAN ISD,TRADITIONAL ISD/CSD,"DUNN, DONALD L","$229,524.00","$229,524.00",2358,1
TX,6,WALKER COUNTY,236901,NEW WAVERLY ISD,TRADITIONAL ISD/CSD,"HAIL, DAROL W","$229,151.00","$229,151.00",1074,1
TX,13,GILLESPIE COUNTY,86901,FREDERICKSBURG ISD,TRADITIONAL ISD/CSD,"RODRIGUEZ, JOSE ANGEL","$228,817.00","$228,817.00",3030,1
TX,5,JEFFERSON COUNTY,123908,PORT NECHES-GROVES ISD,TRADITIONAL ISD/CSD,"GONZALES, MIKE","$228,608.00","$228,608.00",5349,1
TX,6,GRIMES COUNTY,93904,NAVASOTA ISD,TRADITIONAL ISD/CSD,"MUSICK, STUART A","$228,483.00","$228,483.00",3117,1
TX,4,GALVESTON COUNTY,84911,FRIENDSWOOD ISD,TRADITIONAL ISD/CSD,"ROHER, THAD","$228,360.00","$228,360.00",6194,1
TX,13,BURNET COUNTY,27904,MARBLE FALLS ISD,TRADITIONAL ISD/CSD,"GASAWAY, JEFFREY L","$228,321.00","$228,321.00",4001,1
TX,11,TARRANT COUNTY,220910,LAKE WORTH ISD,TRADITIONAL ISD/CSD,"HARGETT-NESHYBA, ROSE MARY","$227,502.00","$227,502.00",3249,1
TX,7,UPSHUR COUNTY,230902,GILMER ISD,TRADITIONAL ISD/CSD,"ALBRITTON, RICKEY D","$226,472.00","$226,472.00",2946,1
TX,4,GALVESTON COUNTY,84908,HITCHCOCK ISD,TRADITIONAL ISD/CSD,"EDWARDS, TRAVIS WAYNE","$225,750.00","$225,750.00",2012,1
TX,13,WILLIAMSON COUNTY,246907,JARRELL ISD,TRADITIONAL ISD/CSD,"HICKS, TONI MARIE","$225,333.00","$225,333.00",4157,1
TX,8,TITUS COUNTY,225902,MOUNT PLEASANT ISD,TRADITIONAL ISD/CSD,"MARSHALL, JUDD H","$225,000.00","$225,000.00",5153,1
TX,20,BEXAR COUNTY,15909,SOMERSET ISD,TRADITIONAL ISD/CSD,"MORENO, JOSE HUMBERTO","$225,000.00","$225,000.00",4259,1
TX,1,STARR COUNTY,214903,ROMA ISD,TRADITIONAL ISD/CSD,"GONZALEZ, CARLOS M","$224,643.00","$224,643.00",6019,1
TX,12,FREESTONE COUNTY,81906,DEW ISD,TRADITIONAL ISD/CSD,"REYNOLDS, RICHARD KENT","$60,000.00","$224,467.00",171,0.27
TX,12,LAMPASAS COUNTY,141901,LAMPASAS ISD,TRADITIONAL ISD/CSD,"RASCOE, CHANE DOUGLAS","$224,000.00","$224,000.00",3640,1
TX,6,POLK COUNTY,187907,LIVINGSTON ISD,TRADITIONAL ISD/CSD,"HAWKINS, BRENT EDWARD","$222,791.00","$222,791.00",4016,1
TX,10,COLLIN COUNTY,43911,PRINCETON ISD,TRADITIONAL ISD/CSD,"MCINTYRE, DONALD DEWAYNE","$222,151.00","$222,151.00",9956,1
TX,7,ANGELINA COUNTY,3902,HUDSON ISD,TRADITIONAL ISD/CSD,"WEBB, DONALD GLEN","$220,139.00","$220,139.00",2777,1
TX,10,COLLIN COUNTY,43919,LOVEJOY ISD,TRADITIONAL ISD/CSD,"KORDEL, KATIE M","$220,000.00","$220,000.00",4019,1
TX,10,GRAYSON COUNTY,91903,DENISON ISD,TRADITIONAL ISD/CSD,"KIRKBRIDE, DAVID","$219,980.00","$219,980.00",4977,1
TX,10,GRAYSON COUNTY,91906,SHERMAN ISD,TRADITIONAL ISD/CSD,"O'NEAL, THOMAS EDWARD","$219,292.00","$219,292.00",7788,1
TX,7,CHEROKEE COUNTY,37904,JACKSONVILLE ISD,TRADITIONAL ISD/CSD,"STEWART, BRADLEY NOLAN","$218,588.00","$218,588.00",4700,1
TX,11,DENTON COUNTY,61908,SANGER ISD,TRADITIONAL ISD/CSD,"HUNTER, THOMAS E","$218,160.00","$218,160.00",2880,1
TX,16,MOORE COUNTY,171901,DUMAS ISD,TRADITIONAL ISD/CSD,"HYSINGER, MONTY JACK","$217,559.00","$217,559.00",4381,1
TX,10,DALLAS COUNTY,57910,GRAND PRAIRIE ISD,TRADITIONAL ISD/CSD,"RAY, TRACY C","$216,503.00","$216,503.00",26129,1
TX,2,BEE COUNTY,13901,BEEVILLE ISD,TRADITIONAL ISD/CSD,"FANNING, TRAVIS J","$216,360.00","$216,360.00",3033,1
TX,20,BEXAR COUNTY,15913,LACKLAND ISD,TRADITIONAL ISD/CSD,"ROPER, BURNIE LOUIS","$216,320.00","$216,320.00",1010,1
TX,7,RUSK COUNTY,201902,HENDERSON ISD,TRADITIONAL ISD/CSD,"DUNLAP, JAMES E","$216,260.00","$216,260.00",3245,1
TX,11,HOOD COUNTY,111901,GRANBURY ISD,TRADITIONAL ISD/CSD,"DIXON, JOSEPHINE ANN","$99,017.00","$215,301.00",7962,0.46
TX,20,BEXAR COUNTY,15914,FT SAM HOUSTON ISD,TRADITIONAL ISD/CSD,"BATES, GARY D","$215,000.00","$215,000.00",1617,1
TX,11,PALO PINTO COUNTY,182903,MINERAL WELLS ISD,TRADITIONAL ISD/CSD,"TARVER, DAVID PAUL","$215,000.00","$215,000.00",3303,1
TX,18,REEVES COUNTY,195901,PECOS-BARSTOW-TOYAH ISD,TRADITIONAL ISD/CSD,"JACO, BRENT HOLLAND","$214,225.00","$214,225.00",2919,1
TX,12,MCLENNAN COUNTY,161922,ROBINSON ISD,TRADITIONAL ISD/CSD,"HOPE, MICHAEL W","$213,397.00","$213,397.00",2378,1
TX,10,ELLIS COUNTY,70910,PALMER ISD,TRADITIONAL ISD/CSD,"NOACK, KEVIN L","$212,899.00","$212,899.00",1352,1
TX,7,HARRISON COUNTY,102904,HALLSVILLE ISD,TRADITIONAL ISD/CSD,"MARTIN, JOHN LEWIS","$212,100.00","$212,100.00",24602,1
TX,5,ORANGE COUNTY,181906,WEST ORANGE-COVE CISD,TRADITIONAL ISD/CSD,"HARRIS, RICKIE R","$211,548.00","$211,548.00",2592,1
TX,15,BROWN COUNTY,25902,BROWNWOOD ISD,TRADITIONAL ISD/CSD,"YOUNG, JOE FRED","$211,150.00","$211,150.00",3393,1
TX,13,WILLIAMSON COUNTY,246906,HUTTO ISD,TRADITIONAL ISD/CSD,"NEATHERLIN, JENIFER L","$210,933.00","$210,933.00",10688,1
TX,11,DENTON COUNTY,61905,KRUM ISD,TRADITIONAL ISD/CSD,"COCHRAN, JASON NEIL","$210,125.00","$210,125.00",2542,1
TX,18,MIDLAND COUNTY,165902,GREENWOOD ISD,TRADITIONAL ISD/CSD,"ELLIOTT, EDWARD ARIEL","$210,026.00","$210,026.00",3373,1
TX,5,ORANGE COUNTY,181901,BRIDGE CITY ISD,TRADITIONAL ISD/CSD,"KELLY, MICHAEL ANTHONY","$210,000.00","$210,000.00",3157,1
TX,11,JOHNSON COUNTY,126903,CLEBURNE ISD,TRADITIONAL ISD/CSD,"KIRKPATRICK, COBY","$210,000.00","$210,000.00",6877,1
TX,4,BRAZORIA COUNTY,20907,COLUMBIA-BRAZORIA ISD,TRADITIONAL ISD/CSD,"GALLOWAY, STEVEN S","$209,858.00","$209,858.00",2871,1
TX,11,TARRANT COUNTY,220917,CASTLEBERRY ISD,TRADITIONAL ISD/CSD,"SMITH, ANGELA RENEE","$209,242.00","$209,242.00",3851,1
TX,17,HALE COUNTY,95905,PLAINVIEW ISD,TRADITIONAL ISD/CSD,"SANCHEZ, HELIODORO T","$209,167.00","$209,167.00",4077,1
TX,6,SAN JACINTO COUNTY,204904,SHEPHERD ISD,TRADITIONAL ISD/CSD,"HEWITT, JASON MICHAEL","$208,606.00","$208,606.00",1968,1
TX,18,HOWARD COUNTY,114901,BIG SPRING ISD,TRADITIONAL ISD/CSD,"MCWILLIAMS, JAY ELLIOT","$208,000.00","$208,000.00",3376,1
TX,17,TERRY COUNTY,223901,BROWNFIELD ISD,TRADITIONAL ISD/CSD,"SMITH, CHRISTOPHER JAY","$208,000.00","$208,000.00",1608,1
TX,4,LIBERTY COUNTY,146902,DAYTON ISD,TRADITIONAL ISD/CSD,"JOHNSON, JESSICA ALLENE","$208,000.00","$208,000.00",5675,1
TX,11,JOHNSON COUNTY,126905,JOSHUA ISD,TRADITIONAL ISD/CSD,"HICKERSON, COREY NATHAN","$208,000.00","$208,000.00",6026,1
TX,9,WICHITA COUNTY,243901,BURKBURNETT ISD,TRADITIONAL ISD/CSD,"OWEN, GARY B","$207,753.00","$207,753.00",3213,1
TX,11,ERATH COUNTY,72903,STEPHENVILLE ISD,TRADITIONAL ISD/CSD,"CEDERSTROM, ERIC JOHN","$207,480.00","$207,480.00",3578,1
TX,19,EL PASO COUNTY,71907,CANUTILLO ISD,TRADITIONAL ISD/CSD,"GALAVIZ, PEDRO","$207,285.00","$207,285.00",5747,1
TX,7,NACOGDOCHES COUNTY,174902,CUSHING ISD,TRADITIONAL ISD/CSD,"ENOS, BRANDON TROY","$60,910.00","$207,106.00",558,0.29
TX,7,RUSK COUNTY,201910,TATUM ISD,TRADITIONAL ISD/CSD,"RICHARDSON, JERRY","$206,268.00","$206,268.00",1392,1
TX,20,UVALDE COUNTY,232903,UVALDE CISD,TRADITIONAL ISD/CSD,"CHOHLIS, ASHLEY REBECCA GUNN","$206,120.00","$206,120.00",4019,1
TX,12,BOSQUE COUNTY,18908,CRANFILLS GAP ISD,TRADITIONAL ISD/CSD,"PARCHMAN, MONTI M","$102,960.00","$205,920.00",116,0.5
TX,10,DALLAS COUNTY,57919,SUNNYVALE ISD,TRADITIONAL ISD/CSD,"KIMBALL, MATTHEW HAYS","$205,500.00","$205,500.00",2306,1
TX,13,TRAVIS COUNTY,227912,LAGO VISTA ISD,TRADITIONAL ISD/CSD,"WEBB, DARREN LOMAX","$204,364.00","$204,364.00",1887,1
TX,13,TRAVIS COUNTY,227910,DEL VALLE ISD,TRADITIONAL ISD/CSD,"TIELLE, ANNETTE MARIA","$120,189.00","$204,334.00",11715,0.59
TX,10,HUNT COUNTY,116905,GREENVILLE ISD,TRADITIONAL ISD/CSD,"LOPEZ, JOSE RAFAEL","$203,600.00","$203,600.00",5583,1
TX,2,KLEBERG COUNTY,137901,KINGSVILLE ISD,TRADITIONAL ISD/CSD,"PEREZ, CECILIA R","$202,077.00","$202,077.00",2534,1
TX,13,BASTROP COUNTY,11902,ELGIN ISD,TRADITIONAL ISD/CSD,"RUETER, JANA GRAVES","$201,572.00","$201,572.00",5959,1
TX,10,COLLIN COUNTY,43903,CELINA ISD,TRADITIONAL ISD/CSD,"MAGLISCEAU, THOMAS ALBERT","$200,976.00","$200,976.00",5324,1
TX,13,BURNET COUNTY,27903,BURNET CISD,TRADITIONAL ISD/CSD,"PENA, AARON J","$200,000.00","$200,000.00",3209,1
TX,10,VAN ZANDT COUNTY,234902,CANTON ISD,TRADITIONAL ISD/CSD,"NICHOLS, BRIAN ALLAN","$200,000.00","$200,000.00",2309,1
TX,8,BOWIE COUNTY,19912,PLEASANT GROVE ISD,TRADITIONAL ISD/CSD,"PIRTLE, RONALD CHAD","$199,783.00","$199,783.00",2366,1
TX,5,ORANGE COUNTY,181907,VIDOR ISD,TRADITIONAL ISD/CSD,"KILLGO, JAY C","$198,833.00","$198,833.00",4165,1
TX,11,TARRANT COUNTY,220918,EAGLE MT-SAGINAW ISD,TRADITIONAL ISD/CSD,"CHADWELL, JIMMIE F","$198,657.00","$198,657.00",23982,1
TX,13,CALDWELL COUNTY,28903,LULING ISD,TRADITIONAL ISD/CSD,"WARREN, ERIN LEONA","$198,600.00","$198,600.00",1443,1
TX,3,CALHOUN COUNTY,29901,CALHOUN COUNTY ISD,TRADITIONAL ISD/CSD,"CARDWELL, EVAN W","$198,450.00","$198,450.00",3514,1
TX,9,YOUNG COUNTY,252901,GRAHAM ISD,TRADITIONAL ISD/CSD,"CRUSE, SONNY G","$196,632.00","$196,632.00",2148,1
TX,14,SCURRY COUNTY,208902,SNYDER ISD,TRADITIONAL ISD/CSD,"RAUCH, ROBERT JOSEPH","$196,267.00","$196,267.00",2317,1
TX,12,NAVARRO COUNTY,175903,CORSICANA ISD,TRADITIONAL ISD/CSD,"HOWELL, STEPHANIE ANN","$196,000.00","$196,000.00",5998,1
TX,11,PARKER COUNTY,184902,SPRINGTOWN ISD,TRADITIONAL ISD/CSD,"STRICKLAND, ERIC SHANE","$196,000.00","$196,000.00",4188,1
TX,11,TARRANT COUNTY,220914,KENNEDALE ISD,TRADITIONAL ISD/CSD,"GEE, CHAD D","$195,764.00","$195,764.00",2754,1
TX,2,NUECES COUNTY,178912,TULOSO-MIDWAY ISD,TRADITIONAL ISD/CSD,"VANMATRE, STEPHEN BRENT","$195,300.00","$195,300.00",3671,1
TX,1,CAMERON COUNTY,31909,POINT ISABEL ISD,TRADITIONAL ISD/CSD,"ALARCON, THERESA A","$195,000.00","$195,000.00",1786,1
TX,13,WILLIAMSON COUNTY,246911,TAYLOR ISD,TRADITIONAL ISD/CSD,"GARCIA-EDWARDSEN, JENNIFER","$195,000.00","$195,000.00",2930,1
TX,7,HENDERSON COUNTY,107902,BROWNSBORO ISD,TRADITIONAL ISD/CSD,"HAMPTON, KERI NICOLE","$194,951.00","$194,951.00",2560,1
TX,5,ORANGE COUNTY,181908,LITTLE CYPRESS-MAURICEVILLE CISD,TRADITIONAL ISD/CSD,"BRISTER, STACEY S","$194,915.00","$194,915.00",3320,1
TX,20,KERR COUNTY,133904,INGRAM ISD,TRADITIONAL ISD/CSD,"TEMPLETON, BOBBY MADISON","$194,511.00","$194,511.00",1351,1
TX,12,FREESTONE COUNTY,81904,TEAGUE ISD,TRADITIONAL ISD/CSD,"SKINNER, CHRISTOPHER P","$194,044.00","$194,044.00",1212,1
TX,13,LLANO COUNTY,150901,LLANO ISD,TRADITIONAL ISD/CSD,"EDWARDS, LINDSAY MCHAN","$193,723.00","$193,723.00",1968,1
TX,7,SMITH COUNTY,212902,BULLARD ISD,TRADITIONAL ISD/CSD,"LEE, JACK D","$193,600.00","$193,600.00",2921,1
TX,2,NUECES COUNTY,178902,BISHOP CISD,TRADITIONAL ISD/CSD,"GUTIERREZ, CHRISTINA ISABEL","$193,475.00","$193,475.00",1463,1
TX,7,GREGG COUNTY,92902,KILGORE ISD,TRADITIONAL ISD/CSD,"BAKER, EMMETT A","$193,386.00","$193,386.00",3660,1
TX,3,WHARTON COUNTY,241903,EL CAMPO ISD,TRADITIONAL ISD/CSD,"CALLAGHAN, ROBERT PAUL","$193,085.00","$193,085.00",3279,1
TX,17,BAILEY COUNTY,9901,MULESHOE ISD,TRADITIONAL ISD/CSD,"RICHARDS, RICHE LEE","$191,945.00","$191,945.00",1330,1
TX,17,HOCKLEY COUNTY,110902,LEVELLAND ISD,TRADITIONAL ISD/CSD,"MCCUTCHEN, REBECCA NELL","$191,827.00","$191,827.00",2575,1
TX,18,HOWARD COUNTY,114902,COAHOMA ISD,TRADITIONAL ISD/CSD,"COX, BRAD W","$191,779.00","$191,779.00",1084,1
TX,5,JEFFERSON COUNTY,123905,NEDERLAND ISD,TRADITIONAL ISD/CSD,"KIESCHNICK, STUART B","$191,209.00","$191,209.00",5317,1
TX,6,AUSTIN COUNTY,8902,SEALY ISD,TRADITIONAL ISD/CSD,"HALLMARK, BRYAN SCOTT","$191,000.00","$191,000.00",3109,1
TX,12,BELL COUNTY,14908,SALADO ISD,TRADITIONAL ISD/CSD,"NOVOTNY, MICHAEL THOMAS","$190,857.00","$190,857.00",2429,1
TX,2,SAN PATRICIO COUNTY,205907,TAFT ISD,TRADITIONAL ISD/CSD,"GARZA, IRENE M","$190,419.00","$190,419.00",812,1
TX,5,HARDIN COUNTY,100905,HARDIN-JEFFERSON ISD,TRADITIONAL ISD/CSD,"MCEACHERN, BRADLEY W","$190,195.00","$190,195.00",2762,1
TX,8,CASS COUNTY,34901,ATLANTA ISD,TRADITIONAL ISD/CSD,"HARRIS, JASON H","$190,000.00","$190,000.00",1929,1
TX,2,NUECES COUNTY,178906,LONDON ISD,TRADITIONAL ISD/CSD,"CHAPMAN, WILLIAM R","$190,000.00","$190,000.00",1808,1
TX,20,ATASCOSA COUNTY,7906,POTEET ISD,TRADITIONAL ISD/CSD,"CAMARILLO, CHARLES W","$190,000.00","$190,000.00",1837,1
TX,2,NUECES COUNTY,178909,ROBSTOWN ISD,TRADITIONAL ISD/CSD,"PUIG, MARC A","$190,000.00","$190,000.00",2570,1
TX,2,DUVAL COUNTY,66902,SAN DIEGO ISD,TRADITIONAL ISD/CSD,"PENA, RODRIGO HERNAN","$189,837.00","$189,837.00",1453,1
TX,14,TAYLOR COUNTY,221912,WYLIE ISD,TRADITIONAL ISD/CSD,"LIGHT, JOSEPH GERARD","$189,655.00","$189,655.00",5606,1
TX,6,AUSTIN COUNTY,8903,BRAZOS ISD,TRADITIONAL ISD/CSD,"PLYMALE, DAVE","$150,000.00","$189,538.00",866,0.79
TX,4,CHAMBERS COUNTY,36901,ANAHUAC ISD,TRADITIONAL ISD/CSD,"ABSHIER, WILLIAM CODY","$94,643.00","$189,286.00",1552,0.5
TX,5,LIBERTY COUNTY,146906,LIBERTY ISD,TRADITIONAL ISD/CSD,"MCGEE, DUSTIN SHANE","$189,250.00","$189,250.00",2438,1
TX,11,JOHNSON COUNTY,126906,KEENE ISD,TRADITIONAL ISD/CSD,"STEPHENS, RICHARD WILLIAM","$189,146.00","$189,146.00",1119,1
TX,4,WALLER COUNTY,237905,ROYAL ISD,TRADITIONAL ISD/CSD,"KERSHNER, RICHARD T","$189,000.00","$189,000.00",2884,1
TX,10,VAN ZANDT COUNTY,234907,WILLS POINT ISD,TRADITIONAL ISD/CSD,"COOPER, RICHARD ALAN","$189,000.00","$189,000.00",2893,1
TX,17,LUBBOCK COUNTY,152909,SHALLOWATER ISD,TRADITIONAL ISD/CSD,"HEBERT, ANITA KAY","$188,370.00","$188,370.00",1731,1
TX,2,ARANSAS COUNTY,4901,ROCKPORT-FULTON ISD,TRADITIONAL ISD/CSD,"AUSTIN, LESLEY ILENE","$187,200.00","$187,200.00",2913,1
TX,7,VAN ZANDT COUNTY,234904,GRAND SALINE ISD,TRADITIONAL ISD/CSD,"LEWIS, MICAH LANE","$186,915.00","$186,915.00",1211,1
TX,16,DEAF SMITH COUNTY,59901,HEREFORD ISD,TRADITIONAL ISD/CSD,"CARTER, RALPH DOUGLAS","$186,896.00","$186,896.00",3964,1
TX,5,HARDIN COUNTY,100904,SILSBEE ISD,TRADITIONAL ISD/CSD,"WEISS, GREGORY WAYNE","$186,775.00","$186,775.00",2588,1
TX,17,LUBBOCK COUNTY,152903,SLATON ISD,TRADITIONAL ISD/CSD,"CONKIN, SHELLI RENEE","$186,684.00","$186,684.00",1271,1
TX,4,GALVESTON COUNTY,84909,SANTA FE ISD,TRADITIONAL ISD/CSD,"BOTT, KEVIN MATTHEW","$186,599.00","$186,599.00",4310,1
TX,10,ELLIS COUNTY,70912,WAXAHACHIE ISD,TRADITIONAL ISD/CSD,"HOLLINGSWORTH, JERRY D","$83,628.00","$186,171.00",11196,0.45
TX,16,HUTCHINSON COUNTY,117901,BORGER ISD,TRADITIONAL ISD/CSD,"WELCH, JEREMY CHANCE","$186,136.00","$186,136.00",2325,1
TX,12,MCLENNAN COUNTY,161921,CONNALLY ISD,TRADITIONAL ISD/CSD,"BOTTELBERGHE, JILL MARIE","$186,000.00","$186,000.00",2269,1
TX,11,WISE COUNTY,249905,DECATUR ISD,TRADITIONAL ISD/CSD,"RUE, KAREN GATES","$186,000.00","$186,000.00",3786,1
TX,11,WISE COUNTY,249903,BRIDGEPORT ISD,TRADITIONAL ISD/CSD,"ELLIS, AMY LYNN","$185,657.00","$185,657.00",2133,1
TX,8,CAMP COUNTY,32902,PITTSBURG ISD,TRADITIONAL ISD/CSD,"WALDREP, TERRY L","$185,517.00","$185,517.00",2245,1
TX,3,MATAGORDA COUNTY,158902,TIDEHAVEN ISD,TRADITIONAL ISD/CSD,"TALBERT, PATRICK S","$165,411.00","$185,231.00",1065,0.89
TX,13,TRAVIS COUNTY,227506,UNIVERSITY OF TEXAS AT AUSTIN H S,TRADITIONAL ISD/CSD,"CHAVEZ, MELISSA MARIE","$87,035.00","$185,181.00",1056,0.47
TX,11,SOMERVELL COUNTY,213901,GLEN ROSE ISD,TRADITIONAL ISD/CSD,"OVERBO, TRYGVE M","$185,047.00","$185,047.00",2119,1
TX,20,WILSON COUNTY,247901,FLORESVILLE ISD,TRADITIONAL ISD/CSD,"GILSTRAP, JASON DEAN","$185,045.00","$185,045.00",4062,1
TX,11,DENTON COUNTY,61907,AUBREY ISD,TRADITIONAL ISD/CSD,"SAYLOR, SHANNON L","$185,000.00","$185,000.00",4480,1
TX,6,WASHINGTON COUNTY,239901,BRENHAM ISD,TRADITIONAL ISD/CSD,"GILLENTINE, CLAYTON BRYAN","$185,000.00","$185,000.00",4872,1
TX,10,KAUFMAN COUNTY,129904,KEMP ISD,TRADITIONAL ISD/CSD,"YOUNG, JAMES RAY","$185,000.00","$185,000.00",1987,1
TX,12,LIMESTONE COUNTY,147903,MEXIA ISD,TRADITIONAL ISD/CSD,"APPLETON, RYDER L","$185,000.00","$185,000.00",1846,1
TX,11,PARKER COUNTY,184908,PEASTER ISD,TRADITIONAL ISD/CSD,"PITTMAN, KENDRA LYNETTE","$185,000.00","$185,000.00",1776,1
TX,1,CAMERON COUNTY,31912,SAN BENITO CISD,TRADITIONAL ISD/CSD,"PEREZ, ALFREDO","$185,000.00","$185,000.00",9073,1
TX,8,HOPKINS COUNTY,112901,SULPHUR SPRINGS ISD,TRADITIONAL ISD/CSD,"STEEBER, DEANA MICHELLE","$185,000.00","$185,000.00",4216,1
TX,1,HIDALGO COUNTY,108916,VALLEY VIEW ISD,TRADITIONAL ISD/CSD,"LUNA, MONICA M","$185,000.00","$185,000.00",3444,1
TX,11,JOHNSON COUNTY,126908,VENUS ISD,TRADITIONAL ISD/CSD,"TORRES, PATRICK JOSEPH","$185,000.00","$185,000.00",2283,1
TX,19,EL PASO COUNTY,71909,SOCORRO ISD,TRADITIONAL ISD/CSD,"VASQUEZ, JAMES PHILLIP","$184,999.00","$184,999.00",46668,1
TX,12,MCLENNAN COUNTY,161920,CHINA SPRING ISD,TRADITIONAL ISD/CSD,"FAULKNER, ROBERT M","$184,000.00","$184,000.00",3013,1
TX,20,WILSON COUNTY,247903,LA VERNIA ISD,TRADITIONAL ISD/CSD,"CONE, HENSLEY FREEMAN","$183,751.00","$183,751.00",3563,1
TX,2,SAN PATRICIO COUNTY,205906,SINTON ISD,TRADITIONAL ISD/CSD,"REDDOCK, ANDY DWAYNE","$183,494.00","$183,494.00",1961,1
TX,10,HUNT COUNTY,116903,COMMERCE ISD,TRADITIONAL ISD/CSD,"ALDERMAN, CHARLES RAY","$183,340.00","$183,340.00",1542,1
TX,7,SHELBY COUNTY,210901,CENTER ISD,TRADITIONAL ISD/CSD,"MORRIS, HUBERT BRIAN","$182,352.00","$182,352.00",2307,1
TX,7,WOOD COUNTY,250907,WINNSBORO ISD,TRADITIONAL ISD/CSD,"WILCOX, BRIAN D","$181,440.00","$181,440.00",1454,1
TX,3,DEWITT COUNTY,62901,CUERO ISD,TRADITIONAL ISD/CSD,"DYER, MICAH ALAN","$181,280.00","$181,280.00",1888,1
TX,7,ANDERSON COUNTY,1907,PALESTINE ISD,TRADITIONAL ISD/CSD,"MARSHALL, JASON LYNN","$181,274.00","$181,274.00",3186,1
TX,8,LAMAR COUNTY,139905,CHISUM ISD,TRADITIONAL ISD/CSD,"CHALAIRE, RONALD T","$180,886.00","$180,886.00",1184,1
TX,2,NUECES COUNTY,178903,CALALLEN ISD,TRADITIONAL ISD/CSD,"LORENZ, EMILY FAULKNER","$180,800.00","$180,800.00",3745,1
TX,12,MCLENNAN COUNTY,161907,LORENA ISD,TRADITIONAL ISD/CSD,"KUCERA, JOSEPH ANTHONY","$180,775.00","$180,775.00",1817,1
TX,5,TYLER COUNTY,229903,WOODVILLE ISD,TRADITIONAL ISD/CSD,"MEYSEMBOURG, LISA F","$180,722.00","$180,722.00",1196,1
TX,3,JACKSON COUNTY,120901,EDNA ISD,TRADITIONAL ISD/CSD,"O'CONNOR, ROBERT ALLEN","$180,250.00","$180,250.00",1531,1
TX,5,HARDIN COUNTY,100907,LUMBERTON ISD,TRADITIONAL ISD/CSD,"MATHEWS, JOHN RENNOLDS","$180,000.00","$180,000.00",4108,1
TX,6,MILAM COUNTY,166904,ROCKDALE ISD,TRADITIONAL ISD/CSD,"MONZINGO, DENISE B","$180,000.00","$180,000.00",1482,1
TX,11,PARKER COUNTY,184909,BROCK ISD,TRADITIONAL ISD/CSD,"LUIS, SHANNON MARIE","$179,837.00","$179,837.00",2169,1
TX,6,MILAM COUNTY,166901,CAMERON ISD,TRADITIONAL ISD/CSD,"SPRINKLES, KEVIN DALE","$179,568.00","$179,568.00",1488,1
TX,12,HILL COUNTY,109904,HILLSBORO ISD,TRADITIONAL ISD/CSD,"BROWN, DARRELL GENE","$179,500.00","$179,500.00",1984,1
TX,18,MARTIN COUNTY,156902,STANTON ISD,TRADITIONAL ISD/CSD,"MCCOWN, JANET S","$179,273.00","$179,273.00",1062,1
TX,6,SAN JACINTO COUNTY,204901,COLDSPRING-OAKHURST CISD,TRADITIONAL ISD/CSD,"TAULTON, BRYAN TODD","$174,240.00","$179,020.00",1585,0.97
TX,14,NOLAN COUNTY,177902,SWEETWATER ISD,TRADITIONAL ISD/CSD,"PARISH, DEIDRE ARTHUR","$178,471.00","$178,471.00",1806,1
TX,6,POLK COUNTY,187901,BIG SANDY ISD,TRADITIONAL ISD/CSD,"CARPENTER, ERIC H","$178,465.00","$178,465.00",506,1
TX,7,CHEROKEE COUNTY,37907,RUSK ISD,TRADITIONAL ISD/CSD,"BURTON, KEVIN GREY","$178,413.00","$178,413.00",2057,1
TX,5,JEFFERSON COUNTY,123913,SABINE PASS ISD,TRADITIONAL ISD/CSD,"HEID, KRISTI ROCHELLE","$177,731.00","$177,731.00",372,1
TX,17,LAMB COUNTY,140908,SUDAN ISD,TRADITIONAL ISD/CSD,"HARRELL, SCOTT M","$177,472.00","$177,472.00",452,1
TX,7,GREGG COUNTY,92907,SPRING HILL ISD,TRADITIONAL ISD/CSD,"FLEET, PENNY L","$177,160.00","$177,160.00",1901,1
TX,20,ATASCOSA COUNTY,7905,PLEASANTON ISD,TRADITIONAL ISD/CSD,"BARRON, CHERYL DIANE","$176,864.00","$176,864.00",3406,1
TX,10,GRAYSON COUNTY,91913,POTTSBORO ISD,TRADITIONAL ISD/CSD,"MATTHEWS, KEVIN R","$176,284.00","$176,284.00",1453,1
TX,10,GRAYSON COUNTY,91909,WHITESBORO ISD,TRADITIONAL ISD/CSD,"HARPER, RYAN M","$176,200.00","$176,200.00",1802,1
TX,10,ELLIS COUNTY,70915,MAYPEARL ISD,TRADITIONAL ISD/CSD,"BOWLING, RITCHIE D","$176,187.00","$176,187.00",1209,1
TX,11,DENTON COUNTY,61903,PILOT POINT ISD,TRADITIONAL ISD/CSD,"FULLER, SHANNON KATHLEEN","$175,638.00","$175,638.00",1619,1
TX,16,POTTER COUNTY,188903,HIGHLAND PARK ISD,TRADITIONAL ISD/CSD,"HANNON, JIMMY L","$175,564.00","$175,564.00",749,1
TX,13,FAYETTE COUNTY,75902,LA GRANGE ISD,TRADITIONAL ISD/CSD,"MCHAZLETT, MATTHEW A","$175,524.00","$175,524.00",1870,1
TX,7,ANDERSON COUNTY,1908,WESTWOOD ISD,TRADITIONAL ISD/CSD,"STANFORD, JAMES WADE","$175,183.00","$175,183.00",1387,1
TX,16,GRAY COUNTY,90904,PAMPA ISD,TRADITIONAL ISD/CSD,"PIATT, HUGH ALLEN","$175,100.00","$175,100.00",3141,1
TX,15,CROCKETT COUNTY,53001,CROCKETT COUNTY CONSOLIDATED CSD,TRADITIONAL ISD/CSD,"CHAVARRIA, RAUL R","$175,031.00","$175,031.00",621,1
TX,17,YOAKUM COUNTY,251901,DENVER CITY ISD,TRADITIONAL ISD/CSD,"MARTINEZ, RICKY J","$175,000.00","$175,000.00",1474,1
TX,7,ANGELINA COUNTY,3905,DIBOLL ISD,TRADITIONAL ISD/CSD,"BOWMAN, JOHN BRIAN","$175,000.00","$175,000.00",1582,1
TX,20,GUADALUPE COUNTY,94903,NAVARRO ISD,TRADITIONAL ISD/CSD,"EPLEY, MANDY DENISE","$175,000.00","$175,000.00",2702,1
TX,1,CAMERON COUNTY,31903,HARLINGEN CISD,TRADITIONAL ISD/CSD,"KORTAN, MARIA VERONICA","$174,662.00","$174,662.00",16471,1
TX,5,JASPER COUNTY,121905,KIRBYVILLE CISD,TRADITIONAL ISD/CSD,"EDWARDS, STEPHEN F","$174,137.00","$174,137.00",1439,1
TX,4,WALLER COUNTY,237902,HEMPSTEAD ISD,TRADITIONAL ISD/CSD,"O'NEIL, HERBERT","$174,000.00","$174,000.00",1585,1
TX,10,GRAYSON COUNTY,91905,HOWE ISD,TRADITIONAL ISD/CSD,"WILSON, KEVIN S","$174,000.00","$174,000.00",1265,1
TX,1,ZAPATA COUNTY,253901,ZAPATA COUNTY ISD,TRADITIONAL ISD/CSD,"RAMIREZ-TREVINO, ROBERTA GRISEL","$173,998.00","$173,998.00",3290,1
TX,6,ROBERTSON COUNTY,198905,HEARNE ISD,TRADITIONAL ISD/CSD,"JOHNSON, ADRAIN BURKE","$173,854.00","$173,854.00",718,1
TX,6,MADISON COUNTY,154901,MADISONVILLE CISD,TRADITIONAL ISD/CSD,"WEST, WILLIAM K","$173,680.00","$173,680.00",2377,1
TX,15,TOM GREEN COUNTY,226907,GRAPE CREEK ISD,TRADITIONAL ISD/CSD,"SMETANA, ANGELA L","$173,334.00","$173,334.00",1196,1
TX,11,TARRANT COUNTY,220919,CARROLL ISD,TRADITIONAL ISD/CSD,"LEDBETTER, LESLIE LANE","$173,330.00","$173,330.00",8105,1
TX,4,BRAZORIA COUNTY,20906,SWEENY ISD,TRADITIONAL ISD/CSD,"FULLER, DANIEL E","$173,156.00","$173,156.00",1919,1
TX,6,BURLESON COUNTY,26901,CALDWELL ISD,TRADITIONAL ISD/CSD,"BARTON, JAMES J","$172,771.00","$172,771.00",1952,1
TX,9,WICHITA COUNTY,243903,IOWA PARK CISD,TRADITIONAL ISD/CSD,"MCCASLAND, KEVIN WAYNE","$172,411.00","$172,411.00",1904,1
TX,3,WHARTON COUNTY,241904,WHARTON ISD,TRADITIONAL ISD/CSD,"ODUWOLE, OLATUNJI OLADELE","$172,000.00","$172,000.00",1767,1
TX,20,FRIO COUNTY,82903,PEARSALL ISD,TRADITIONAL ISD/CSD,"RODRIGUEZ, NICOLAS NOBERT","$171,697.00","$171,697.00",1953,1
TX,17,FLOYD COUNTY,77901,FLOYDADA COLLEGIATE ISD,TRADITIONAL ISD/CSD,"TREVINO, GILBERT","$171,446.00","$171,446.00",671,1
TX,2,NUECES COUNTY,178913,BANQUETE ISD,TRADITIONAL ISD/CSD,"JOHNSON, STACY G","$171,252.00","$171,252.00",744,1
TX,6,LEON COUNTY,145901,BUFFALO ISD,TRADITIONAL ISD/CSD,"IVY, ADAM C","$170,650.00","$170,650.00",988,1
TX,1,HIDALGO COUNTY,108910,PROGRESO ISD,TRADITIONAL ISD/CSD,"CORONADO, SERGIO","$170,120.00","$170,120.00",1339,1
TX,8,LAMAR COUNTY,139909,PARIS ISD,TRADITIONAL ISD/CSD,"DIXON, ALTHEA R","$170,100.00","$170,100.00",3832,1
TX,6,AUSTIN COUNTY,8901,BELLVILLE ISD,TRADITIONAL ISD/CSD,"POENITZSCH, NICOLE LYNEA","$170,000.00","$170,000.00",2315,1
TX,16,HEMPHILL COUNTY,106901,CANADIAN ISD,TRADITIONAL ISD/CSD,"MCMAINS, JULIA DIANE","$170,000.00","$170,000.00",758,1
TX,12,FREESTONE COUNTY,81902,FAIRFIELD ISD,TRADITIONAL ISD/CSD,"CRAIG, JOSEPH LAWAYNE","$170,000.00","$170,000.00",1602,1
TX,7,ANGELINA COUNTY,3904,HUNTINGTON ISD,TRADITIONAL ISD/CSD,"FLOWERS, DAVID W","$170,000.00","$170,000.00",1564,1
TX,11,WISE COUNTY,249906,PARADISE ISD,TRADITIONAL ISD/CSD,"BREWER, WILL PATRICK","$170,000.00","$170,000.00",1331,1
TX,7,RAINS COUNTY,190903,RAINS ISD,TRADITIONAL ISD/CSD,"NICKS, JOSEPH SCOTT","$170,000.00","$170,000.00",1712,1
TX,7,SMITH COUNTY,212904,TROUP ISD,TRADITIONAL ISD/CSD,"JONES, TAMRIA JEAN","$169,773.00","$169,773.00",1063,1
TX,11,DENTON COUNTY,61906,PONDER ISD,TRADITIONAL ISD/CSD,"HILL, JAMES KEITH","$169,597.00","$169,597.00",1719,1
TX,14,EASTLAND COUNTY,67907,RANGER ISD,TRADITIONAL ISD/CSD,"WILHELM, BOBBY JO","$105,000.00","$169,273.00",288,0.62
TX,11,ERATH COUNTY,72909,LINGLEVILLE ISD,TRADITIONAL ISD/CSD,"MCDOUGAL, DEECEE J","$168,600.00","$168,600.00",270,1
TX,16,CHILDRESS COUNTY,38901,CHILDRESS ISD,TRADITIONAL ISD/CSD,"DYKES, MARK ANTHONY","$168,096.00","$168,096.00",978,1
TX,18,WINKLER COUNTY,248901,KERMIT ISD,TRADITIONAL ISD/CSD,"SCHNEIDER, RODNEY W","$168,000.00","$168,000.00",1339,1
TX,8,BOWIE COUNTY,19908,LIBERTY-EYLAU ISD,TRADITIONAL ISD/CSD,"WRIGHT, JEFFREY F","$168,000.00","$168,000.00",1937,1
TX,20,MEDINA COUNTY,163903,NATALIA ISD,TRADITIONAL ISD/CSD,"COLLAVO, LANA KRUMNOW","$168,000.00","$168,000.00",1315,1
TX,2,SAN PATRICIO COUNTY,205905,ODEM-EDROY ISD,TRADITIONAL ISD/CSD,"CARR, YOLANDA L","$168,000.00","$168,000.00",927,1
TX,17,LUBBOCK COUNTY,152908,ROOSEVELT ISD,TRADITIONAL ISD/CSD,"GRIMES, DALLAS PARKS","$167,786.00","$167,786.00",1138,1
TX,1,CAMERON COUNTY,31905,LA FERIA ISD,TRADITIONAL ISD/CSD,"TORRES, CYNTHIA ANNE","$167,571.00","$167,571.00",2842,1
TX,7,WOOD COUNTY,250903,MINEOLA ISD,TRADITIONAL ISD/CSD,"MIZE, JON CODY","$167,500.00","$167,500.00",1753,1
TX,7,PANOLA COUNTY,183904,GARY ISD,TRADITIONAL ISD/CSD,"GREER, TODD D","$167,255.00","$167,255.00",476,1
TX,19,EL PASO COUNTY,71904,SAN ELIZARIO ISD,TRADITIONAL ISD/CSD,"MEZA-CHAVEZ, JEANNIE","$167,045.00","$167,045.00",2927,1
TX,12,FALLS COUNTY,73905,ROSEBUD-LOTT ISD,TRADITIONAL ISD/CSD,"ROSEBROCK, JAMES D","$166,850.00","$166,850.00",790,1
TX,17,YOAKUM COUNTY,251902,PLAINS ISD,TRADITIONAL ISD/CSD,"MCLAIN, ROBERT H","$166,700.00","$166,700.00",423,1
TX,8,FRANKLIN COUNTY,80901,MOUNT VERNON ISD,TRADITIONAL ISD/CSD,"MCCULLOUGH, JASON L","$166,464.00","$166,464.00",1608,1
TX,13,BLANCO COUNTY,16902,BLANCO ISD,TRADITIONAL ISD/CSD,"ROSENBAUM, JEFFREY CLAY","$166,367.00","$166,367.00",1102,1
TX,10,GRAYSON COUNTY,91917,GUNTER ISD,TRADITIONAL ISD/CSD,"MARTINDALE, RANDALL SCOTT","$166,200.00","$166,200.00",1156,1
TX,17,LUBBOCK COUNTY,152902,NEW DEAL ISD,TRADITIONAL ISD/CSD,"REED, MATTHEW JAMES","$166,000.00","$166,000.00",731,1
TX,6,ROBERTSON COUNTY,198903,FRANKLIN ISD,TRADITIONAL ISD/CSD,"LOWRY, TIMOTHY BRET","$165,858.00","$165,858.00",1462,1
TX,15,STERLING COUNTY,216901,STERLING CITY ISD,TRADITIONAL ISD/CSD,"GRUBBS, TRAVIS D","$165,500.00","$165,500.00",355,1
TX,10,GRAYSON COUNTY,91910,WHITEWRIGHT ISD,TRADITIONAL ISD/CSD,"GARNER, BRIAN E","$165,186.00","$165,186.00",801,1
TX,14,MITCHELL COUNTY,168901,COLORADO ISD,TRADITIONAL ISD/CSD,"POLK, LARRY LOWELL","$165,000.00","$165,000.00",927,1
TX,8,FANNIN COUNTY,74907,HONEY GROVE ISD,TRADITIONAL ISD/CSD,"MORRISON, BENJAMIN T","$165,000.00","$165,000.00",651,1
TX,20,ATASCOSA COUNTY,7904,LYTLE ISD,TRADITIONAL ISD/CSD,"BREITHAUPT, DUSTIN ALAN","$165,000.00","$165,000.00",1825,1
TX,16,OCHILTREE COUNTY,179901,PERRYTON ISD,TRADITIONAL ISD/CSD,"BROWN, GREGORY MARK","$165,000.00","$165,000.00",1802,1
TX,9,JACK COUNTY,119902,JACKSBORO ISD,TRADITIONAL ISD/CSD,"BURNETT, WILLIAM BRADLEY","$164,900.00","$164,900.00",1022,1
TX,13,BELL COUNTY,14902,BARTLETT ISD,TRADITIONAL ISD/CSD,"CLEVENGER, THEODORE","$164,654.00","$164,654.00",393,1
TX,4,LIBERTY COUNTY,146907,TARKINGTON ISD,TRADITIONAL ISD/CSD,"DAVIS, ELNA","$164,383.00","$164,383.00",1907,1
TX,13,WILLIAMSON COUNTY,246912,THRALL ISD,TRADITIONAL ISD/CSD,"HOOKER, THOMAS C","$164,324.00","$164,324.00",873,1
TX,16,DALLAM COUNTY,56901,DALHART ISD,TRADITIONAL ISD/CSD,"BYRD, JEFFREY Z","$164,320.00","$164,320.00",1846,1
TX,20,KERR COUNTY,133901,CENTER POINT ISD,TRADITIONAL ISD/CSD,"NEWCOMB, CODY B","$164,294.00","$164,294.00",534,1
TX,17,LUBBOCK COUNTY,152910,IDALOU ISD,TRADITIONAL ISD/CSD,"GIBSON, ROBERT PAUL","$164,260.00","$164,260.00",995,1
TX,5,HARDIN COUNTY,100903,KOUNTZE ISD,TRADITIONAL ISD/CSD,"REYENGA, BILLY SHANE","$164,010.00","$164,010.00",1151,1
TX,11,PARKER COUNTY,184904,MILLSAP ISD,TRADITIONAL ISD/CSD,"MARTIN, MARI EDITH","$163,988.00","$163,988.00",1083,1
TX,13,FAYETTE COUNTY,75906,FAYETTEVILLE ISD,TRADITIONAL ISD/CSD,"HARVEY, JEFF W","$163,680.00","$163,680.00",290,1
TX,7,GREGG COUNTY,92901,GLADEWATER ISD,TRADITIONAL ISD/CSD,"MORRISON, MICHAEL G","$63,014.00","$163,673.00",1636,0.39
TX,16,POTTER COUNTY,188902,RIVER ROAD ISD,TRADITIONAL ISD/CSD,"KELLEY, RICHARD V","$163,215.00","$163,215.00",1221,1
TX,5,ORANGE COUNTY,181905,ORANGEFIELD ISD,TRADITIONAL ISD/CSD,"MCALPIN, DAVID SHAUN","$163,155.00","$163,155.00",1781,1
TX,9,CLAY COUNTY,39902,HENRIETTA ISD,TRADITIONAL ISD/CSD,"CLARK, JAIME D","$162,334.00","$162,334.00",886,1
TX,9,MONTAGUE COUNTY,169902,NOCONA ISD,TRADITIONAL ISD/CSD,"WATERS, DAVID C","$161,700.00","$161,700.00",785,1
TX,19,HUDSPETH COUNTY,115901,FT HANCOCK ISD,TRADITIONAL ISD/CSD,"FRANCO, JOSE GUADALUPE","$161,620.00","$161,620.00",390,1
TX,2,NUECES COUNTY,178915,WEST OSO ISD,TRADITIONAL ISD/CSD,"MOORE, KIMBERLY GINSBURG","$161,600.00","$161,600.00",1778,1
TX,16,SHERMAN COUNTY,211902,STRATFORD ISD,TRADITIONAL ISD/CSD,"UTTLEY, PAUL LAURIER","$161,385.00","$161,385.00",527,1
TX,8,MARION COUNTY,155901,JEFFERSON ISD,TRADITIONAL ISD/CSD,"WALKER, MICHAEL FORD","$161,361.00","$161,361.00",1125,1
TX,12,MCLENNAN COUNTY,161918,AXTELL ISD,TRADITIONAL ISD/CSD,"PROCTOR, LARRY LESTER","$161,262.00","$161,262.00",834,1
TX,16,CASTRO COUNTY,35901,DIMMITT ISD,TRADITIONAL ISD/CSD,"MILLICAN, JILL SUZANNE","$161,000.00","$161,000.00",1077,1
TX,14,TAYLOR COUNTY,221911,JIM NED CISD,TRADITIONAL ISD/CSD,"TEAL, RONALD GLEN","$160,932.00","$160,932.00",1639,1
TX,12,MCLENNAN COUNTY,161914,WACO ISD,TRADITIONAL ISD/CSD,"TERRELL-SPICER, TIFFANY","$160,871.00","$160,871.00",13376,1
TX,3,MATAGORDA COUNTY,158906,VAN VLECK ISD,TRADITIONAL ISD/CSD,"DEMENT, CHRISTIE L","$160,154.00","$160,154.00",1039,1
TX,1,BROOKS COUNTY,24901,BROOKS COUNTY ISD,TRADITIONAL ISD/CSD,"ROGERS, SCOTT CHRISTOPHER","$160,000.00","$160,000.00",1180,1
TX,8,TITUS COUNTY,225907,HARTS BLUFF ISD,TRADITIONAL ISD/CSD,"RICE, BOBBY GLENN","$160,000.00","$160,000.00",891,1
TX,20,KARNES COUNTY,128901,KARNES CITY ISD,TRADITIONAL ISD/CSD,"KUENSTLER, KATHERINE LYNN","$160,000.00","$160,000.00",1021,1
TX,17,LAMB COUNTY,140904,LITTLEFIELD ISD,TRADITIONAL ISD/CSD,"MCNEESE, MITCHELL D","$160,000.00","$160,000.00",1233,1
TX,16,HUTCHINSON COUNTY,117904,PLEMONS-STINNETT-PHILLIPS CISD,TRADITIONAL ISD/CSD,"COPLEY, JAMIE LYNN","$160,000.00","$160,000.00",565,1
TX,12,BELL COUNTY,14910,TROY ISD,TRADITIONAL ISD/CSD,"JETER, STEPHEN NEIL","$160,000.00","$160,000.00",1732,1
TX,15,COKE COUNTY,41902,ROBERT LEE ISD,TRADITIONAL ISD/CSD,"HOOD, AARON K","$159,749.00","$159,749.00",269,1
TX,6,TRINITY COUNTY,228903,TRINITY ISD,TRADITIONAL ISD/CSD,"KAUFMAN, JOHN WILLIAM","$159,683.00","$159,683.00",1179,1
TX,20,BANDERA COUNTY,10902,BANDERA ISD,TRADITIONAL ISD/CSD,"BITZKIE, GARY L","$159,650.00","$159,650.00",2218,1
TX,17,HOCKLEY COUNTY,110907,SUNDOWN ISD,TRADITIONAL ISD/CSD,"EVANS, PATRICK BRENT","$159,200.00","$159,200.00",552,1
TX,14,EASTLAND COUNTY,67903,EASTLAND ISD,TRADITIONAL ISD/CSD,"WILLIAMS, JEREMY PAUL","$159,000.00","$159,000.00",969,1
TX,5,NEWTON COUNTY,176902,NEWTON ISD,TRADITIONAL ISD/CSD,"BARROW, MICHELLE LOUISE","$159,000.00","$159,000.00",934,1
TX,12,CORYELL COUNTY,50902,GATESVILLE ISD,TRADITIONAL ISD/CSD,"POLLARD, BARRETT L","$158,912.00","$158,912.00",2668,1
TX,14,NOLAN COUNTY,177901,ROSCOE COLLEGIATE ISD,TRADITIONAL ISD/CSD,"MANCHA, GUILLERMO","$158,209.00","$158,209.00",12256,1
TX,2,NUECES COUNTY,178908,PORT ARANSAS ISD,TRADITIONAL ISD/CSD,"MCKINNEY, SHARON DENISE","$158,167.00","$158,167.00",585,1
TX,20,BEXAR COUNTY,15908,SOUTH SAN ANTONIO ISD,TRADITIONAL ISD/CSD,"KINGMAN, TONY NICHOLAS","$158,061.00","$158,061.00",7468,1
TX,12,HILL COUNTY,109913,BLUM ISD,TRADITIONAL ISD/CSD,"SANDERS, JEFFERY ROY","$158,021.00","$158,021.00",334,1
TX,11,JOHNSON COUNTY,126904,GRANDVIEW ISD,TRADITIONAL ISD/CSD,"BASHAM, KIRBY MARCUS","$158,000.00","$158,000.00",1373,1
TX,19,EL PASO COUNTY,71906,ANTHONY ISD,TRADITIONAL ISD/CSD,"TRONCOSO, OSCAR ADRIAN","$157,500.00","$157,500.00",725,1
TX,11,COOKE COUNTY,49905,CALLISBURG ISD,TRADITIONAL ISD/CSD,"BRADSHAW, CHRIS RYAN","$157,487.00","$157,487.00",1151,1
TX,12,NAVARRO COUNTY,175911,RICE ISD,TRADITIONAL ISD/CSD,"HARVELL, AMY R","$157,429.00","$157,429.00",1105,1
TX,6,ROBERTSON COUNTY,198901,BREMOND ISD,TRADITIONAL ISD/CSD,"STUARD, DARYL LYNN","$157,121.00","$157,121.00",485,1
TX,2,SAN PATRICIO COUNTY,205903,INGLESIDE ISD,TRADITIONAL ISD/CSD,"KILGORE, WILLIAM SCOTT","$156,641.00","$156,641.00",2071,1
TX,2,JIM WELLS COUNTY,125903,ORANGE GROVE ISD,TRADITIONAL ISD/CSD,"HESSELTINE, ALBERT EDWIN","$156,560.00","$156,560.00",1648,1
TX,3,GOLIAD COUNTY,88902,GOLIAD ISD,TRADITIONAL ISD/CSD,"LYON, HOLLY LEA","$156,550.00","$156,550.00",1244,1
TX,18,WINKLER COUNTY,248902,WINK-LOVING ISD,TRADITIONAL ISD/CSD,"CARMAN, SCOTTY D","$156,459.00","$156,459.00",438,1
TX,7,SHELBY COUNTY,210905,TIMPSON ISD,TRADITIONAL ISD/CSD,"JOHNSON, MID","$156,327.00","$156,327.00",756,1
TX,20,ATASCOSA COUNTY,7902,JOURDANTON ISD,TRADITIONAL ISD/CSD,"CANTER, TRACY LYNN","$156,000.00","$156,000.00",1554,1
TX,2,MCMULLEN COUNTY,162904,MCMULLEN COUNTY ISD,TRADITIONAL ISD/CSD,"JONES, JASON S","$156,000.00","$156,000.00",280,1
TX,13,BASTROP COUNTY,11904,SMITHVILLE ISD,TRADITIONAL ISD/CSD,"BURNS, CHERYL L","$155,220.00","$155,220.00",1849,1
TX,2,SAN PATRICIO COUNTY,205901,ARANSAS PASS ISD,TRADITIONAL ISD/CSD,"BARNES, GLENN E","$155,000.00","$155,000.00",1624,1
TX,7,SAN AUGUSTINE COUNTY,203902,BROADDUS ISD,TRADITIONAL ISD/CSD,"HOLLOWAY, BENJAMIN L","$155,000.00","$155,000.00",377,1
TX,15,CRANE COUNTY,52901,CRANE ISD,TRADITIONAL ISD/CSD,"LEWIS, DAVID DEVON","$155,000.00","$155,000.00",1233,1
TX,13,LEE COUNTY,144901,GIDDINGS ISD,TRADITIONAL ISD/CSD,"DESPAIN, RAYMOND E","$155,000.00","$155,000.00",1900,1
TX,17,FLOYD COUNTY,77902,LOCKNEY ISD,TRADITIONAL ISD/CSD,"BAUM, JAMES P","$155,000.00","$155,000.00",391,1
TX,12,MCLENNAN COUNTY,161909,MCGREGOR ISD,TRADITIONAL ISD/CSD,"MUTSCHER, TRAVIS JAMES","$155,000.00","$155,000.00",1495,1
TX,12,HILL COUNTY,109911,WHITNEY ISD,TRADITIONAL ISD/CSD,"SOUTHARD, JASON TODD","$155,000.00","$155,000.00",1454,1
TX,13,GONZALES COUNTY,89901,GONZALES ISD,TRADITIONAL ISD/CSD,"RODRIGUEZ, ELMER A","$96,928.00","$154,911.00",2557,0.63
TX,4,LIBERTY COUNTY,146903,DEVERS ISD,TRADITIONAL ISD/CSD,"ELLISOR HARRIS, ELIZABETH ANN","$51,559.00","$154,692.00",191,0.33
TX,18,HOWARD COUNTY,114904,FORSAN ISD,TRADITIONAL ISD/CSD,"RICHARDSON, MICHAEL DANE","$154,610.00","$154,610.00",695,1
TX,18,BREWSTER COUNTY,22901,ALPINE ISD,TRADITIONAL ISD/CSD,"RINEHART, BEVERLEY MICHELLE","$154,520.00","$154,520.00",905,1
TX,17,DAWSON COUNTY,58906,LAMESA ISD,TRADITIONAL ISD/CSD,"RITCHEY, DAVID THOMAS","$154,500.00","$154,500.00",1484,1
TX,4,COLORADO COUNTY,45902,COLUMBUS ISD,TRADITIONAL ISD/CSD,"CONNOR, JAMES P","$153,668.00","$153,668.00",1659,1
TX,9,ARCHER COUNTY,5902,HOLLIDAY ISD,TRADITIONAL ISD/CSD,"CARROLL, CODY CLARK","$153,480.00","$153,480.00",1120,1
TX,8,LAMAR COUNTY,139911,NORTH LAMAR ISD,TRADITIONAL ISD/CSD,"STEWART, KELLI W","$153,351.00","$153,351.00",2395,1
TX,10,GRAYSON COUNTY,91901,BELLS ISD,TRADITIONAL ISD/CSD,"MEEK, TRICIA N","$153,000.00","$153,000.00",1007,1
TX,20,DIMMIT COUNTY,64903,CARRIZO SPRINGS CISD,TRADITIONAL ISD/CSD,"PEARSON, ROSE MARY","$153,000.00","$153,000.00",1852,1
TX,7,ANGELINA COUNTY,3907,CENTRAL ISD,TRADITIONAL ISD/CSD,"RISNER, JUSTIN RYAN","$153,000.00","$153,000.00",1497,1
TX,7,VAN ZANDT COUNTY,234903,EDGEWOOD ISD,TRADITIONAL ISD/CSD,"PRATER, KRISTIN D","$153,000.00","$153,000.00",1022,1
TX,20,MEDINA COUNTY,163901,DEVINE ISD,TRADITIONAL ISD/CSD,"GRANDJEAN, TODD","$152,500.00","$152,500.00",1972,1
TX,2,BEE COUNTY,13903,PETTUS ISD,TRADITIONAL ISD/CSD,"HERNANDEZ, JESUS","$152,000.00","$152,000.00",377,1
TX,10,COLLIN COUNTY,43917,BLUE RIDGE ISD,TRADITIONAL ISD/CSD,"FLOYD, DARRELL GENE","$151,800.00","$151,800.00",1048,1
TX,15,TOM GREEN COUNTY,226905,WATER VALLEY ISD,TRADITIONAL ISD/CSD,"GOMEZ, FABIAN HECTOR","$151,745.00","$151,745.00",310,1
TX,7,SHELBY COUNTY,210903,SHELBYVILLE ISD,TRADITIONAL ISD/CSD,"WEST, RAYNARD R","$151,131.00","$151,131.00",891,1
TX,15,COLEMAN COUNTY,42901,COLEMAN ISD,TRADITIONAL ISD/CSD,"MCDOWELL, BRANDON ORTHELL","$151,043.00","$151,043.00",796,1
TX,17,GARZA COUNTY,85902,POST ISD,TRADITIONAL ISD/CSD,"PETTY, CASSANDRA ELVIE","$151,000.00","$151,000.00",686,1
TX,7,RUSK COUNTY,201914,WEST RUSK COUNTY CONSOLIDATED ISD,TRADITIONAL ISD/CSD,"COLEMAN, LAWRENCE K","$151,000.00","$151,000.00",1029,1
TX,13,GONZALES COUNTY,89903,NIXON-SMILEY CISD,TRADITIONAL ISD/CSD,"VANAUKEN, JEFF R","$150,666.00","$150,666.00",1016,1
TX,11,PALO PINTO COUNTY,182904,SANTO ISD,TRADITIONAL ISD/CSD,"GILBERT, GEORGE G","$150,492.00","$150,492.00",582,1
TX,6,POLK COUNTY,187903,GOODRICH ISD,TRADITIONAL ISD/CSD,"BARTON, WILLIAM DANIEL","$150,111.00","$150,111.00",266,1
TX,14,COMANCHE COUNTY,47903,GUSTINE ISD,TRADITIONAL ISD/CSD,"WEST, KELLY WAYNE","$75,034.00","$150,068.00",136,0.5
TX,12,HILL COUNTY,109902,BYNUM ISD,TRADITIONAL ISD/CSD,"MYNARCIK, LARRY J","$150,000.00","$150,000.00",187,1
TX,8,HOPKINS COUNTY,112908,COMO-PICKTON CISD,TRADITIONAL ISD/CSD,"BOWER, GREGORY M","$150,000.00","$150,000.00",770,1
TX,4,BRAZORIA COUNTY,20904,DANBURY ISD,TRADITIONAL ISD/CSD,"HOMANN, MICHAEL E","$150,000.00","$150,000.00",674,1
TX,8,BOWIE COUNTY,19901,DEKALB ISD,TRADITIONAL ISD/CSD,"MCDANIEL, DONNA C","$150,000.00","$150,000.00",898,1
TX,5,JASPER COUNTY,121906,EVADALE ISD,TRADITIONAL ISD/CSD,"SHIPLEY, KEVIN RAY","$150,000.00","$150,000.00",428,1
TX,13,WILLIAMSON COUNTY,246902,FLORENCE ISD,TRADITIONAL ISD/CSD,"KIRKPATRICK, RICHARD C","$150,000.00","$150,000.00",1142,1
TX,12,LIMESTONE COUNTY,147902,GROESBECK ISD,TRADITIONAL ISD/CSD,"FIGUEROA, ANTHONY ROBERT","$150,000.00","$150,000.00",1495,1
TX,20,MEDINA COUNTY,163904,HONDO ISD,TRADITIONAL ISD/CSD,"MARES, ROSA MARIA","$150,000.00","$150,000.00",1727,1
TX,8,BOWIE COUNTY,19905,NEW BOSTON ISD,TRADITIONAL ISD/CSD,"BOBBITT, BRIAN E","$150,000.00","$150,000.00",1108,1
TX,17,LYNN COUNTY,153905,NEW HOME ISD,TRADITIONAL ISD/CSD,"TUCKER, TOBY PATRICK","$150,000.00","$150,000.00",708,1
TX,1,CAMERON COUNTY,31911,RIO HONDO ISD,TRADITIONAL ISD/CSD,"TREVINO, RAUL JAVIER","$150,000.00","$150,000.00",1437,1
TX,1,CAMERON COUNTY,31913,SANTA MARIA ISD,TRADITIONAL ISD/CSD,"VILLARREAL, JOSEPH RAY","$150,000.00","$150,000.00",512,1
TX,5,TYLER COUNTY,229904,WARREN ISD,TRADITIONAL ISD/CSD,"MINYARD, TEDDYBOB DOUGLAS","$150,000.00","$150,000.00",1181,1
TX,3,LAVACA COUNTY,143901,HALLETTSVILLE ISD,TRADITIONAL ISD/CSD,"BLUDAU, JO ANN","$149,900.00","$149,900.00",1176,1
TX,11,WISE COUNTY,249901,ALVORD ISD,TRADITIONAL ISD/CSD,"BROWN, RANDY MARK","$149,769.00","$149,769.00",844,1
TX,12,NAVARRO COUNTY,175904,DAWSON ISD,TRADITIONAL ISD/CSD,"HENDERSON, STACY J","$149,446.00","$149,446.00",628,1
TX,7,VAN ZANDT COUNTY,234909,FRUITVALE ISD,TRADITIONAL ISD/CSD,"BAIN, REBECCA S","$149,172.00","$149,172.00",385,1
TX,7,HARRISON COUNTY,102905,HARLETON ISD,TRADITIONAL ISD/CSD,"RATCLIFF, JAY MICHAEL","$149,130.00","$149,130.00",705,1
TX,14,EASTLAND COUNTY,67902,CISCO ISD,TRADITIONAL ISD/CSD,"STEELE, RYAN DAVID","$148,800.00","$148,800.00",835,1
TX,8,BOWIE COUNTY,19906,REDWATER ISD,TRADITIONAL ISD/CSD,"BURNS, KELLY M","$148,691.00","$148,691.00",1103,1
TX,20,BEXAR COUNTY,15908,SOUTH SAN ANTONIO ISD,TRADITIONAL ISD/CSD,"MARCHA, MILLICENT K","$148,061.00","$148,061.00",7468,1
TX,6,ROBERTSON COUNTY,198902,CALVERT ISD,TRADITIONAL ISD/CSD,"CROCKETT-TENNELL, LATISHA","$148,000.00","$148,000.00",145,1
TX,14,CALLAHAN COUNTY,30902,CLYDE CISD,TRADITIONAL ISD/CSD,"ALLEN, BRYAN","$148,000.00","$148,000.00",1392,1
TX,17,BORDEN COUNTY,17901,BORDEN COUNTY ISD,TRADITIONAL ISD/CSD,"THOMAS, JIMMY JOE","$147,996.00","$147,996.00",249,1
TX,18,WARD COUNTY,238902,MONAHANS-WICKETT-PYOTE ISD,TRADITIONAL ISD/CSD,"SMITH, CHAD ALBERT","$147,900.00","$147,900.00",2181,1
TX,2,NUECES COUNTY,178905,DRISCOLL ISD,TRADITIONAL ISD/CSD,"GARCIA, CYNTHIA M","$147,860.00","$147,860.00",398,1
TX,7,NACOGDOCHES COUNTY,174906,WODEN ISD,TRADITIONAL ISD/CSD,"TAYLOR, BRADY S","$147,800.00","$147,800.00",885,1
TX,9,MONTAGUE COUNTY,169901,BOWIE ISD,TRADITIONAL ISD/CSD,"ENLOW, JULIUS BLAKE","$147,536.00","$147,536.00",1503,1
TX,7,UPSHUR COUNTY,230906,NEW DIANA ISD,TRADITIONAL ISD/CSD,"MOORE, MARSHALL DOUGLAS","$147,500.00","$147,500.00",1136,1
TX,18,PECOS COUNTY,186903,IRAAN-SHEFFIELD COLLEGIATE ISD,TRADITIONAL ISD/CSD,"LARAMORE, GARY B","$147,400.00","$147,400.00",333,1
TX,17,LAMB COUNTY,140901,AMHERST ISD,TRADITIONAL ISD/CSD,"RODGERS, JOEL W","$147,346.00","$147,346.00",102,1
TX,19,EL PASO COUNTY,71908,TORNILLO ISD,TRADITIONAL ISD/CSD,"VEGA-BARRIO, ROSA I","$147,155.00","$147,155.00",726,1
TX,12,LIMESTONE COUNTY,147901,COOLIDGE ISD,TRADITIONAL ISD/CSD,"LOWRY, ROBERT DALE","$146,494.00","$146,494.00",287,1
TX,6,POLK COUNTY,187904,CORRIGAN-CAMDEN ISD,TRADITIONAL ISD/CSD,"AIKEN, BRIAN DAVID","$146,491.00","$146,491.00",834,1
TX,5,JEFFERSON COUNTY,123914,HAMSHIRE-FANNETT ISD,TRADITIONAL ISD/CSD,"AUGUSTINE, DWAINE K","$146,330.00","$146,330.00",2006,1
TX,18,REAGAN COUNTY,192901,REAGAN COUNTY ISD,TRADITIONAL ISD/CSD,"HALLMARK, ERIC LYNN","$146,185.00","$146,185.00",855,1
TX,1,HIDALGO COUNTY,108914,LA VILLA ISD,TRADITIONAL ISD/CSD,"MUNOZ, ROBERTO","$146,000.00","$146,000.00",512,1
TX,14,JONES COUNTY,127906,STAMFORD ISD,TRADITIONAL ISD/CSD,"PHILLIPS, ROBERT M","$145,990.00","$145,990.00",586,1
TX,5,JASPER COUNTY,121903,BUNA ISD,TRADITIONAL ISD/CSD,"BOYD, WILLIAM H","$122,365.00","$145,742.00",1474,0.84
TX,1,JIM HOGG COUNTY,124901,JIM HOGG COUNTY ISD,TRADITIONAL ISD/CSD,"GARZA, SUSANA P","$48,562.00","$145,701.00",967,0.33
TX,5,LIBERTY COUNTY,146905,HULL-DAISETTA ISD,TRADITIONAL ISD/CSD,"BARTRAM, TIMOTHY LYNN","$145,601.00","$145,601.00",429,1
TX,20,LA SALLE COUNTY,142901,COTULLA ISD,TRADITIONAL ISD/CSD,"NAVA, RAMIRO","$145,600.00","$145,600.00",1157,1
TX,12,BOSQUE COUNTY,18901,CLIFTON ISD,TRADITIONAL ISD/CSD,"BALL, HUGH ANDREW","$145,500.00","$145,500.00",1001,1
TX,15,COLEMAN COUNTY,42905,PANTHER CREEK CISD,TRADITIONAL ISD/CSD,"NANNY, DWIGHT LEON","$3,649.00","$145,378.00",163,0.03
TX,17,HALE COUNTY,95901,ABERNATHY ISD,TRADITIONAL ISD/CSD,"WALDRIP, AARON MARK","$145,190.00","$145,190.00",808,1
TX,9,YOUNG COUNTY,252903,OLNEY ISD,TRADITIONAL ISD/CSD,"ROACH, ROBERT GREG","$145,003.00","$145,003.00",691,1
TX,12,BELL COUNTY,14901,ACADEMY ISD,TRADITIONAL ISD/CSD,"NOLEN, DARLA K","$145,000.00","$145,000.00",1832,1
TX,3,WHARTON COUNTY,241901,BOLING ISD,TRADITIONAL ISD/CSD,"JEDLICKA, KEITH J","$72,500.00","$145,000.00",1151,0.5
TX,8,HOPKINS COUNTY,112905,CUMBY COLLEGIATE ISD,TRADITIONAL ISD/CSD,"SLAUGHTER, SHELLY LEE","$145,000.00","$145,000.00",463,1
TX,11,ERATH COUNTY,72902,DUBLIN ISD,TRADITIONAL ISD/CSD,"SUMMERS, MELISSA K","$145,000.00","$145,000.00",1125,1
TX,5,LIBERTY COUNTY,146904,HARDIN ISD,TRADITIONAL ISD/CSD,"MACKEY, SCOTT A","$145,000.00","$145,000.00",1257,1
TX,20,UVALDE COUNTY,232901,KNIPPA ISD,TRADITIONAL ISD/CSD,"HERNANDEZ, BENNY PRAJEDES","$145,000.00","$145,000.00",408,1
TX,13,LEE COUNTY,144902,LEXINGTON ISD,TRADITIONAL ISD/CSD,"LIGHTFOOT, JIMMY CLIFFORD","$145,000.00","$145,000.00",1052,1
TX,10,HUNT COUNTY,116906,LONE OAK ISD,TRADITIONAL ISD/CSD,"CARTER, JANEE D","$145,000.00","$145,000.00",1137,1
TX,11,COOKE COUNTY,49903,VALLEY VIEW ISD,TRADITIONAL ISD/CSD,"WOMACK, CLIFTON JAMES","$145,000.00","$145,000.00",851,1
TX,12,HAMILTON COUNTY,97902,HAMILTON ISD,TRADITIONAL ISD/CSD,"STEWART, WILLIAM","$144,900.00","$144,900.00",823,1
TX,10,FANNIN COUNTY,74909,LEONARD ISD,TRADITIONAL ISD/CSD,"MAXWELL, MICHAEL BRADLEY","$144,840.00","$144,840.00",815,1
TX,10,GRAYSON COUNTY,91914,S AND S CISD,TRADITIONAL ISD/CSD,"RUSSELL, JEFFREY LEWIS","$144,462.00","$144,462.00",944,1
TX,7,PANOLA COUNTY,183901,BECKVILLE ISD,TRADITIONAL ISD/CSD,"TATE, DEVIN L","$144,392.00","$144,392.00",684,1
TX,17,HOCKLEY COUNTY,110906,SMYER ISD,TRADITIONAL ISD/CSD,"WADE, CHRISTOPHER LEE","$144,127.00","$144,127.00",431,1
TX,3,COLORADO COUNTY,45903,RICE CISD,TRADITIONAL ISD/CSD,"CENTER, KENDALL D","$144,000.00","$144,000.00",1306,1
TX,12,CORYELL COUNTY,50910,COPPERAS COVE ISD,TRADITIONAL ISD/CSD,"BURNS, JOSEPH","$143,964.00","$143,964.00",7761,1
TX,16,SWISHER COUNTY,219903,TULIA ISD,TRADITIONAL ISD/CSD,"JOHNSON, DIXIE N","$143,883.00","$143,883.00",801,1
TX,3,REFUGIO COUNTY,196903,REFUGIO ISD,TRADITIONAL ISD/CSD,"GONZALES, MELISSA S","$126,441.00","$143,520.00",656,0.88
TX,15,BROWN COUNTY,25901,BANGS ISD,TRADITIONAL ISD/CSD,"MARTIN, JOSHUA L","$143,384.00","$143,384.00",793,1
TX,12,HILL COUNTY,109903,COVINGTON ISD,TRADITIONAL ISD/CSD,"HESKETT, CHRIS M","$143,305.00","$143,305.00",353,1
TX,12,MCLENNAN COUNTY,161910,MOODY ISD,TRADITIONAL ISD/CSD,"MILLER, ANDREW ROSS","$143,000.00","$143,000.00",751,1
TX,17,LAMB COUNTY,140905,OLTON ISD,TRADITIONAL ISD/CSD,"MICHALESON, MICHAEL ALLAN","$143,000.00","$143,000.00",612,1
TX,2,DUVAL COUNTY,66901,BENAVIDES ISD,TRADITIONAL ISD/CSD,"BUENO, SAMUEL","$142,900.00","$142,900.00",148,1
TX,4,BRAZORIA COUNTY,20910,DAMON ISD,TRADITIONAL ISD/CSD,"HAYWARD, DAVID G","$71,250.00","$142,500.00",107,0.5
TX,7,SAN AUGUSTINE COUNTY,203901,SAN AUGUSTINE ISD,TRADITIONAL ISD/CSD,"LIEPMAN, MARGARET VIRGINIA","$142,500.00","$142,500.00",597,1
TX,5,GALVESTON COUNTY,84903,HIGH ISLAND ISD,TRADITIONAL ISD/CSD,"WALKER, DAVID RAY","$142,000.00","$142,000.00",132,1
TX,12,BELL COUNTY,14907,ROGERS ISD,TRADITIONAL ISD/CSD,"BRASHEAR, DUANA SHEFFIELD","$142,000.00","$142,000.00",893,1
TX,12,HAMILTON COUNTY,97903,HICO ISD,TRADITIONAL ISD/CSD,"STEGALL, SHELLI DYANN","$141,960.00","$141,960.00",627,1
TX,12,MCLENNAN COUNTY,161916,WEST ISD,TRADITIONAL ISD/CSD,"TRUITT, DAVID S","$141,750.00","$141,750.00",1300,1
TX,20,GUADALUPE COUNTY,94904,MARION ISD,TRADITIONAL ISD/CSD,"BECK, DON M","$141,600.00","$141,600.00",1709,1
TX,6,LEON COUNTY,145911,LEON ISD,TRADITIONAL ISD/CSD,"SADLER, CLINTON RAY","$141,500.00","$141,500.00",758,1
TX,7,SABINE COUNTY,202905,WEST SABINE ISD,TRADITIONAL ISD/CSD,"GILDER, CARNELIUS D","$141,440.00","$141,440.00",638,1
TX,12,MCLENNAN COUNTY,161912,RIESEL ISD,TRADITIONAL ISD/CSD,"COPE, BRANDON DUANE","$141,120.00","$141,120.00",689,1
TX,5,JASPER COUNTY,121904,JASPER ISD,TRADITIONAL ISD/CSD,"SEYBOLD, JOHN ALLEN","$141,099.00","$141,099.00",2070,1
TX,9,WICHITA COUNTY,243906,CITY VIEW ISD,TRADITIONAL ISD/CSD,"THOMAS, JESSE DWAYNE","$141,021.00","$141,021.00",1152,1
TX,18,CULBERSON COUNTY,55901,CULBERSON COUNTY-ALLAMOORE ISD,TRADITIONAL ISD/CSD,"BAUGH, KENNETH R","$141,000.00","$141,000.00",381,1
TX,7,SMITH COUNTY,212910,WINONA ISD,TRADITIONAL ISD/CSD,"MILLER, DAMENION DARRELL","$141,000.00","$141,000.00",1166,1
TX,7,SHELBY COUNTY,210902,JOAQUIN ISD,TRADITIONAL ISD/CSD,"FULLER, MARVIN RYAN","$140,800.00","$140,800.00",720,1
TX,3,DEWITT COUNTY,62903,YOAKUM ISD,TRADITIONAL ISD/CSD,"KELLEY, THOMAS B","$140,500.00","$140,500.00",1458,1
TX,15,KIMBLE COUNTY,134901,JUNCTION ISD,TRADITIONAL ISD/CSD,"WIMBERLEY, KEN L","$140,450.00","$140,450.00",589,1
TX,2,BEE COUNTY,13905,SKIDMORE-TYNAN ISD,TRADITIONAL ISD/CSD,"WATERHOUSE, RICHARD BRIAN","$140,400.00","$140,400.00",775,1
TX,14,JONES COUNTY,127904,HAWLEY ISD,TRADITIONAL ISD/CSD,"MCBRAYER, CASSIDY DEEANN","$140,356.00","$140,356.00",773,1
TX,20,WILSON COUNTY,247904,POTH ISD,TRADITIONAL ISD/CSD,"BYROM, ALBERT L","$140,315.00","$140,315.00",962,1
TX,10,FANNIN COUNTY,74903,BONHAM ISD,TRADITIONAL ISD/CSD,"WILSON, JOY R","$140,000.00","$140,000.00",2029,1
TX,15,MCCULLOCH COUNTY,160901,BRADY ISD,TRADITIONAL ISD/CSD,"MARTINEZ, HECTOR","$140,000.00","$140,000.00",935,1
TX,14,STEPHENS COUNTY,215901,BRECKENRIDGE ISD,TRADITIONAL ISD/CSD,"WILSON, PRAIRIE P","$140,000.00","$140,000.00",1374,1
TX,5,TYLER COUNTY,229901,COLMESNEIL ISD,TRADITIONAL ISD/CSD,"TULE, SHARON B","$140,000.00","$140,000.00",414,1
TX,20,KENDALL COUNTY,130902,COMFORT ISD,TRADITIONAL ISD/CSD,"MUNOZ, YVONNE J","$140,000.00","$140,000.00",1072,1
TX,8,CASS COUNTY,34905,LINDEN-KILDARE CISD,TRADITIONAL ISD/CSD,"BURKS, BILLY REX","$140,000.00","$140,000.00",617,1
TX,1,HIDALGO COUNTY,108915,MONTE ALTO ISD,TRADITIONAL ISD/CSD,"RODRIGUEZ, REYES ISAAC","$140,000.00","$140,000.00",819,1
TX,12,HILL COUNTY,109914,PENELOPE ISD,TRADITIONAL ISD/CSD,"BRAY, ROBERT TIMOTHY","$140,000.00","$140,000.00",216,1
TX,18,UPTON COUNTY,231902,RANKIN ISD,TRADITIONAL ISD/CSD,"MURPHY, AUDIE SHAYE","$140,000.00","$140,000.00",301,1
TX,9,BAYLOR COUNTY,12901,SEYMOUR ISD,TRADITIONAL ISD/CSD,"ANDERSON, JOHN K","$140,000.00","$140,000.00",594,1
TX,10,GRAYSON COUNTY,91918,TOM BEAN ISD,TRADITIONAL ISD/CSD,"GOODMAN, STEVEN J","$140,000.00","$140,000.00",741,1
TX,10,FANNIN COUNTY,74912,TRENTON ISD,TRADITIONAL ISD/CSD,"STRICKLAND, JEREMY D","$140,000.00","$140,000.00",712,1
TX,3,COLORADO COUNTY,45905,WEIMAR ISD,TRADITIONAL ISD/CSD,"SEELKE, T CHASE","$140,000.00","$140,000.00",732,1
TX,12,FALLS COUNTY,73901,CHILTON ISD,TRADITIONAL ISD/CSD,"HUBBARD, BRANDON KEITH","$139,606.00","$139,606.00",566,1
TX,14,COMANCHE COUNTY,47901,COMANCHE ISD,TRADITIONAL ISD/CSD,"INGRAM, ANITA L","$139,403.00","$139,403.00",1378,1
TX,18,REEVES COUNTY,195902,BALMORHEA ISD,TRADITIONAL ISD/CSD,"MASSEY, JOHN W","$139,244.00","$139,244.00",146,1
TX,15,MASON COUNTY,157901,MASON ISD,TRADITIONAL ISD/CSD,"LEAMON, SEAN RAY","$139,000.00","$139,000.00",700,1
TX,14,TAYLOR COUNTY,221904,MERKEL ISD,TRADITIONAL ISD/CSD,"O'MALLEY, WILLIAM JOSEPH","$138,978.00","$138,978.00",1090,1
TX,7,WOOD COUNTY,250906,ALBA-GOLDEN ISD,TRADITIONAL ISD/CSD,"DAVIDSON, SHELBY L","$138,900.00","$138,900.00",818,1
TX,7,WOOD COUNTY,250904,QUITMAN ISD,TRADITIONAL ISD/CSD,"MASON, CHRISTOPHER D","$138,740.00","$138,740.00",1208,1
TX,12,MCLENNAN COUNTY,161908,MART ISD,TRADITIONAL ISD/CSD,"BURNETT, ELIZABETH","$138,240.00","$138,240.00",605,1
TX,17,COTTLE COUNTY,51901,PADUCAH ISD,TRADITIONAL ISD/CSD,"WAITMAN, GARY JOHN","$138,179.00","$138,179.00",156,1
TX,7,HENDERSON COUNTY,107905,EUSTACE ISD,TRADITIONAL ISD/CSD,"PERRY, RANDAL A","$138,000.00","$138,000.00",1711,1
TX,18,MARTIN COUNTY,156905,GRADY ISD,TRADITIONAL ISD/CSD,"GONZALES, LEANDRO","$138,000.00","$138,000.00",241,1
TX,6,BURLESON COUNTY,26903,SNOOK ISD,TRADITIONAL ISD/CSD,"PAPE, MEGAN ANNETTE-CULBRE","$138,000.00","$138,000.00",609,1
TX,17,GAINES COUNTY,83901,SEAGRAVES ISD,TRADITIONAL ISD/CSD,"AVEY, YVONNE BERNADETTE","$137,945.00","$137,945.00",525,1
TX,10,HUNT COUNTY,116915,BLAND ISD,TRADITIONAL ISD/CSD,"BYMASTER, BRIAN K","$137,920.00","$137,920.00",777,1
TX,14,HASKELL COUNTY,104901,HASKELL CISD,TRADITIONAL ISD/CSD,"HISE, LONNIE ALAN","$137,800.00","$137,800.00",544,1
TX,8,BOWIE COUNTY,19911,RED LICK ISD,TRADITIONAL ISD/CSD,"DENNARD, BRANDON","$137,800.00","$137,800.00",504,1
TX,7,ANDERSON COUNTY,1903,ELKHART ISD,TRADITIONAL ISD/CSD,"JOHNSON, KYLE TAYLOR","$137,612.00","$137,612.00",1187,1
TX,18,BREWSTER COUNTY,22903,SAN VICENTE ISD,TRADITIONAL ISD/CSD,"MILAM, JESSICA R","$68,750.00","$137,500.00",-999,0.5
TX,7,ANDERSON COUNTY,1904,FRANKSTON ISD,TRADITIONAL ISD/CSD,"COOK, PAIGE NICOLE","$137,235.00","$137,235.00",811,1
TX,12,MILAM COUNTY,166907,BUCKHOLTS ISD,TRADITIONAL ISD/CSD,"GODFREY, REMY ALEXANDRIA","$137,212.00","$137,212.00",112,1
TX,1,WILLACY COUNTY,245902,LYFORD CISD,TRADITIONAL ISD/CSD,"DEWITT, MICHELLE CRYSTAL","$137,025.00","$137,025.00",1396,1
TX,11,WISE COUNTY,249902,BOYD ISD,TRADITIONAL ISD/CSD,"WOODY, THOMAS CLAYTON","$137,000.00","$137,000.00",1386,1
TX,8,MORRIS COUNTY,172905,PEWITT CISD,TRADITIONAL ISD/CSD,"CORBIN, LEE A","$137,000.00","$137,000.00",853,1
TX,14,HASKELL COUNTY,104907,PAINT CREEK ISD,TRADITIONAL ISD/CSD,"HILL, MICHAEL GLEN","$136,895.00","$136,895.00",111,1
TX,11,COOKE COUNTY,49902,MUENSTER ISD,TRADITIONAL ISD/CSD,"QUICK, MATTHEW T","$136,875.00","$136,875.00",570,1
TX,10,GRAYSON COUNTY,91907,TIOGA ISD,TRADITIONAL ISD/CSD,"BALLINGER, JAMES JOSHUA","$136,800.00","$136,800.00",664,1
TX,7,ANDERSON COUNTY,1909,SLOCUM ISD,TRADITIONAL ISD/CSD,"LASITER, CLIFFORD A","$136,500.00","$136,500.00",323,1
TX,11,WISE COUNTY,249904,CHICO ISD,TRADITIONAL ISD/CSD,"BRAWNER, RANDY L","$136,400.00","$136,400.00",572,1
TX,6,TRINITY COUNTY,228905,APPLE SPRINGS ISD,TRADITIONAL ISD/CSD,"MOREE, CODY WAYNE","$67,725.00","$136,240.00",179,0.5
TX,12,MCLENNAN COUNTY,161901,CRAWFORD ISD,TRADITIONAL ISD/CSD,"HALL, KENNETH ALTON","$135,999.00","$135,999.00",596,1
TX,12,MCLENNAN COUNTY,161923,BOSQUEVILLE ISD,TRADITIONAL ISD/CSD,"SKEELER, JAMES WILLIAM","$135,960.00","$135,960.00",729,1
TX,10,HUNT COUNTY,116916,BOLES ISD,TRADITIONAL ISD/CSD,"HIX-MORELAND, MIKAYLE A","$135,827.00","$135,827.00",543,1
TX,1,WILLACY COUNTY,245901,LASARA ISD,TRADITIONAL ISD/CSD,"SALAZAR, ALEJOS","$135,800.00","$135,800.00",343,1
TX,15,TOM GREEN COUNTY,226906,WALL ISD,TRADITIONAL ISD/CSD,"DACY, RUSSELL M","$135,452.00","$135,452.00",1313,1
TX,11,HOOD COUNTY,111903,TOLAR ISD,TRADITIONAL ISD/CSD,"STILWELL, TRAVIS W","$135,325.00","$135,325.00",884,1
TX,17,TERRY COUNTY,223904,WELLMAN-UNION CISD,TRADITIONAL ISD/CSD,"WHEELER, NATE R","$135,125.00","$135,125.00",248,1
TX,2,JIM WELLS COUNTY,125902,BEN BOLT-PALITO BLANCO ISD,TRADITIONAL ISD/CSD,"JOSLIN, VICTORIA SAENZ","$135,000.00","$135,000.00",444,1
TX,12,NAVARRO COUNTY,175902,BLOOMING GROVE ISD,TRADITIONAL ISD/CSD,"GRIGGS, JOHN","$135,000.00","$135,000.00",935,1
TX,7,NACOGDOCHES COUNTY,174908,CENTRAL HEIGHTS ISD,TRADITIONAL ISD/CSD,"RUSSELL, DAVID","$135,000.00","$135,000.00",1096,1
TX,8,DELTA COUNTY,60902,COOPER ISD,TRADITIONAL ISD/CSD,"NORRIS, AMBER LEA","$135,000.00","$135,000.00",903,1
TX,12,NAVARRO COUNTY,175905,FROST ISD,TRADITIONAL ISD/CSD,"REYNOLDS, STEVEN K","$135,000.00","$135,000.00",462,1
TX,2,LIVE OAK COUNTY,149901,GEORGE WEST ISD,TRADITIONAL ISD/CSD,"QUESADA, ROLAND","$135,000.00","$135,000.00",1063,1
TX,11,ERATH COUNTY,72908,HUCKABAY ISD,TRADITIONAL ISD/CSD,"CORZINE, THOMAS WESLEY","$135,000.00","$135,000.00",327,1
TX,13,BLANCO COUNTY,16901,JOHNSON CITY ISD,TRADITIONAL ISD/CSD,"EUBANKS, BENJAMIN EVERETT","$135,000.00","$135,000.00",707,1
TX,6,LEON COUNTY,145907,OAKWOOD ISD,TRADITIONAL ISD/CSD,"HOLDEN, RUSSELL E","$135,000.00","$135,000.00",203,1
TX,15,RUNNELS COUNTY,200906,OLFEN ISD,TRADITIONAL ISD/CSD,"SCHUMANN, JAMES ELTON","$135,000.00","$135,000.00",145,1
TX,11,PARKER COUNTY,184901,POOLVILLE ISD,TRADITIONAL ISD/CSD,"PENNINGTON, CHRISTOPHER P","$135,000.00","$135,000.00",797,1
TX,17,HOCKLEY COUNTY,110905,ROPES ISD,TRADITIONAL ISD/CSD,"COSBY, JACOB MCDADE","$135,000.00","$135,000.00",622,1
TX,11,WISE COUNTY,249908,SLIDELL ISD,TRADITIONAL ISD/CSD,"WILLIAMS, TAYLOR","$135,000.00","$135,000.00",497,1
TX,16,HANSFORD COUNTY,98904,SPEARMAN ISD,TRADITIONAL ISD/CSD,"LAYMAN, JAMES TODD","$135,000.00","$135,000.00",692,1
TX,1,WEBB COUNTY,240904,WEBB CISD,TRADITIONAL ISD/CSD,"GARZA, HILDEGARDO H","$135,000.00","$135,000.00",240,1
TX,10,ELLIS COUNTY,70901,AVALON ISD,TRADITIONAL ISD/CSD,"MARSHALL, KHRISTOPHER G","$134,845.00","$134,845.00",347,1
TX,7,UPSHUR COUNTY,230905,HARMONY ISD,TRADITIONAL ISD/CSD,"ALPHIN, MICHAEL JAY","$134,394.00","$134,394.00",895,1
TX,6,ROBERTSON COUNTY,198906,MUMFORD ISD,TRADITIONAL ISD/CSD,"REESE, ALLEN THOMAS","$44,786.00","$134,371.00",598,0.33
TX,10,HUNT COUNTY,116910,CAMPBELL ISD,TRADITIONAL ISD/CSD,"MORGAN, DENISE","$134,268.00","$134,268.00",269,1
TX,6,HOUSTON COUNTY,113903,LOVELADY ISD,TRADITIONAL ISD/CSD,"TULLOS, WENDY L","$134,204.00","$134,204.00",515,1
TX,12,BELL COUNTY,14905,HOLLAND ISD,TRADITIONAL ISD/CSD,"DOWNING, JOSHUA SHANE","$134,000.00","$134,000.00",646,1
TX,17,CROSBY COUNTY,54903,RALLS ISD,TRADITIONAL ISD/CSD,"MUNIZ, OSCAR S","$133,759.00","$133,759.00",370,1
TX,3,WHARTON COUNTY,241902,EAST BERNARD ISD,TRADITIONAL ISD/CSD,"HUDGINS, COURTNEY LAYNE","$133,500.00","$133,500.00",997,1
TX,3,KARNES COUNTY,128902,KENEDY ISD,TRADITIONAL ISD/CSD,"BOWERS, CALVIN BROCK","$133,500.00","$133,500.00",758,1
TX,8,CASS COUNTY,34903,HUGHES SPRINGS ISD,TRADITIONAL ISD/CSD,"DILDINE, SARAH A","$133,314.00","$133,314.00",1090,1
TX,12,NAVARRO COUNTY,175907,KERENS ISD,TRADITIONAL ISD/CSD,"BRUMIT, MARTIN H","$133,308.00","$133,308.00",657,1
TX,6,GRIMES COUNTY,93901,ANDERSON-SHIRO CISD,TRADITIONAL ISD/CSD,"BOROWICZ, SARAH JEAN","$133,000.00","$133,000.00",979,1
TX,16,PARMER COUNTY,185903,FRIONA ISD,TRADITIONAL ISD/CSD,"ROSALES, DANIEL M","$133,000.00","$133,000.00",1016,1
TX,12,CORYELL COUNTY,50909,JONESBORO ISD,TRADITIONAL ISD/CSD,"DOSSEY, MATTHEW F","$133,000.00","$133,000.00",337,1
TX,17,DAWSON COUNTY,58909,SANDS CISD,TRADITIONAL ISD/CSD,"HENDERSON, EURAL WAYNE","$132,951.00","$132,951.00",232,1
TX,3,MATAGORDA COUNTY,158905,PALACIOS ISD,TRADITIONAL ISD/CSD,"DUNCUM, JARED MATTHEW","$132,743.00","$132,743.00",1265,1
TX,6,MILAM COUNTY,166903,MILANO ISD,TRADITIONAL ISD/CSD,"LUEVANOS, ELISABETH AVILA","$132,600.00","$132,600.00",423,1
TX,13,LEE COUNTY,144903,DIME BOX ISD,TRADITIONAL ISD/CSD,"DAVIS KENNEDY, EDNA YVONNE","$132,500.00","$132,500.00",156,1
TX,7,GREGG COUNTY,92906,SABINE ISD,TRADITIONAL ISD/CSD,"PEPPER, MONTY L","$132,397.00","$132,397.00",1583,1
TX,8,TITUS COUNTY,225906,CHAPEL HILL ISD,TRADITIONAL ISD/CSD,"PRITCHETT, DANIEL","$132,249.00","$132,249.00",928,1
TX,2,DUVAL COUNTY,66903,FREER ISD,TRADITIONAL ISD/CSD,"CANTU, CONRAD","$132,205.00","$132,205.00",709,1
TX,3,LAVACA COUNTY,143903,SHINER ISD,TRADITIONAL ISD/CSD,"REMSCHEL, ALEX L","$132,000.00","$132,000.00",721,1
TX,11,PALO PINTO COUNTY,182906,PALO PINTO ISD,TRADITIONAL ISD/CSD,"BARKER, WENDELL RAY","$131,907.00","$131,907.00",94,1
TX,15,SCHLEICHER COUNTY,207901,SCHLEICHER ISD,TRADITIONAL ISD/CSD,"AGUERO, OSCAR NATHAN","$131,800.00","$131,800.00",415,1
TX,8,CASS COUNTY,34909,BLOOMBURG ISD,TRADITIONAL ISD/CSD,"STROMAN, BRIAN PAUL","$131,624.00","$131,624.00",229,1
TX,13,MILAM COUNTY,166905,THORNDALE ISD,TRADITIONAL ISD/CSD,"KLEYPAS, ZACHARY AARON","$131,580.00","$131,580.00",637,1
TX,10,GRAYSON COUNTY,91902,COLLINSVILLE ISD,TRADITIONAL ISD/CSD,"DAVENPORT, MATTHEW SHAUN","$131,500.00","$131,500.00",600,1
TX,1,CAMERON COUNTY,31914,SANTA ROSA ISD,TRADITIONAL ISD/CSD,"CHAPA, YOLANDA D","$37,258.00","$131,468.00",874,0.28
TX,16,COLLINGSWORTH COUNTY,44902,WELLINGTON ISD,TRADITIONAL ISD/CSD,"ASHMORE, KURT A","$131,416.00","$131,416.00",534,1
TX,7,WOOD COUNTY,250902,HAWKINS ISD,TRADITIONAL ISD/CSD,"MORTON, SUSAN T","$131,236.00","$131,236.00",811,1
TX,18,JEFF DAVIS COUNTY,122902,VALENTINE ISD,TRADITIONAL ISD/CSD,"ENGLE, DEBRA I","$26,561.00","$131,230.00",32,0.2
TX,7,SMITH COUNTY,212901,ARP ISD,TRADITIONAL ISD/CSD,"ARRINGTON, JOHN S","$131,159.00","$131,159.00",1008,1
TX,9,JACK COUNTY,119901,BRYSON ISD,TRADITIONAL ISD/CSD,"LONDON, THOMAS GREGORY","$131,040.00","$131,040.00",267,1
TX,20,MEDINA COUNTY,163902,D'HANIS ISD,TRADITIONAL ISD/CSD,"THOMPSON, ROBERT B","$131,000.00","$131,000.00",290,1
TX,6,HOUSTON COUNTY,113905,LATEXO ISD,TRADITIONAL ISD/CSD,"WOODARD, MICHAEL D","$131,000.00","$131,000.00",550,1
TX,14,JONES COUNTY,127903,HAMLIN COLLEGIATE ISD,TRADITIONAL ISD/CSD,"BLOCH, CHANDA L","$130,875.00","$130,875.00",402,1
TX,7,NACOGDOCHES COUNTY,174903,GARRISON ISD,TRADITIONAL ISD/CSD,"SPIVEY, TROY REID","$130,759.00","$130,759.00",736,1
TX,19,HUDSPETH COUNTY,115903,DELL CITY ISD,TRADITIONAL ISD/CSD,"CONTRERAS, CARLOS ARMANDO","$3,004.00","$130,609.00",76,0.02
TX,7,RUSK COUNTY,201913,CARLISLE ISD,TRADITIONAL ISD/CSD,"JOHNSON, JOSHUA S","$130,600.00","$130,600.00",646,1
TX,6,WASHINGTON COUNTY,239903,BURTON ISD,TRADITIONAL ISD/CSD,"CURRY, VIKKI LEVIVIAN","$130,500.00","$130,500.00",623,1
TX,3,WHARTON COUNTY,241906,LOUISE ISD,TRADITIONAL ISD/CSD,"WRIGHT, RICHARD M","$130,460.00","$130,460.00",535,1
TX,17,LYNN COUNTY,153904,TAHOKA ISD,TRADITIONAL ISD/CSD,"PRICE, TORREY LANE","$130,215.00","$130,215.00",612,1
TX,2,KLEBERG COUNTY,137902,RICARDO ISD,TRADITIONAL ISD/CSD,"GARZA, GINA DAVILA","$130,170.00","$130,170.00",659,1
TX,7,CHEROKEE COUNTY,37901,ALTO ISD,TRADITIONAL ISD/CSD,"WEST, KELLY B","$130,000.00","$130,000.00",505,1
TX,7,UPSHUR COUNTY,230901,BIG SANDY ISD,TRADITIONAL ISD/CSD,"BURNS, MICHAEL BRADLEY","$130,000.00","$130,000.00",649,1
TX,16,LIPSCOMB COUNTY,148901,BOOKER ISD,TRADITIONAL ISD/CSD,"LEE, MICHAEL R","$130,000.00","$130,000.00",343,1
TX,10,HUNT COUNTY,116902,CELESTE ISD,TRADITIONAL ISD/CSD,"CONNELLY, J BRADLEY","$130,000.00","$130,000.00",489,1
TX,20,ZAVALA COUNTY,254901,CRYSTAL CITY ISD,TRADITIONAL ISD/CSD,"BRIONES, DINA D","$130,000.00","$130,000.00",1643,1
TX,20,FRIO COUNTY,82902,DILLEY ISD,TRADITIONAL ISD/CSD,"DUBOSE, KELLI K","$130,000.00","$130,000.00",841,1
TX,6,HOUSTON COUNTY,113902,GRAPELAND ISD,TRADITIONAL ISD/CSD,"MAASS, DAVID P","$130,000.00","$130,000.00",574,1
TX,17,HALE COUNTY,95903,HALE CENTER ISD,TRADITIONAL ISD/CSD,"BAGGETT, KELLY R","$130,000.00","$130,000.00",561,1
TX,14,NOLAN COUNTY,177905,HIGHLAND ISD,TRADITIONAL ISD/CSD,"PYBURN, STEVEN GLEN","$130,000.00","$130,000.00",207,1
TX,12,HILL COUNTY,109907,ITASCA ISD,TRADITIONAL ISD/CSD,"HARRIS, TONYA J","$130,000.00","$130,000.00",638,1
TX,6,LEON COUNTY,145906,NORMANGEE ISD,TRADITIONAL ISD/CSD,"VERCHER, JUSTIN G","$130,000.00","$130,000.00",661,1
TX,8,LAMAR COUNTY,139912,PRAIRILAND ISD,TRADITIONAL ISD/CSD,"HOSTETLER, JASON ALAN","$130,000.00","$130,000.00",1105,1
TX,10,FANNIN COUNTY,74917,SAM RAYBURN ISD,TRADITIONAL ISD/CSD,"EVANS, DUSTIN S","$130,000.00","$130,000.00",469,1
TX,20,WILSON COUNTY,247906,STOCKDALE ISD,TRADITIONAL ISD/CSD,"DEAVER, TODD B","$130,000.00","$130,000.00",861,1
TX,2,LIVE OAK COUNTY,149902,THREE RIVERS ISD,TRADITIONAL ISD/CSD,"DRAGON, LESLIE JOHN","$130,000.00","$130,000.00",566,1
TX,7,UPSHUR COUNTY,230908,UNION GROVE ISD,TRADITIONAL ISD/CSD,"MOORE, KELLY KAY","$130,000.00","$130,000.00",720,1
TX,12,CORYELL COUNTY,50904,OGLESBY ISD,TRADITIONAL ISD/CSD,"WEBB, SHANE D","$129,677.00","$129,677.00",237,1
TX,15,TOM GREEN COUNTY,226908,VERIBEST ISD,TRADITIONAL ISD/CSD,"TRAYLOR, AMANDA SUSAN","$129,672.00","$129,672.00",263,1
TX,17,CROSBY COUNTY,54901,CROSBYTON CISD,TRADITIONAL ISD/CSD,"RODRIGUEZ, DAVID JOHN","$129,359.00","$129,359.00",316,1
TX,9,WICHITA COUNTY,243902,ELECTRA ISD,TRADITIONAL ISD/CSD,"HASLEY, DONALD B","$129,150.00","$129,150.00",442,1
TX,15,EDWARDS COUNTY,69901,ROCKSPRINGS ISD,TRADITIONAL ISD/CSD,"DEL BOSQUE, JUSTIN LEE","$129,000.00","$129,000.00",200,1
TX,16,HARTLEY COUNTY,103902,HARTLEY ISD,TRADITIONAL ISD/CSD,"VINCENT, SCOTT","$128,884.00","$128,884.00",236,1
TX,15,IRION COUNTY,118902,IRION COUNTY ISD,TRADITIONAL ISD/CSD,"MOORE, SARA NICOLE","$128,750.00","$128,750.00",334,1
TX,3,VICTORIA COUNTY,235901,BLOOMINGTON ISD,TRADITIONAL ISD/CSD,"CORMIER, ERIC PAUL","$128,000.00","$128,000.00",795,1
TX,6,GRIMES COUNTY,93903,IOLA ISD,TRADITIONAL ISD/CSD,"DYER, JEFFERY KENT","$128,000.00","$128,000.00",626,1
TX,7,VAN ZANDT COUNTY,234905,MARTINS MILL ISD,TRADITIONAL ISD/CSD,"TYNER, SCOTT D","$127,969.00","$127,969.00",496,1
TX,7,RUSK COUNTY,201907,MOUNT ENTERPRISE ISD,TRADITIONAL ISD/CSD,"MAYS, CHANCE D","$127,575.00","$127,575.00",501,1
TX,15,CONCHO COUNTY,48901,EDEN CISD,TRADITIONAL ISD/CSD,"GANDY, MISTY LEIGH","$127,500.00","$127,500.00",222,1
TX,3,DEWITT COUNTY,62902,NORDHEIM ISD,TRADITIONAL ISD/CSD,"WILSON, JOHN KEVIN","$127,360.00","$127,360.00",116,1
TX,20,KERR COUNTY,133902,HUNT ISD,TRADITIONAL ISD/CSD,"HARMON, LUCI LINN","$110,658.00","$127,339.00",196,0.87
TX,12,HILL COUNTY,109912,AQUILLA ISD,TRADITIONAL ISD/CSD,"EDISON, DAVID ALLEN","$127,000.00","$127,000.00",332,1
TX,5,NEWTON COUNTY,176903,DEWEYVILLE ISD,TRADITIONAL ISD/CSD,"ADDISON, LAJUAN B","$127,000.00","$127,000.00",564,1
TX,7,SABINE COUNTY,202903,HEMPHILL ISD,TRADITIONAL ISD/CSD,"ENGLISH, STEPHEN CARROLL","$127,000.00","$127,000.00",788,1
TX,3,JACKSON COUNTY,120902,GANADO ISD,TRADITIONAL ISD/CSD,"SZYMANSKI, JONATHON A","$126,814.00","$126,814.00",712,1
TX,16,HANSFORD COUNTY,98901,GRUVER ISD,TRADITIONAL ISD/CSD,"CALLAWAY, WADE ALLEN","$126,500.00","$126,500.00",409,1
TX,6,HOUSTON COUNTY,113901,CROCKETT ISD,TRADITIONAL ISD/CSD,"MOORE, DOUGLAS EARL","$81,134.00","$126,436.00",1124,0.64
TX,16,DONLEY COUNTY,65901,CLARENDON ISD,TRADITIONAL ISD/CSD,"BELLAR, JAROD A","$126,111.00","$126,111.00",401,1
TX,10,ELLIS COUNTY,70907,ITALY ISD,TRADITIONAL ISD/CSD,"KISTNER, RACHEL L","$126,097.00","$126,097.00",597,1
TX,20,ZAVALA COUNTY,254902,LA PRYOR ISD,TRADITIONAL ISD/CSD,"AREVALO, WILLIAM DAVID","$126,055.00","$126,055.00",439,1
TX,6,BURLESON COUNTY,26902,SOMERVILLE ISD,TRADITIONAL ISD/CSD,"HOLTON, ERIC EDWARD","$126,000.00","$126,000.00",567,1
TX,2,KLEBERG COUNTY,137904,SANTA GERTRUDIS ISD,TRADITIONAL ISD/CSD,"ALFARO, VERONICA","$125,660.00","$125,660.00",826,1
TX,16,HANSFORD COUNTY,98903,PRINGLE-MORSE CISD,TRADITIONAL ISD/CSD,"BURROW, STANLEY SCOTT","$125,500.00","$125,500.00",128,1
TX,7,HENDERSON COUNTY,107906,MALAKOFF ISD,TRADITIONAL ISD/CSD,"LAYTON, DONALD EUGENE","$90,588.00","$125,486.00",1511,0.72
TX,12,MCLENNAN COUNTY,161919,BRUCEVILLE-EDDY ISD,TRADITIONAL ISD/CSD,"KILGORE, RICHARD ALAN","$125,250.00","$125,250.00",565,1
TX,20,ATASCOSA COUNTY,7901,CHARLOTTE ISD,TRADITIONAL ISD/CSD,"SOLIS, ROGER","$125,235.00","$125,235.00",424,1
TX,16,PARMER COUNTY,185903,FRIONA ISD,TRADITIONAL ISD/CSD,"BURNS, JIMMY JACK","$91,071.00","$125,218.00",1016,0.73
TX,7,NACOGDOCHES COUNTY,174911,DOUGLASS ISD,TRADITIONAL ISD/CSD,"KEELING, JUSTIN","$125,006.00","$125,006.00",424,1
TX,8,DELTA COUNTY,60914,FANNINDEL ISD,TRADITIONAL ISD/CSD,"WADDELL, TRAVIS LYTTLETON","$125,000.00","$125,000.00",141,1
TX,12,MILLS COUNTY,167901,GOLDTHWAITE ISD,TRADITIONAL ISD/CSD,"BAILEY, CHRISTOPHER G","$125,000.00","$125,000.00",516,1
TX,6,TRINITY COUNTY,228901,GROVETON ISD,TRADITIONAL ISD/CSD,"DILLARD, JIM R","$125,000.00","$125,000.00",754,1
TX,8,RED RIVER COUNTY,194903,RIVERCREST ISD,TRADITIONAL ISD/CSD,"MABE, TIFFANY D","$125,000.00","$125,000.00",684,1
TX,20,UVALDE COUNTY,232902,SABINAL ISD,TRADITIONAL ISD/CSD,"CAMACHO, EDGAR BYRUM","$125,000.00","$125,000.00",462,1
TX,5,HARDIN COUNTY,100908,WEST HARDIN COUNTY CISD,TRADITIONAL ISD/CSD,"HESEMAN, DONALD RICHARD","$125,000.00","$125,000.00",535,1
TX,3,DEWITT COUNTY,62904,YORKTOWN ISD,TRADITIONAL ISD/CSD,"NIXON, GERALD S","$125,000.00","$125,000.00",574,1
TX,11,ERATH COUNTY,72904,BLUFF DALE ISD,TRADITIONAL ISD/CSD,"WELLS, JASON COREY","$124,800.00","$124,800.00",219,1
TX,12,BOSQUE COUNTY,18904,VALLEY MILLS ISD,TRADITIONAL ISD/CSD,"DOWDY, CHRISTOPHER THOMAS","$124,775.00","$124,775.00",669,1
TX,10,ELLIS COUNTY,70909,MILFORD ISD,TRADITIONAL ISD/CSD,"REYNA, AMY ELIZABETH","$124,613.00","$124,613.00",258,1
TX,7,ANDERSON COUNTY,1906,NECHES ISD,TRADITIONAL ISD/CSD,"HINES, CORY B","$124,384.00","$124,384.00",337,1
TX,8,HOPKINS COUNTY,112906,NORTH HOPKINS ISD,TRADITIONAL ISD/CSD,"LOWE, BRIAN C","$124,000.00","$124,000.00",495,1
TX,7,HENDERSON COUNTY,107908,MURCHISON ISD,TRADITIONAL ISD/CSD,"FOLLOWWELL, KIMBERLY ELISE","$48,627.00","$123,764.00",169,0.39
TX,17,DAWSON COUNTY,58902,DAWSON ISD,TRADITIONAL ISD/CSD,"JONES, GARY R","$123,600.00","$123,600.00",140,1
TX,18,UPTON COUNTY,231901,MCCAMEY ISD,TRADITIONAL ISD/CSD,"VALENCIA, MICHAEL DAVID","$123,579.00","$123,579.00",484,1
TX,17,TERRY COUNTY,223902,MEADOW ISD,TRADITIONAL ISD/CSD,"TURNER, STEVEN BRIC","$123,525.00","$123,525.00",230,1
TX,13,GILLESPIE COUNTY,86024,DOSS CONSOLIDATED CSD,TRADITIONAL ISD/CSD,"GELETKA, JOSEPH DAVID","$61,735.00","$123,470.00",20,0.5
TX,12,HILL COUNTY,109905,HUBBARD ISD,TRADITIONAL ISD/CSD,"TURNER, JUSTIN LEE","$123,394.00","$123,394.00",417,1
TX,13,FAYETTE COUNTY,75903,SCHULENBURG ISD,TRADITIONAL ISD/CSD,"MOTOMURA, JULIE ANN","$123,000.00","$123,000.00",684,1
TX,6,GRIMES COUNTY,93905,RICHARDS ISD,TRADITIONAL ISD/CSD,"SMITH, MICHAEL EARL","$122,985.00","$122,985.00",249,1
TX,12,NAVARRO COUNTY,175910,MILDRED ISD,TRADITIONAL ISD/CSD,"WHORTON, CHRISTOPHER ALLAN","$122,966.00","$122,966.00",838,1
TX,16,OLDHAM COUNTY,180901,BOYS RANCH ISD,TRADITIONAL ISD/CSD,"BROWN, KENNETH A","$122,800.00","$122,800.00",148,1
TX,15,GILLESPIE COUNTY,86902,HARPER ISD,TRADITIONAL ISD/CSD,"STEWART, BONNIE JOLENE","$122,770.00","$122,770.00",591,1
TX,17,DAWSON COUNTY,58905,KLONDIKE ISD,TRADITIONAL ISD/CSD,"MCLAREN, STEVEN CURTIS","$122,137.00","$122,137.00",261,1
TX,10,HUNT COUNTY,116909,WOLFE CITY ISD,TRADITIONAL ISD/CSD,"PESSEL, DONNA JEAN","$122,000.00","$122,000.00",713,1
TX,14,SCURRY COUNTY,208901,HERMLEIGH ISD,TRADITIONAL ISD/CSD,"ELLERBE, JESSIE W","$121,727.00","$121,727.00",258,1
TX,14,CALLAHAN COUNTY,30903,BAIRD ISD,TRADITIONAL ISD/CSD,"LITTLE, TIMOTHY","$121,540.00","$121,540.00",348,1
TX,11,COOKE COUNTY,49907,LINDSAY ISD,TRADITIONAL ISD/CSD,"COPE, STEVEN W","$121,275.00","$121,275.00",507,1
TX,6,POLK COUNTY,187906,LEGGETT ISD,TRADITIONAL ISD/CSD,"LOWE, JANA L","$121,008.00","$121,008.00",227,1
TX,14,TAYLOR COUNTY,221905,TRENT ISD,TRADITIONAL ISD/CSD,"OAKLEY, VANESSA WILLIAMS","$121,000.00","$121,000.00",144,1
TX,15,MENARD COUNTY,164901,MENARD ISD,TRADITIONAL ISD/CSD,"BANNOWSKY, AMY E","$120,986.00","$120,986.00",264,1
TX,7,RUSK COUNTY,201904,LEVERETTS CHAPEL ISD,TRADITIONAL ISD/CSD,"EVERETT, MATTHEW L","$120,950.00","$120,950.00",242,1
TX,9,KNOX COUNTY,138903,MUNDAY CISD,TRADITIONAL ISD/CSD,"PARTON, TROY G","$120,831.00","$120,831.00",421,1
TX,12,HILL COUNTY,109901,ABBOTT ISD,TRADITIONAL ISD/CSD,"PUSTEJOVSKY, ERIC D","$120,778.00","$120,778.00",284,1
TX,15,SUTTON COUNTY,218901,SONORA ISD,TRADITIONAL ISD/CSD,"KISSIRE, MICHAEL DON","$120,600.00","$120,600.00",643,1
TX,3,JACKSON COUNTY,120905,INDUSTRIAL ISD,TRADITIONAL ISD/CSD,"MOTLEY, CLARK F","$120,500.00","$120,500.00",1156,1
TX,15,BROWN COUNTY,25909,EARLY ISD,TRADITIONAL ISD/CSD,"OTTEN, JOAN EVANS","$120,332.00","$120,332.00",1067,1
TX,9,ARCHER COUNTY,5901,ARCHER CITY ISD,TRADITIONAL ISD/CSD,"HARTGRAVES, JON KYLE","$120,171.00","$120,171.00",484,1
TX,6,MADISON COUNTY,154903,NORTH ZULCH ISD,TRADITIONAL ISD/CSD,"COMPTON, KEVIN GENE","$120,051.00","$120,051.00",333,1
TX,14,NOLAN COUNTY,177903,BLACKWELL CISD,TRADITIONAL ISD/CSD,"SHIPMAN, BRYAN DAVID","$120,000.00","$120,000.00",186,1
TX,7,HARRISON COUNTY,102906,ELYSIAN FIELDS ISD,TRADITIONAL ISD/CSD,"SIMMONS, MONICA R","$120,000.00","$120,000.00",775,1
TX,16,PARMER COUNTY,185902,FARWELL ISD,TRADITIONAL ISD/CSD,"WALDROP, COLBY R","$120,000.00","$120,000.00",599,1
TX,18,JEFF DAVIS COUNTY,122901,FT DAVIS ISD,TRADITIONAL ISD/CSD,"HICKS, GRAYDON W","$60,000.00","$120,000.00",682,0.5
TX,18,GLASSCOCK COUNTY,87901,GLASSCOCK COUNTY ISD,TRADITIONAL ISD/CSD,"MARR, MALLORY LOUANNE","$120,000.00","$120,000.00",293,1
TX,15,RUNNELS COUNTY,200902,MILES ISD,TRADITIONAL ISD/CSD,"STEVENS, TY CHARLES","$120,000.00","$120,000.00",488,1
TX,7,UPSHUR COUNTY,230903,ORE CITY ISD,TRADITIONAL ISD/CSD,"EVERS, RACHEL ANN","$120,000.00","$120,000.00",788,1
TX,2,BEE COUNTY,13902,PAWNEE ISD,TRADITIONAL ISD/CSD,"ANNIS, ANTHONY A","$120,000.00","$120,000.00",630,1
TX,2,JIM WELLS COUNTY,125905,PREMONT ISD,TRADITIONAL ISD/CSD,"BARRERA, MIKE ALONZO","$120,000.00","$120,000.00",794,1
TX,14,FISHER COUNTY,76903,ROBY CISD,TRADITIONAL ISD/CSD,"BORDER, KENNETH R","$120,000.00","$120,000.00",297,1
TX,7,SHELBY COUNTY,210904,TENAHA ISD,TRADITIONAL ISD/CSD,"CAMPBELL, JERROD C","$120,000.00","$120,000.00",414,1
TX,16,OLDHAM COUNTY,180902,VEGA ISD,TRADITIONAL ISD/CSD,"ADAMS, JERRY WAYNE","$120,000.00","$120,000.00",340,1
TX,9,ARCHER COUNTY,5904,WINDTHORST ISD,TRADITIONAL ISD/CSD,"NOLAN, JASON DEWITT","$120,000.00","$120,000.00",506,1
TX,19,EL PASO COUNTY,71903,FABENS ISD,TRADITIONAL ISD/CSD,"TORRES, MARTIN","$119,911.00","$119,911.00",1865,1
TX,18,TERRELL COUNTY,222901,TERRELL COUNTY ISD,TRADITIONAL ISD/CSD,"LOWRANCE, TANNA","$59,896.00","$119,792.00",114,0.5
TX,17,KENT COUNTY,132902,JAYTON-GIRARD ISD,TRADITIONAL ISD/CSD,"BICKNELL, RICHARD S","$119,375.00","$119,375.00",169,1
TX,7,HENDERSON COUNTY,107910,LAPOYNOR ISD,TRADITIONAL ISD/CSD,"MILLS, MARSHA T","$119,300.00","$119,300.00",479,1
TX,3,DEWITT COUNTY,62906,MEYERSVILLE ISD,TRADITIONAL ISD/CSD,"DUNN, KELLY CLAY","$59,581.00","$119,162.00",176,0.5
TX,16,CARSON COUNTY,33904,WHITE DEER ISD,TRADITIONAL ISD/CSD,"LIMBAUGH, DUANE","$119,025.00","$119,025.00",322,1
TX,20,KINNEY COUNTY,136901,BRACKETT ISD,TRADITIONAL ISD/CSD,"DIAZ, MARIA ELIZA","$119,000.00","$119,000.00",521,1
TX,16,HUTCHINSON COUNTY,117903,SANFORD-FRITCH ISD,TRADITIONAL ISD/CSD,"GARRISON, JASON E","$118,815.00","$118,815.00",745,1
TX,15,TOM GREEN COUNTY,226907,GRAPE CREEK ISD,TRADITIONAL ISD/CSD,"GARDNER, TREY A","$118,800.00","$118,800.00",1196,1
TX,11,PARKER COUNTY,184911,GARNER ISD,TRADITIONAL ISD/CSD,"HALLMARK, REBECCA KAY","$118,732.00","$118,732.00",357,1
TX,9,WILBARGER COUNTY,244905,NORTHSIDE ISD,TRADITIONAL ISD/CSD,"RYAN, RANDALL PAUL","$92,600.00","$118,612.00",227,0.78
TX,7,HARRISON COUNTY,102903,WASKOM ISD,TRADITIONAL ISD/CSD,"PATTY, BOBBI RAE ANN","$118,609.00","$118,609.00",806,1
TX,3,LAVACA COUNTY,143902,MOULTON ISD,TRADITIONAL ISD/CSD,"FAIRCHILD, JENNIFER RENEE","$118,584.00","$118,584.00",293,1
TX,15,RUNNELS COUNTY,200901,BALLINGER ISD,TRADITIONAL ISD/CSD,"TOLIVER, CAROLINE N","$118,500.00","$118,500.00",775,1
TX,14,MITCHELL COUNTY,168903,WESTBROOK ISD,TRADITIONAL ISD/CSD,"THOMPSON, RAEMI C","$118,500.00","$118,500.00",220,1
TX,6,TRINITY COUNTY,228904,CENTERVILLE ISD,TRADITIONAL ISD/CSD,"BROWN, MARK WAYNE","$118,450.00","$118,450.00",145,1
TX,8,BOWIE COUNTY,19903,MAUD ISD,TRADITIONAL ISD/CSD,"SEGERS, RONALD DAVID","$118,450.00","$118,450.00",450,1
TX,17,COCHRAN COUNTY,40902,WHITEFACE CISD,TRADITIONAL ISD/CSD,"DAMRON, JOSHUA CABE","$118,450.00","$118,450.00",298,1
TX,12,FREESTONE COUNTY,81905,WORTHAM ISD,TRADITIONAL ISD/CSD,"BOSLEY, MELISSA VEE","$118,450.00","$118,450.00",535,1
TX,11,ERATH COUNTY,72901,THREE WAY ISD,TRADITIONAL ISD/CSD,"OTT, WILLIAM TEDDY","$115,000.00","$118,155.00",212,0.97
TX,10,FANNIN COUNTY,74904,DODD CITY ISD,TRADITIONAL ISD/CSD,"MAUPPIN, BRUCE CALLIE","$118,000.00","$118,000.00",308,1
TX,9,CLAY COUNTY,39903,PETROLIA CISD,TRADITIONAL ISD/CSD,"COX, KENDA G","$118,000.00","$118,000.00",510,1
TX,2,KLEBERG COUNTY,137903,RIVIERA ISD,TRADITIONAL ISD/CSD,"DOBSON, TARRAH L","$118,000.00","$118,000.00",425,1
TX,15,SAN SABA COUNTY,206901,SAN SABA ISD,TRADITIONAL ISD/CSD,"OWEN, KEITH WESLEY","$118,000.00","$118,000.00",738,1
TX,7,RUSK COUNTY,201908,OVERTON ISD,TRADITIONAL ISD/CSD,"CALHOUN, LARRY G","$117,700.00","$117,700.00",523,1
TX,16,SWISHER COUNTY,219905,KRESS ISD,TRADITIONAL ISD/CSD,"ZEIGLER, LEAH H","$117,500.00","$117,500.00",262,1
TX,13,WILLIAMSON COUNTY,246914,COUPLAND ISD,TRADITIONAL ISD/CSD,"PARCELL, EARL WADE","$117,000.00","$117,000.00",323,1
TX,13,CALDWELL COUNTY,28906,PRAIRIE LEA ISD,TRADITIONAL ISD/CSD,"MCCRAW, BRIAN EDWARD","$117,000.00","$117,000.00",267,1
TX,8,HOPKINS COUNTY,112909,SALTILLO ISD,TRADITIONAL ISD/CSD,"STICKELS, DAVID RODNEY","$116,905.00","$116,905.00",250,1
TX,20,REAL COUNTY,193902,LEAKEY ISD,TRADITIONAL ISD/CSD,"YESCHKE, CHRIS","$116,643.00","$116,643.00",343,1
TX,16,OLDHAM COUNTY,180904,WILDORADO ISD,TRADITIONAL ISD/CSD,"DUCK, TROY L","$116,500.00","$116,500.00",215,1
TX,9,HARDEMAN COUNTY,99903,QUANAH ISD,TRADITIONAL ISD/CSD,"JOHNSON, TOMMY GLENN","$116,168.00","$116,168.00",434,1
TX,3,VICTORIA COUNTY,235904,NURSERY ISD,TRADITIONAL ISD/CSD,"GAJEWSKEY, LARRY CHARLES","$116,000.00","$116,000.00",156,1
TX,17,HALE COUNTY,95904,PETERSBURG ISD,TRADITIONAL ISD/CSD,"NEWBERRY, TODD E","$116,000.00","$116,000.00",243,1
TX,7,GREGG COUNTY,92908,WHITE OAK ISD,TRADITIONAL ISD/CSD,"PARKER, JACKSON KING","$116,000.00","$116,000.00",1428,1
TX,14,SCURRY COUNTY,208903,IRA ISD,TRADITIONAL ISD/CSD,"LUFT, GARRETT PAUL","$115,841.00","$115,841.00",284,1
TX,13,FAYETTE COUNTY,75901,FLATONIA ISD,TRADITIONAL ISD/CSD,"SODEK, CHRISTOPHER E","$115,731.00","$115,731.00",676,1
TX,14,CALLAHAN COUNTY,30901,CROSS PLAINS ISD,TRADITIONAL ISD/CSD,"HENRY, JASON NEAL","$115,500.00","$115,500.00",365,1
TX,8,HOPKINS COUNTY,112910,SULPHUR BLUFF ISD,TRADITIONAL ISD/CSD,"CARR, DUSTIN WAYNE","$115,500.00","$115,500.00",209,1
TX,15,BROWN COUNTY,25908,BROOKESMITH ISD,TRADITIONAL ISD/CSD,"MICKELSON, STEVEN E","$105,000.00","$115,499.00",227,0.91
TX,13,WILLIAMSON COUNTY,246905,GRANGER ISD,TRADITIONAL ISD/CSD,"DAVIS, MICKAL D","$34,200.00","$115,346.00",580,0.3
TX,14,FISHER COUNTY,76904,ROTAN ISD,TRADITIONAL ISD/CSD,"RUDEWICK, MICHAEL BRANDON","$87,619.00","$115,001.00",273,0.76
TX,6,LEON COUNTY,145902,CENTERVILLE ISD,TRADITIONAL ISD/CSD,"DICKEY, CAROLE LEE","$115,000.00","$115,000.00",676,1
TX,14,EASTLAND COUNTY,67904,GORMAN ISD,TRADITIONAL ISD/CSD,"MORGAN, WILLIAM PATRICK","$115,000.00","$115,000.00",242,1
TX,7,NACOGDOCHES COUNTY,174909,MARTINSVILLE ISD,TRADITIONAL ISD/CSD,"CAUTHEN, WILL SETH","$115,000.00","$115,000.00",313,1
TX,12,HILL COUNTY,109910,MOUNT CALM ISD,TRADITIONAL ISD/CSD,"BAILEY, CHRISTY","$115,000.00","$115,000.00",168,1
TX,5,TYLER COUNTY,229905,SPURGER ISD,TRADITIONAL ISD/CSD,"BURNTHORN, JEFFREY ALAN","$115,000.00","$115,000.00",396,1
TX,18,BREWSTER COUNTY,22004,TERLINGUA CSD,TRADITIONAL ISD/CSD,"REED, REAGAN THOMAS","$57,500.00","$115,000.00",121,0.5
TX,7,WOOD COUNTY,250905,YANTIS ISD,TRADITIONAL ISD/CSD,"DERINGTON, ROBYN RAYE","$115,000.00","$115,000.00",305,1
TX,3,KARNES COUNTY,128903,RUNGE ISD,TRADITIONAL ISD/CSD,"DOMINGUEZ, HECTOR ORLANDO","$114,820.00","$114,820.00",162,1
TX,17,LYNN COUNTY,153907,WILSON ISD,TRADITIONAL ISD/CSD,"JONES, WESLEY ADAM","$112,000.00","$114,449.00",133,0.98
TX,14,MITCHELL COUNTY,168902,LORAINE ISD,TRADITIONAL ISD/CSD,"ANDERS, DUSTIN MICHAEL","$114,357.00","$114,357.00",141,1
TX,14,COMANCHE COUNTY,47902,DE LEON ISD,TRADITIONAL ISD/CSD,"MARABLE, DANA S","$114,339.00","$114,339.00",654,1
TX,9,KNOX COUNTY,138904,BENJAMIN ISD,TRADITIONAL ISD/CSD,"SMITH, JOSHUA LEE","$114,000.00","$114,000.00",94,1
TX,17,GAINES COUNTY,83902,LOOP ISD,TRADITIONAL ISD/CSD,"BLACKMON, HEATH LYNN","$114,000.00","$114,000.00",150,1
TX,12,BOSQUE COUNTY,18905,WALNUT SPRINGS ISD,TRADITIONAL ISD/CSD,"GARRETT, PATTY WELLS","$84,143.00","$113,999.00",165,0.74
TX,6,HOUSTON COUNTY,113906,KENNARD ISD,TRADITIONAL ISD/CSD,"SMITH, JONATHAN C","$113,568.00","$113,568.00",275,1
TX,9,WILBARGER COUNTY,244901,HARROLD ISD,TRADITIONAL ISD/CSD,"PATTON, CODY LEE","$113,500.00","$113,500.00",154,1
TX,16,POTTER COUNTY,188904,BUSHLAND ISD,TRADITIONAL ISD/CSD,"GILES, FLOYD THOMAS","$113,300.00","$113,300.00",1434,1
TX,12,MILLS COUNTY,167904,PRIDDY ISD,TRADITIONAL ISD/CSD,"WOODY, CYNTHIA SUSAN","$113,000.00","$113,000.00",119,1
TX,17,LAMB COUNTY,140907,SPRINGLAKE-EARTH ISD,TRADITIONAL ISD/CSD,"CRUM, DENVER S","$112,850.00","$112,850.00",231,1
TX,16,HALL COUNTY,96904,MEMPHIS ISD,TRADITIONAL ISD/CSD,"ALEXANDER, WILLIAM FREDRICK","$112,687.00","$112,687.00",345,1
TX,11,PALO PINTO COUNTY,182905,STRAWN ISD,TRADITIONAL ISD/CSD,"LEE, MARSHALL DEWAINE","$70,718.00","$112,501.00",172,0.63
TX,8,RED RIVER COUNTY,194905,DETROIT ISD,TRADITIONAL ISD/CSD,"SHARP, HENRY","$112,379.00","$112,379.00",488,1
TX,7,CHEROKEE COUNTY,37908,NEW SUMMERFIELD ISD,TRADITIONAL ISD/CSD,"BRANNEN, JOE PAUL","$112,320.00","$112,320.00",526,1
TX,5,NEWTON COUNTY,176901,BURKEVILLE ISD,TRADITIONAL ISD/CSD,"THOMAS, GORDON N","$112,270.00","$112,270.00",252,1
TX,16,DEAF SMITH COUNTY,59901,HEREFORD ISD,TRADITIONAL ISD/CSD,"BLANKENSHIP, SHERI K","$112,161.00","$112,161.00",3964,1
TX,15,SAN SABA COUNTY,206902,RICHLAND SPRINGS ISD,TRADITIONAL ISD/CSD,"KIRBY, JEFFREY W","$112,100.00","$112,100.00",120,1
TX,1,WILLACY COUNTY,245904,SAN PERLITA ISD,TRADITIONAL ISD/CSD,"ARREDONDO, ANNETTE","$112,000.00","$112,000.00",187,1
TX,15,BROWN COUNTY,25906,ZEPHYR ISD,TRADITIONAL ISD/CSD,"MARWITZ, STANTON","$112,000.00","$112,000.00",220,1
TX,7,ANGELINA COUNTY,3906,ZAVALLA ISD,TRADITIONAL ISD/CSD,"CRAWFORD, WILLIAM ZACHARY","$111,940.00","$111,940.00",303,1
TX,13,FAYETTE COUNTY,75908,ROUND TOP-CARMINE ISD,TRADITIONAL ISD/CSD,"SCHOVAJSA, BRANDON R","$99,290.00","$111,800.00",235,0.89
TX,12,MCLENNAN COUNTY,161925,GHOLSON ISD,TRADITIONAL ISD/CSD,"MCCARTNEY, HEATHER D","$111,797.00","$111,797.00",265,1
TX,9,MONTAGUE COUNTY,169911,SAINT JO ISD,TRADITIONAL ISD/CSD,"MORMAN, KATIE ELIZABETH","$111,400.00","$111,400.00",326,1
TX,14,SHACKELFORD COUNTY,209902,MORAN ISD,TRADITIONAL ISD/CSD,"DENSON, JOHN D","$92,293.00","$111,384.00",115,0.83
TX,12,MCLENNAN COUNTY,161924,HALLSBURG ISD,TRADITIONAL ISD/CSD,"MARVIN, DOUGLAS L","$55,620.00","$111,240.00",131,0.5
TX,16,MOORE COUNTY,171902,SUNRAY COLLEGIATE ISD,TRADITIONAL ISD/CSD,"BOATMUN, ERIN KAY","$111,228.00","$111,228.00",593,1
TX,9,MONTAGUE COUNTY,169908,MONTAGUE ISD,TRADITIONAL ISD/CSD,"HENNESSEY, CARLA MAE","$111,077.00","$111,077.00",163,1
TX,8,RED RIVER COUNTY,194904,CLARKSVILLE ISD,TRADITIONAL ISD/CSD,"ELLIS, MARIAN ADELE","$111,000.00","$111,000.00",500,1
TX,17,GARZA COUNTY,85903,SOUTHLAND ISD,TRADITIONAL ISD/CSD,"MILLER, TOBY K","$110,174.00","$110,174.00",132,1
TX,20,KARNES COUNTY,128904,FALLS CITY ISD,TRADITIONAL ISD/CSD,"PAWELEK, TODD CHRISTOPHER","$77,094.00","$110,056.00",442,0.7
TX,5,TYLER COUNTY,229906,CHESTER ISD,TRADITIONAL ISD/CSD,"DRAKE, RICHARD P","$110,000.00","$110,000.00",195,1
TX,16,ARMSTRONG COUNTY,6902,CLAUDE ISD,TRADITIONAL ISD/CSD,"KIRKLAND, BRENT L","$110,000.00","$110,000.00",297,1
TX,8,MORRIS COUNTY,172902,DAINGERFIELD-LONE STAR ISD,TRADITIONAL ISD/CSD,"LEWIS, LESIA C","$110,000.00","$110,000.00",1026,1
TX,8,BOWIE COUNTY,19914,LEARY ISD,TRADITIONAL ISD/CSD,"DEAR, JENNIFER E","$55,000.00","$110,000.00",119,0.5
TX,17,CROSBY COUNTY,54902,LORENZO ISD,TRADITIONAL ISD/CSD,"NELSON, GREGRORY C","$110,000.00","$110,000.00",207,1
TX,18,BREWSTER COUNTY,22902,MARATHON ISD,TRADITIONAL ISD/CSD,"DURANT, GILDA IVONNE","$35,354.00","$110,000.00",58,0.32
TX,9,YOUNG COUNTY,252902,NEWCASTLE ISD,TRADITIONAL ISD/CSD,"MALLORY, MICHAEL SHANE","$110,000.00","$110,000.00",227,1
TX,16,CARSON COUNTY,33902,PANHANDLE ISD,TRADITIONAL ISD/CSD,"SHERRILL, JOHN THOMAS","$110,000.00","$110,000.00",620,1
TX,9,THROCKMORTON COUNTY,224901,THROCKMORTON COLLEGIATE ISD,TRADITIONAL ISD/CSD,"MIMS, CHARLES A","$110,000.00","$110,000.00",144,1
TX,16,HALL COUNTY,96905,TURKEY-QUITAQUE ISD,TRADITIONAL ISD/CSD,"JENKINS, JACQUELINE A","$55,000.00","$110,000.00",180,0.5
TX,3,REFUGIO COUNTY,196902,WOODSBORO ISD,TRADITIONAL ISD/CSD,"GARZA, LESLIE M","$110,000.00","$110,000.00",400,1
TX,8,BOWIE COUNTY,19910,MALTA ISD,TRADITIONAL ISD/CSD,"STARRETT, STACY D","$109,935.00","$109,935.00",223,1
TX,3,MATAGORDA COUNTY,158904,MATAGORDA ISD,TRADITIONAL ISD/CSD,"CHAPMAN, SHANNON RANAE","$109,500.00","$109,500.00",109,1
TX,7,NACOGDOCHES COUNTY,174901,CHIRENO ISD,TRADITIONAL ISD/CSD,"KING, BRIAN PATRICK","$109,090.00","$109,090.00",365,1
TX,16,WHEELER COUNTY,242903,WHEELER ISD,TRADITIONAL ISD/CSD,"MARKHAM, BRYAN K","$109,000.00","$109,000.00",372,1
TX,19,HUDSPETH COUNTY,115902,SIERRA BLANCA ISD,TRADITIONAL ISD/CSD,"MCGRAW, R LEEANN","$108,650.00","$108,650.00",100,1
TX,8,BOWIE COUNTY,19909,SIMMS ISD,TRADITIONAL ISD/CSD,"MAY, EDWARD SCOT","$108,500.00","$108,500.00",480,1
TX,17,DICKENS COUNTY,63903,SPUR ISD,TRADITIONAL ISD/CSD,"HAMILTON, CRAIG LEE","$49,511.00","$108,315.00",192,0.46
TX,14,JONES COUNTY,127901,ANSON ISD,TRADITIONAL ISD/CSD,"HINDS, MITCHELL TROY","$108,268.00","$108,268.00",723,1
TX,17,COCHRAN COUNTY,40901,MORTON ISD,TRADITIONAL ISD/CSD,"AGUIRRE, MARIO ANTONIO","$108,120.00","$108,120.00",368,1
TX,8,RED RIVER COUNTY,194902,AVERY ISD,TRADITIONAL ISD/CSD,"MAHAN, JILL N","$108,000.00","$108,000.00",304,1
TX,10,FANNIN COUNTY,74911,SAVOY ISD,TRADITIONAL ISD/CSD,"TALLEY, SAMUEL ROBERT","$108,000.00","$108,000.00",305,1
TX,12,BOSQUE COUNTY,18907,KOPPERL ISD,TRADITIONAL ISD/CSD,"ADCOCK, KATRINA B","$107,464.00","$107,464.00",191,1
TX,9,JACK COUNTY,119903,PERRIN-WHITT CISD,TRADITIONAL ISD/CSD,"SELL, LOREN J","$7,881.00","$107,371.00",324,0.07
TX,13,GONZALES COUNTY,89905,WAELDER ISD,TRADITIONAL ISD/CSD,"LILIE, RONNIE D","$107,151.00","$107,151.00",302,1
TX,16,LIPSCOMB COUNTY,148902,FOLLETT ISD,TRADITIONAL ISD/CSD,"ROBERTSON, MEGAN E","$107,100.00","$107,100.00",182,1
TX,16,WHEELER COUNTY,242902,SHAMROCK ISD,TRADITIONAL ISD/CSD,"SHIELDS, CHARLES KENNETH","$107,077.00","$107,077.00",343,1
TX,10,KAUFMAN COUNTY,129910,SCURRY-ROSSER ISD,TRADITIONAL ISD/CSD,"RHOTEN, WESLEY WADE","$53,350.00","$106,700.00",1032,0.5
TX,11,PALO PINTO COUNTY,182902,GRAFORD ISD,TRADITIONAL ISD/CSD,"PERRY, BRANDON","$106,090.00","$106,090.00",339,1
TX,9,THROCKMORTON COUNTY,224902,WOODSON ISD,TRADITIONAL ISD/CSD,"ADAMS, CASEY ROBERT","$91,637.00","$106,025.00",178,0.86
TX,15,CONCHO COUNTY,48903,PAINT ROCK ISD,TRADITIONAL ISD/CSD,"MICKELSON, KRISTI LYNETTE","$106,000.00","$106,000.00",299,1
TX,12,CORYELL COUNTY,50901,EVANT ISD,TRADITIONAL ISD/CSD,"INGRAM, JENNIFER KAY","$105,957.00","$105,957.00",198,1
TX,12,FALLS COUNTY,73904,WESTPHALIA ISD,TRADITIONAL ISD/CSD,"CUMMINGS, SCOTT M","$81,904.00","$105,846.00",159,0.77
TX,15,COKE COUNTY,41901,BRONTE ISD,TRADITIONAL ISD/CSD,"SILER, TIMOTHY L","$105,500.00","$105,500.00",232,1
TX,16,PARMER COUNTY,185901,BOVINA ISD,TRADITIONAL ISD/CSD,"MENCHACA, SERGIO","$105,472.00","$105,472.00",422,1
TX,15,RUNNELS COUNTY,200904,WINTERS ISD,TRADITIONAL ISD/CSD,"HORNER, KATHERINE D","$52,627.00","$105,254.00",552,0.5
TX,2,SAN PATRICIO COUNTY,205904,MATHIS ISD,TRADITIONAL ISD/CSD,"GUTIERREZ, VERONICA","$105,252.00","$105,252.00",1429,1
TX,6,MILAM COUNTY,166902,GAUSE ISD,TRADITIONAL ISD/CSD,"RUSSELL, TERESA GAYLE","$32,246.00","$105,002.00",134,0.31
TX,13,BASTROP COUNTY,11905,MCDADE ISD,TRADITIONAL ISD/CSD,"HUCHTON-STIDHAM, HEATHER R","$91,245.00","$105,000.00",377,0.87
TX,12,BOSQUE COUNTY,18903,MORGAN ISD,TRADITIONAL ISD/CSD,"BULLION, JOHN C","$105,000.00","$105,000.00",137,1
TX,12,MILLS COUNTY,167902,MULLIN ISD,TRADITIONAL ISD/CSD,"SPARKS, KAYLA","$52,500.00","$105,000.00",132,0.5
TX,17,LYNN COUNTY,153903,O'DONNELL ISD,TRADITIONAL ISD/CSD,"NICHOLS, JORDAN BLAKE","$105,000.00","$105,000.00",253,1
TX,9,KNOX COUNTY,138902,KNOX CITY-O'BRIEN CISD,TRADITIONAL ISD/CSD,"HOWETH, COLIN LYNN","$104,900.00","$104,900.00",195,1
TX,17,MOTLEY COUNTY,173901,MOTLEY COUNTY ISD,TRADITIONAL ISD/CSD,"KOEPKE, KURTIS LEE","$104,832.00","$104,832.00",179,1
TX,7,HARRISON COUNTY,102901,KARNACK ISD,TRADITIONAL ISD/CSD,"FITZPATRICK, ANGELA RENAE","$104,584.00","$104,584.00",119,1
TX,5,JASPER COUNTY,121902,BROOKELAND ISD,TRADITIONAL ISD/CSD,"ODOM, CHARLOTTE A","$104,500.00","$104,500.00",381,1
TX,16,HARTLEY COUNTY,103901,CHANNING ISD,TRADITIONAL ISD/CSD,"HEISKELL, MISTY DAWN","$81,656.00","$104,299.00",121,0.78
TX,16,WHEELER COUNTY,242905,KELTON ISD,TRADITIONAL ISD/CSD,"BERRY, LESLIE DAWN","$104,188.00","$104,188.00",129,1
TX,17,HALE COUNTY,95902,COTTON CENTER ISD,TRADITIONAL ISD/CSD,"BOBO, JAMES R","$104,000.00","$104,000.00",100,1
TX,10,FANNIN COUNTY,74905,ECTOR ISD,TRADITIONAL ISD/CSD,"MORRIS, JENNIFER","$104,000.00","$104,000.00",234,1
TX,20,BANDERA COUNTY,10901,MEDINA ISD,TRADITIONAL ISD/CSD,"KUNZ, LINDSEY KAY","$52,000.00","$104,000.00",243,0.5
TX,8,HOPKINS COUNTY,112907,MILLER GROVE ISD,TRADITIONAL ISD/CSD,"RANKIN, LINDA D","$104,000.00","$104,000.00",310,1
TX,9,MONTAGUE COUNTY,169909,PRAIRIE VALLEY ISD,TRADITIONAL ISD/CSD,"WEST, TIMOTHY LEE","$91,404.00","$103,750.00",135,0.88
TX,16,CASTRO COUNTY,35903,NAZARETH ISD,TRADITIONAL ISD/CSD,"GARLITZ, KARA S","$103,000.00","$103,000.00",243,1
TX,16,DALLAM COUNTY,56902,TEXLINE ISD,TRADITIONAL ISD/CSD,"JONES, TERRELL C","$92,999.00","$103,000.00",225,0.9
TX,2,KENEDY COUNTY,131001,KENEDY COUNTY WIDE CSD,TRADITIONAL ISD/CSD,"TINSLEY, KRISTEN MICHELLE","$51,480.00","$102,960.00",126,0.5
TX,7,SHELBY COUNTY,210906,EXCELSIOR ISD,TRADITIONAL ISD/CSD,"LEWIS, JOHNNY","$60,242.00","$102,418.00",86,0.59
TX,14,STONEWALL COUNTY,217901,ASPERMONT ISD,TRADITIONAL ISD/CSD,"MORRIS, ZACHARIA P","$102,152.00","$102,152.00",181,1
TX,15,BROWN COUNTY,25905,MAY ISD,TRADITIONAL ISD/CSD,"HEUPEL, NICHOLAS PAUL","$102,141.00","$102,141.00",243,1
TX,9,HARDEMAN COUNTY,99902,CHILLICOTHE ISD,TRADITIONAL ISD/CSD,"MARTINEZ, TONY A","$101,856.00","$101,856.00",189,1
TX,9,MONTAGUE COUNTY,169910,FORESTBURG ISD,TRADITIONAL ISD/CSD,"BRILES, JASON E","$68,963.00","$101,625.00",180,0.68
TX,16,DONLEY COUNTY,65902,HEDLEY ISD,TRADITIONAL ISD/CSD,"LANGFORD, TRACEY RAE","$101,200.00","$101,200.00",95,1
TX,20,UVALDE COUNTY,232904,UTOPIA ISD,TRADITIONAL ISD/CSD,"DERRY, MICHAEL ANTHONY","$101,000.00","$101,000.00",196,1
TX,16,PARMER COUNTY,185904,LAZBUDDIE ISD,TRADITIONAL ISD/CSD,"JONES, BRADLEY J","$100,786.00","$100,786.00",127,1
TX,2,DUVAL COUNTY,66005,RAMIREZ CSD,TRADITIONAL ISD/CSD,"HAMILL, GLORIA BERNICE","$50,265.00","$100,530.00",36,0.5
TX,15,EDWARDS COUNTY,69902,NUECES CANYON CISD,TRADITIONAL ISD/CSD,"POWERS, KRISTI L","$33,497.00","$100,501.00",240,0.33
TX,16,BRISCOE COUNTY,23902,SILVERTON ISD,TRADITIONAL ISD/CSD,"FRANCIS, MICHELLE R","$100,041.00","$100,041.00",204,1
TX,3,LAVACA COUNTY,143906,EZZELL ISD,TRADITIONAL ISD/CSD,"BERCKENHOFF, LISA A","$45,240.00","$100,000.00",128,0.45
TX,16,WHEELER COUNTY,242906,FORT ELLIOTT CISD,TRADITIONAL ISD/CSD,"MAHLER, BRANDON KYLE","$100,000.00","$100,000.00",141,1
TX,15,MCCULLOCH COUNTY,160905,LOHN ISD,TRADITIONAL ISD/CSD,"SHACKELFORD, JOANNA KAY","$100,000.00","$100,000.00",123,1
TX,16,ROBERTS COUNTY,197902,MIAMI ISD,TRADITIONAL ISD/CSD,"SOLIS, KRISTA S","$100,000.00","$100,000.00",177,1
TX,15,MCCULLOCH COUNTY,160904,ROCHELLE ISD,TRADITIONAL ISD/CSD,"FIELDS, MATTHEW TAYLOR","$100,000.00","$100,000.00",160,1
TX,14,HASKELL COUNTY,104903,RULE ISD,TRADITIONAL ISD/CSD,"HARRIS, PAUL WILLARD","$100,000.00","$100,000.00",138,1
TX,11,COOKE COUNTY,49909,SIVELLS BEND ISD,TRADITIONAL ISD/CSD,"DAUGHERTY, JAMES C","$50,000.00","$100,000.00",62,0.5
TX,7,UPSHUR COUNTY,230904,UNION HILL ISD,TRADITIONAL ISD/CSD,"BOOTH, JOHN BEDFORD","$100,000.00","$100,000.00",282,1
TX,17,HOCKLEY COUNTY,110908,WHITHARRAL ISD,TRADITIONAL ISD/CSD,"PROWELL, BENJAMIN C","$99,000.00","$99,000.00",229,1
TX,12,HILL COUNTY,109908,MALONE ISD,TRADITIONAL ISD/CSD,"SCHWARTZ, WINDY LINN","$5,153.00","$98,340.00",63,0.05
TX,17,HOCKLEY COUNTY,110901,ANTON ISD,TRADITIONAL ISD/CSD,"TOBIAS, FREDRICK","$98,000.00","$98,000.00",175,1
TX,7,ANDERSON COUNTY,1902,CAYUGA ISD,TRADITIONAL ISD/CSD,"SATTERWHITE, JOE E","$98,000.00","$98,000.00",577,1
TX,15,SAN SABA COUNTY,206903,CHEROKEE ISD,TRADITIONAL ISD/CSD,"BORDNER, JENNIFER LYNN","$76,724.00","$98,000.00",123,0.78
TX,3,LAVACA COUNTY,143904,VYSEHRAD ISD,TRADITIONAL ISD/CSD,"ROBERTSON, RACHEL SUE BLUM","$49,000.00","$98,000.00",74,0.5
TX,1,HIDALGO COUNTY,108907,MERCEDES ISD,TRADITIONAL ISD/CSD,"GONZALES, JEANNE","$97,989.00","$97,989.00",4207,1
TX,8,CASS COUNTY,34906,MCLEOD ISD,TRADITIONAL ISD/CSD,"LANCE, JENNIFER D","$97,880.00","$97,880.00",424,1
TX,1,STARR COUNTY,214901,RIO GRANDE CITY GRULLA ISD,TRADITIONAL ISD/CSD,"VILLARREAL-MORRIS, ELSA","$72,218.00","$97,856.00",9316,0.74
TX,12,BOSQUE COUNTY,18906,IREDELL ISD,TRADITIONAL ISD/CSD,"MORROW, CHRISTOPHER A","$97,850.00","$97,850.00",144,1
TX,11,PALO PINTO COUNTY,182901,GORDON ISD,TRADITIONAL ISD/CSD,"CAMPBELL, HOLLY MARIE","$97,830.00","$97,830.00",227,1
TX,9,MONTAGUE COUNTY,169906,GOLD BURG ISD,TRADITIONAL ISD/CSD,"LLOYD, JONATHAN OWEN","$97,750.00","$97,750.00",148,1
TX,7,CHEROKEE COUNTY,37909,WELLS ISD,TRADITIONAL ISD/CSD,"WRIGHT, JIMMY FRIDAY","$97,500.00","$97,500.00",239,1
TX,8,CASS COUNTY,34907,QUEEN CITY ISD,TRADITIONAL ISD/CSD,"HENDERSON, SHANNON ANN","$97,392.00","$97,392.00",867,1
TX,2,JIM WELLS COUNTY,125906,LA GLORIA ISD,TRADITIONAL ISD/CSD,"MARTINEZ, GUADALUPE TOMAS","$48,500.00","$97,000.00",119,0.5
TX,9,CLAY COUNTY,39905,MIDWAY ISD,TRADITIONAL ISD/CSD,"BEAVER, RANDEL RAY","$57,000.00","$96,906.00",137,0.59
TX,16,SHERMAN COUNTY,211901,TEXHOMA ISD,TRADITIONAL ISD/CSD,"YATES, KAYLA LEE","$96,700.00","$96,700.00",142,1
TX,17,KING COUNTY,135001,GUTHRIE CSD,TRADITIONAL ISD/CSD,"SHARP, HIRAM EDWIN","$96,000.00","$96,000.00",93,1
TX,12,BOSQUE COUNTY,18902,MERIDIAN ISD,TRADITIONAL ISD/CSD,"DAVIS, DANA L","$96,000.00","$96,000.00",382,1
TX,16,DEAF SMITH COUNTY,59902,WALCOTT ISD,TRADITIONAL ISD/CSD,"BRYANT, DARLA L","$95,770.00","$96,000.00",146,1
TX,3,WHARTON COUNTY,241904,WHARTON ISD,TRADITIONAL ISD/CSD,"O'GUIN, MICHAEL J","$95,376.00","$95,376.00",1767,1
TX,16,CASTRO COUNTY,35902,HART ISD,TRADITIONAL ISD/CSD,"DOMINGUEZ, JUAN ANTONIO","$95,000.00","$95,000.00",206,1
TX,11,ERATH COUNTY,72910,MORGAN MILL ISD,TRADITIONAL ISD/CSD,"SANDERS, WENDY NICOLE","$47,257.00","$94,514.00",127,0.5
TX,16,GRAY COUNTY,90903,MCLEAN ISD,TRADITIONAL ISD/CSD,"JAMES, JOHNNY R","$94,000.00","$94,000.00",182,1
TX,1,STARR COUNTY,214902,SAN ISIDRO ISD,TRADITIONAL ISD/CSD,"ELLIS, ROGER WILLIAM","$37,500.00","$93,493.00",153,0.4
TX,16,CARSON COUNTY,33901,GROOM ISD,TRADITIONAL ISD/CSD,"LAMB, JAY S","$82,363.00","$93,488.00",130,0.88
TX,18,WARD COUNTY,238904,GRANDFALLS-ROYALTY ISD,TRADITIONAL ISD/CSD,"WOLFENBARGER, ORLIE KENNETH","$46,722.00","$93,444.00",157,0.5
TX,7,HENDERSON COUNTY,107907,TRINIDAD ISD,TRADITIONAL ISD/CSD,"MIZELL, MATTHEW SCOTT","$93,000.00","$93,000.00",173,1
TX,15,COLEMAN COUNTY,42903,SANTA ANNA ISD,TRADITIONAL ISD/CSD,"WHITE, THOMAS TODD","$40,619.00","$91,505.00",259,0.44
TX,11,COOKE COUNTY,49908,WALNUT BEND ISD,TRADITIONAL ISD/CSD,"KEMP, KENYON S","$45,700.00","$91,400.00",73,0.5
TX,10,COLLIN COUNTY,43902,ANNA ISD,TRADITIONAL ISD/CSD,"TOWNSEND, RODDY BRENT","$70,200.00","$91,157.00",6038,0.77
TX,9,CLAY COUNTY,39904,BELLEVUE ISD,TRADITIONAL ISD/CSD,"WESLEY, DEVIN WADE","$90,825.00","$90,825.00",234,1
TX,16,LIPSCOMB COUNTY,148905,DARROUZETT ISD,TRADITIONAL ISD/CSD,"WEINETTE, JESSICA LYNN","$63,350.00","$90,500.00",86,0.7
TX,16,GRAY COUNTY,90905,GRANDVIEW-HOPKINS ISD,TRADITIONAL ISD/CSD,"HARGIS, ELVIN KENT","$45,000.00","$90,000.00",49,0.5
TX,14,COMANCHE COUNTY,47905,SIDNEY ISD,TRADITIONAL ISD/CSD,"RUCKER, JAMES EDWIN","$28,926.00","$90,000.00",106,0.32
TX,3,LAVACA COUNTY,143905,SWEET HOME ISD,TRADITIONAL ISD/CSD,"POHL, CANDACE M","$12,861.00","$90,000.00",155,0.14
TX,8,CASS COUNTY,34902,AVINGER ISD,TRADITIONAL ISD/CSD,"SMITH, JACQUELYN R","$89,600.00","$89,600.00",112,1
TX,18,PECOS COUNTY,186901,BUENA VISTA ISD,TRADITIONAL ISD/CSD,"STARKWEATHER, BRETT ALAN","$29,524.00","$88,581.00",220,0.33
TX,12,LAMPASAS COUNTY,141902,LOMETA ISD,TRADITIONAL ISD/CSD,"MOORE, ROBBY L","$8,571.00","$88,179.00",316,0.1
TX,3,REFUGIO COUNTY,196901,AUSTWELL-TIVOLI ISD,TRADITIONAL ISD/CSD,"VELA, DOLORES BERNAL","$87,826.00","$87,826.00",141,1
TX,6,POLK COUNTY,187910,ONALASKA ISD,TRADITIONAL ISD/CSD,"FRAGA, KENNETH CHARLES","$87,812.00","$87,812.00",1196,1
TX,2,NUECES COUNTY,178901,AGUA DULCE ISD,TRADITIONAL ISD/CSD,"CANTU, DAVID","$85,933.00","$85,933.00",421,1
TX,14,EASTLAND COUNTY,67908,RISING STAR ISD,TRADITIONAL ISD/CSD,"JONES, MONTY O","$85,500.00","$85,500.00",181,1
TX,18,PRESIDIO COUNTY,189901,MARFA ISD,TRADITIONAL ISD/CSD,"ALFEREZ, ARTURO","$64,558.00","$85,001.00",194,0.76
TX,16,GRAY COUNTY,90902,LEFORS ISD,TRADITIONAL ISD/CSD,"BRAUCHI, ASHLEY NICOLE","$83,200.00","$83,200.00",173,1
TX,11,COOKE COUNTY,49906,ERA ISD,TRADITIONAL ISD/CSD,"ELDRIDGE, CURTIS A","$81,770.00","$81,770.00",499,1
TX,15,BROWN COUNTY,25904,BLANKET ISD,TRADITIONAL ISD/CSD,"WHISENHUNT, DAVID RAY","$80,325.00","$80,325.00",166,1
TX,16,OLDHAM COUNTY,180903,ADRIAN ISD,TRADITIONAL ISD/CSD,"STEVENS, TERRY L","$80,000.00","$80,000.00",141,1
TX,7,RUSK COUNTY,201903,LANEVILLE ISD,TRADITIONAL ISD/CSD,"YOUNG, TERRY WYNN","$8,992.00","$79,575.00",139,0.11
TX,8,BOWIE COUNTY,19913,HUBBARD ISD,TRADITIONAL ISD/CSD,"PATE, JOHNNY MACK","$4,078.00","$76,082.00",64,0.05
TX,14,JONES COUNTY,127905,LUEDERS-AVOCA ISD,TRADITIONAL ISD/CSD,"SPIKES, BOB FORD","$72,600.00","$72,600.00",88,1
TX,15,VAL VERDE COUNTY,233903,COMSTOCK ISD,TRADITIONAL ISD/CSD,"WINEINGER, LANCE ADAM","$65,000.00","$65,000.00",176,1
TX,14,CALLAHAN COUNTY,30906,EULA ISD,TRADITIONAL ISD/CSD,"KELLEY, TIMOTHY D","$60,000.00","$60,000.00",503,1
TX,16,SWISHER COUNTY,219901,HAPPY ISD,TRADITIONAL ISD/CSD,"EDGEMON, TREVOR","$54,000.00","$54,000.00",253,1
TX,18,PRESIDIO COUNTY,189902,PRESIDIO ISD,TRADITIONAL ISD/CSD,"RUBNER, CARMEN E","$20,000.00","$40,000.00",1085,0.5
TX,11,JOHNSON COUNTY,126907,RIO VISTA ISD,TRADITIONAL ISD/CSD,"HANKS, JEFFREY MARK","$16,067.00","$34,538.00",1032,0.47
TX,9,WILBARGER COUNTY,244903,VERNON ISD,TRADITIONAL ISD/CSD,"WARD, KERMIT D","$17,811.00","$17,811.00",1729,1
TX,3,COLORADO COUNTY,45903,RICE CISD,TRADITIONAL ISD/CSD,"HEFNER, WILLIAM ARTHUR","$16,304.00","$17,726.00",1306,0.92
TX,11,JOHNSON COUNTY,126901,ALVARADO ISD,TRADITIONAL ISD/CSD,"ESTES, KENNETH R","$13,500.00","$13,500.00",3788,1
TX,6,MONTGOMERY COUNTY,170903,MONTGOMERY ISD,TRADITIONAL ISD/CSD,"RUFFIN, MARK T","$10,958.00","$10,958.00",9889,1
TX,13,HAYS COUNTY,105905,WIMBERLEY ISD,TRADITIONAL ISD/CSD,"BONEWALD, GREGORY JASON","$10,619.00","$10,619.00",2661,1
TX,8,BOWIE COUNTY,19902,HOOKS ISD,TRADITIONAL ISD/CSD,"MINTER, BYRON KEITH","$9,200.00","$9,200.00",914,1
TX,17,LUBBOCK COUNTY,152906,LUBBOCK-COOPER ISD,TRADITIONAL ISD/CSD,"BRYANT, KEITH DALE","$5,788.00","$5,788.00",8030,1
TX,4,BRAZORIA COUNTY,20902,ANGLETON ISD,TRADITIONAL ISD/CSD,"EDWARDS, PHILLIP WILSON",$305.00,$305.00,7105,1
TX,14,SHACKELFORD COUNTY,209901,ALBANY ISD,TRADITIONAL ISD/CSD,"LEFEVRE, DALE KENT",$1.00,$3.00,474,0.35
TX,15,KERR COUNTY,133905,DIVIDE ISD,TRADITIONAL ISD/CSD,"YESCHKE, CHRIS",$1.00,$1.00,35,1
TX,11,HOOD COUNTY,111902,LIPAN ISD,TRADITIONAL ISD/CSD,"DOBBS, JIMMIE DONALD",$1.00,$1.00,478,1
TX,17,LUBBOCK COUNTY,152504,TEXAS TECH UNIVERSITY K-12,TRADITIONAL ISD/CSD,"MOYE, CARI",$0.00,$0.00,729,1
TX,1,HIDALGO COUNTY,108908,MISSION CISD,TRADITIONAL ISD/CSD,"PEREZ, CAROLINA G","$317,064.00",,13765,0.29
TX,17,DICKENS COUNTY,63906,PATTON SPRINGS ISD,TRADITIONAL ISD/CSD,"WHITE, BRYAN K","$95,000.00",,88,0.12
