FID,GEOID20,SDLEA,NAME,DISTRICT_N,DISTRICT_C,Superintendent Salary,Average Teacher Salary,Average Principal Salary,Enrollment,Teacher Compensation Spending,Non-Teacher Compensation Spending,Capital Outlay & Debt Service Spending,Other Operating Expenses Spending,Recapture,Total Spending,Per-Pupil Spending,Teacher Compensation Percentage,Non-Teacher Compensation Percentage,Capital Outlay & Debt Service Percentage,Other Operating Expenses Percentage,Recapture,Distrit Debt,Per-Pupil Debt,DISTRICT_GRADE,DISTRICT_SCORE,Not On Grade Level Reading,Not On Grade Level Math,Not On Grade Level SS,Not On Grade Level Science
1,4838490,38490,Sabine Pass ISD,123913,123913,177731,57142,86000,372,3059576,2707882,21679987,3974507,3241190,34663142,87770.82,8.80%,7.80%,62.50%,11.50%,9.40%,103789938,333730,B,86,23%,53%,27%,34%
2,4811040,11040,Boys Ranch ISD,180901,180901,122800,59824,100440,148,3454049,1786749,0,1131115,0,6371913,41646.49,54.20%,28.00%,0.00%,17.80%,0.00%,0,0,Not Rated,0,41%,57%,33%,36%
3,4821300,21300,Grady ISD,156905,156905,138000,77068,120075,241,2308170,1595975,1451176,2187030,58889468,66431819,30169.4,3.50%,2.40%,2.20%,3.30%,88.60%,0,0,A,96,17%,38%,49%,34%
4,4845420,45420,Wheeler ISD,242903,242903,109000,55358,79000,372,2879494,1051967,331900,1825722,0,6089083,15774.83,47.30%,17.30%,5.50%,30.00%,0.00%,4529900,13017,B,85,40%,53%,60%,68%
5,4821560,21560,Grandview-Hopkins ISD,90905,90905,90000,60521,90000,49,622632,260271,50533,604028,47470,1584934,30749.28,39.30%,16.40%,3.20%,38.10%,3.00%,0,0,C,79,30%,57%,.,101%
6,4846350,46350,Wolfe City ISD,116909,116909,122000,58607,83985,713,5020363,2441667,627627,3378999,0,11468656,15928.69,43.80%,21.30%,5.50%,29.50%,0.00%,7301948,11535,B,81,43%,49%,49%,53%
7,4838640,38640,Sam Rayburn ISD,74917,74917,130000,60073,90176,469,4534846,1779856,1835678,2295569,0,10445949,21582.54,43.40%,17.00%,17.60%,22.00%,0.00%,4334291,12823,A,90,32%,46%,58%,35%
8,4834440,34440,Pearland ISD,20908,20908,280000,68836,119415,20862,112972710,68477985,48822192,52478162,0,282751049,13393.54,40.00%,24.20%,17.30%,18.60%,0.00%,526941944,27481,A,91,27%,37%,32%,34%
9,4816410,16410,Dayton ISD,146902,146902,208000,62761,96827,5675,30622255,19754584,11397140,18279711,0,80053690,13833.37,38.30%,24.70%,14.20%,22.80%,0.00%,92936388,18287,C,73,56%,68%,59%,66%
10,4839990,39990,Sheldon ISD,101924,101924,260000,70488,111817,10946,76952759,35859951,69087054,33203060,0,215102824,19505.15,35.80%,16.70%,32.10%,15.40%,0.00%,644407500,62998,C,77,60%,71%,59%,74%
11,4823190,23190,Highland ISD,177905,177905,130000,57789,85100,207,1825427,1145784,852266,2610043,437256,6870776,28979.82,26.60%,16.70%,12.40%,38.00%,6.40%,5848500,32492,A,97,25%,20%,27%,23%
12,4809690,9690,Beckville ISD,183901,183901,144392,52754,82356,684,4412621,2293867,9276886,2709376,0,18692750,26703.93,23.60%,12.30%,49.60%,14.50%,0.00%,22011250,32755,B,88,43%,53%,38%,34%
13,4842240,42240,Tatum ISD,201910,201910,206268,64692,88629,1392,9483916,6215626,1828639,4767584,0,22295765,16121.31,42.50%,27.90%,8.20%,21.40%,0.00%,11293675,10267,B,85,42%,53%,45%,56%
14,4807710,7710,Aldine ISD,101902,101902,352821,68384,110360,56419,387853622,264696539,161430389,209363150,0,1023343700,17691.44,37.90%,25.90%,15.80%,20.50%,0.00%,1984293497,43505,C,73,66%,73%,65%,73%
15,4813590,13590,Channelview ISD,101905,101905,274431,70485,117345,9335,70003383,37008306,41657412,32532525,0,181201626,19207.3,38.60%,20.40%,23.00%,18.00%,0.00%,343819365,41986,B,80,59%,68%,68%,69%
16,4823910,23910,Humble ISD,101913,101913,348919,67864,110544,48502,313442129,169768615,225283851,107420593,0,815915188,16804.98,38.40%,20.80%,27.60%,13.20%,0.00%,1792882615,41754,C,77,46%,59%,45%,56%
17,4834320,34320,Pasadena ISD,101917,101917,367812,67505,127890,46491,363819341,194968663,153547115,125613065,0,837948184,17646.22,43.40%,23.30%,18.30%,15.00%,0.00%,1369447833,35062,B,84,53%,60%,53%,61%
18,4808160,8160,Amherst ISD,140901,140901,147346,43534,101406,102,1208162,632918,520662,681398,0,3043140,26694.21,39.70%,20.80%,17.10%,22.40%,0.00%,0,0,C,76,74%,93%,84%,89%
19,4827240,27240,Levelland ISD,110902,110902,191827,52954,94207,2575,18737204,9991738,6489263,11019990,0,46238195,17668.4,40.50%,21.60%,14.00%,23.80%,0.00%,45177025,21575,C,74,56%,65%,57%,58%
20,4828170,28170,Loraine ISD,168902,168902,114357,49221,82400,141,1350987,866531,759642,1047497,0,4024657,30260.58,33.60%,21.50%,18.90%,26.00%,0.00%,5743550,54700,D,67,65%,61%,73%,81%
21,4813380,13380,Centerville ISD (Trinity),228904,228904,118450,56151,85538,145,1193506,624797,248795,717780,0,2784878,17966.95,42.90%,22.40%,8.90%,25.80%,0.00%,0,0,B,83,45%,54%,46%,50%
22,4841010,41010,Spearman ISD,98904,98904,135000,49315,85227,692,5067806,3305894,1306850,2565678,0,12246228,16914.68,41.40%,27.00%,10.70%,21.00%,0.00%,8564855,15432,B,86,37%,45%,39%,44%
23,4842540,42540,Texhoma ISD,211901,211901,96700,41333,63012,142,689828,488072,240534,622357,0,2040791,12675.72,33.80%,23.90%,11.80%,30.50%,0.00%,0,0,B,89,23%,33%,.,.
24,4835820,35820,Priddy ISD,167904,167904,113000,53654,77283,119,984957,556915,1311881,1125244,0,3978997,33720.31,24.80%,14.00%,33.00%,28.30%,0.00%,2520100,24707,D,66,43%,40%,43%,50%
25,4812810,12810,Canyon ISD,191901,191901,262388,60143,94714,11565,61158012,32079500,27485733,25886928,0,146610173,12885.41,41.70%,21.90%,18.70%,17.70%,0.00%,285249923,25756,B,88,38%,43%,45%,46%
26,4813680,13680,Chapel Hill ISD (Titus),225906,225906,132249,54864,81914,928,6754552,3540558,710054,4225564,0,15230728,15573.34,44.30%,23.20%,4.70%,27.70%,0.00%,1449844,2132,B,83,31%,47%,39%,50%
27,4841970,41970,Sweeny ISD,20906,20906,173156,65485,97180,1919,13179636,9039671,5834831,9844411,83086,37981635,19606.08,34.70%,23.80%,15.40%,25.90%,0.20%,113443117,62400,C,76,56%,64%,51%,57%
28,4815360,15360,Cotton Center ISD,95902,95902,104000,46948,73088,100,1066468,663475,4,1117184,0,2847131,27115.53,37.50%,23.30%,0.00%,39.20%,0.00%,0,0,A,91,49%,58%,79%,87%
29,4822050,22050,Hale Center ISD,95903,95903,130000,50444,86780,561,3671400,2310073,1877248,3246089,0,11104810,18950.19,33.10%,20.80%,16.90%,29.20%,0.00%,7159838,15332,B,83,62%,67%,72%,75%
30,4810860,10860,Borden County ISD,17901,17901,147996,74236,106229,249,2585586,2335079,8561551,2616108,3615481,19713805,66522,13.10%,11.80%,43.40%,13.30%,18.30%,7067313,26974,A,96,32%,34%,52%,34%
31,4839000,39000,San Perlita ISD,245904,245904,112000,103738,96000,187,2044710,1457010,1454097,1869300,0,6825117,32193.95,30.00%,21.30%,21.30%,27.40%,0.00%,19993352,118304,C,70,54%,60%,55%,63%
32,4828980,28980,Marathon ISD,22902,22902,110000,54840,110000,58,864892,436371,0,622420,0,1923683,32604.8,45.00%,22.70%,0.00%,32.40%,0.00%,0,0,C,79,50%,55%,37%,50%
33,4838610,38610,Saltillo ISD,112909,112909,116905,57900,75705,250,2355065,1220540,263794,1955423,0,5794822,22904.43,40.60%,21.10%,4.60%,33.70%,0.00%,0,0,B,88,24%,34%,39%,42%
34,4846200,46200,Winnsboro ISD,250907,250907,181440,53812,89755,1454,9426715,6024224,3032910,6009312,0,24493161,16515.95,38.50%,24.60%,12.40%,24.50%,0.00%,42956128,34924,B,80,49%,66%,48%,55%
35,4811820,11820,Bryson ISD,119901,119901,131040,60861,88400,267,1594427,997053,1124051,1652672,0,5368203,21387.26,29.70%,18.60%,20.90%,30.80%,0.00%,12299350,54908,B,88,44%,61%,37%,51%
36,4811490,11490,Bronte ISD,41901,41901,105500,51065,83700,232,1831460,1119925,105493,1545585,0,4602463,20546.71,39.80%,24.30%,2.30%,33.60%,0.00%,0,0,A,90,39%,51%,27%,54%
37,4819950,19950,Friendswood ISD,84911,84911,228360,66352,104322,6194,33623935,20375124,38294146,18302001,0,110595206,17809.21,30.40%,18.40%,34.60%,16.50%,0.00%,247232075,42472,A,92,20%,27%,32%,32%
38,4811550,11550,Brookesmith ISD,25908,25908,115499,55911,85000,227,1805086,1817346,415474,2525587,0,6563493,37939.27,27.50%,27.70%,6.30%,38.50%,0.00%,91710,483,F,58,59%,75%,62%,62%
39,4833660,33660,Olton ISD,140905,140905,143000,51181,85449,612,3901614,2301395,0,3163965,0,9366974,15132.43,41.70%,24.60%,0.00%,33.80%,0.00%,0,0,C,72,48%,69%,64%,67%
40,4814790,14790,Comfort ISD,130902,130902,140000,58677,92740,1072,6828172,3477816,4088744,4681795,0,19076527,17501.4,35.80%,18.20%,21.40%,24.50%,0.00%,56112588,60078,C,78,57%,77%,64%,60%
41,4824210,24210,Ingram ISD,133904,133904,194511,60583,98338,1351,8663583,4875152,10452236,5140203,0,29131174,22408.6,29.70%,16.70%,35.90%,17.60%,0.00%,52510214,35697,A,91,35%,38%,40%,43%
42,4844890,44890,Wellington ISD,44902,44902,131416,52435,76980,534,3838474,2062212,250189,2146257,0,8297132,15252.08,46.30%,24.90%,3.00%,25.90%,0.00%,157713,317,B,86,34%,43%,46%,53%
43,4818070,18070,Eden Cons ISD,48901,48901,127500,59815,94500,222,1672000,1205043,2105989,1275987,0,6259019,28321.35,26.70%,19.30%,33.60%,20.40%,0.00%,20402450,92319,D,69,62%,78%,55%,66%
44,4833980,33980,Paint Rock ISD,48903,48903,106000,53121,85880,299,3026135,2292420,599543,1613018,0,7531116,32602.23,40.20%,30.40%,8.00%,21.40%,0.00%,1604744,5440,B,81,57%,74%,62%,79%
45,4825200,25200,Kaufman ISD,129903,129903,238500,62550,95290,4356,26114528,11990398,7965800,16031368,0,62102094,14185.04,42.10%,19.30%,12.80%,25.80%,0.00%,286803545,71881,B,84,49%,54%,51%,60%
46,4828680,28680,Mabank ISD,129905,129905,285000,60993,98794,4118,22614357,12150974,5432411,14629329,0,54827071,13484.28,41.20%,22.20%,9.90%,26.70%,0.00%,44298050,10946,B,85,49%,57%,49%,59%
47,4817190,17190,Divide ISD,133905,133905,1,61080,74277,35,236241,147036,2940,384777,0,770994,22028.4,30.60%,19.10%,0.40%,49.90%,0.00%,0,0,B,83,36%,45%,.,101%
48,4823970,23970,Hunt ISD,133902,133902,127339,68418,91203,196,1904570,869813,1442533,881925,1722116,6820957,25494.21,27.90%,12.80%,21.10%,12.90%,25.20%,5095500,32663,A,94,17%,25%,42%,29%
49,4840290,40290,Silverton ISD,23902,23902,100041,51678,81047,204,1435086,726833,758853,1227416,0,4148188,18601.74,34.60%,17.50%,18.30%,29.60%,0.00%,5693575,28047,A,95,39%,45%,41%,37%
50,4816350,16350,Dawson ISD (Dawson),58902,58902,123600,49627,90640,140,1025460,731991,2,1291747,0,3049200,23100,33.60%,24.00%,0.00%,42.40%,0.00%,0,0,B,82,59%,89%,52%,69%
51,4832490,32490,New Home ISD,153905,153905,150000,52213,90270,708,3369212,1712973,5854115,2856382,0,13792682,20555.41,24.40%,12.40%,42.40%,20.70%,0.00%,32334931,41830,A,92,25%,34%,33%,53%
52,4845990,45990,Wilson ISD,153907,153907,114449,51678,89295,133,1233774,945010,3077804,1240189,0,6496777,47421.73,19.00%,14.50%,47.40%,19.10%,0.00%,7366185,51512,D,69,71%,91%,50%,84%
53,4833390,33390,O'Donnell ISD,153903,153903,105000,52360,93117,253,2456304,1747579,931229,1967104,0,7102216,26207.44,34.60%,24.60%,13.10%,27.70%,0.00%,12493591,62157,A,90,45%,62%,45%,69%
54,4826850,26850,Lasara ISD,245901,245901,135800,56544,95000,343,3266641,1671244,396794,2634709,0,7969388,22385.92,41.00%,21.00%,5.00%,33.10%,0.00%,5027175,18083,D,66,60%,81%,53%,75%
55,4812480,12480,Calhoun County ISD,29901,29901,198450,60494,97021,3514,23058200,14225959,11064625,12719345,0,61068129,17285.06,37.80%,23.30%,18.10%,20.80%,0.00%,27370500,8604,B,81,47%,57%,62%,58%
56,4833840,33840,Ore City ISD,230903,230903,120000,53696,86625,788,6162367,3840671,1311583,3356183,0,14670804,18179.43,42.00%,26.20%,8.90%,22.90%,0.00%,9336898,13169,C,78,47%,69%,61%,55%
57,4837830,37830,Ropes ISD,110905,110905,135000,50275,99524,622,3667769,2230748,866230,2388307,0,9153054,15890.72,40.10%,24.40%,9.50%,26.10%,0.00%,11573022,20520,B,86,35%,51%,45%,56%
58,4839600,39600,Seagraves ISD,83901,83901,137945,55005,105259,525,3975646,2650536,975774,2694206,0,10296162,20109.69,38.60%,25.70%,9.50%,26.20%,0.00%,5811675,12498,C,79,70%,73%,66%,69%
59,4842090,42090,Tahoka ISD,153904,153904,130215,54764,84333,612,4672571,2650924,1622572,2864683,0,11810750,20398.53,39.60%,22.40%,13.70%,24.30%,0.00%,14258398,28574,B,80,53%,55%,57%,53%
60,4841550,41550,Sterling City ISD,216901,216901,165500,56806,87400,355,2573087,1850869,4763390,1990639,2206437,13384422,31049.96,19.20%,13.80%,35.60%,14.90%,16.50%,4120275,11509,A,92,35%,47%,48%,44%
61,4824450,24450,Italy ISD,70907,70907,126097,64213,80971,597,5048773,3458399,1166919,3539064,0,13213155,21040.06,38.20%,26.20%,8.80%,26.80%,0.00%,16976994,32838,B,80,49%,61%,58%,74%
62,4830780,30780,Milford ISD,70909,70909,124613,65928,81502,258,1746775,1049476,173595,1305372,0,4275218,16380.15,40.90%,24.50%,4.10%,30.50%,0.00%,0,0,C,77,74%,91%,81%,79%
63,4828500,28500,Lubbock ISD,152901,152901,292850,53527,98056,24133,165753827,78865020,38020972,95576091,0,378215910,15545.89,43.80%,20.90%,10.10%,25.30%,0.00%,437405129,23120,B,80,49%,60%,51%,61%
64,4807410,7410,Abernathy ISD,95901,95901,145190,52147,82759,808,5638370,3082672,2577006,3896562,0,15194610,18712.57,37.10%,20.30%,17.00%,25.60%,0.00%,18477147,24768,B,85,40%,46%,45%,47%
65,4840590,40590,Smyer ISD,110906,110906,144127,51291,88889,431,3021510,1475455,21083,2626914,0,7144962,16463.05,42.30%,20.70%,0.30%,36.80%,0.00%,0,0,A,92,40%,51%,38%,57%
66,4841850,41850,Sundown ISD,110907,110907,159200,58896,107114,552,4705635,2345468,1755616,2666652,3113624,14586995,20822.81,32.30%,16.10%,12.00%,18.30%,21.30%,5971650,13359,A,90,27%,26%,31%,54%
67,4845690,45690,Whitharral ISD,110908,110908,99000,56807,85000,229,1392232,678771,295921,1188722,0,3555646,16693.17,39.20%,19.10%,8.30%,33.40%,0.00%,1442400,9072,A,96,26%,50%,54%,32%
68,4832430,32430,New Deal ISD,152902,152902,166000,52358,99507,731,4894418,2773841,16415627,3278611,0,27362497,35767.97,17.90%,10.10%,60.00%,12.00%,0.00%,68507316,97036,C,76,47%,70%,43%,60%
69,4814820,14820,Commerce ISD,116903,116903,183340,60233,91746,1542,12375210,7713968,37599816,7045513,0,64734507,41523.1,19.10%,11.90%,58.10%,10.90%,0.00%,125311231,82333,D,68,57%,69%,65%,73%
70,4833090,33090,Northside ISD (Wilbarger),244905,244905,118612,65554,81877,227,1315482,855312,134130,1461697,0,3766621,16096.67,34.90%,22.70%,3.60%,38.80%,0.00%,940749,4680,B,86,28%,38%,70%,58%
71,4827990,27990,London ISD,178906,178906,190000,55936,82350,1808,7329708,4392993,35603095,5311362,0,52637158,30496.62,13.90%,8.30%,67.60%,10.10%,0.00%,142678396,70181,B,89,22%,33%,24%,31%
72,4838820,38820,San Diego ISD,66902,66902,189837,59683,82745,1453,9204351,5509610,5603564,7979384,0,28296909,18702.52,32.50%,19.50%,19.80%,28.20%,0.00%,39061766,30327,B,87,52%,59%,62%,62%
73,4841100,41100,Spring Branch ISD,101920,101920,349066,69812,126223,32668,212579817,124512344,243413960,100493479,1197012,682196612,20384.94,31.20%,18.30%,35.70%,14.70%,0.20%,1617634026,54648,B,80,40%,44%,43%,48%
74,4841220,41220,Spring ISD,101919,101919,295800,63209,114931,33590,211077624,141410727,121054501,113292229,0,586835081,17292.92,36.00%,24.10%,20.60%,19.30%,0.00%,1220529174,42246,D,65,61%,72%,65%,74%
75,4823820,23820,Huffman ISD,101925,101925,308682,62795,99396,3646,21702469,14252400,8020960,14324415,0,58300244,15846.76,37.20%,24.40%,13.80%,24.60%,0.00%,174248055,55055,C,71,55%,63%,57%,63%
76,4820250,20250,Galena Park ISD,101910,101910,335000,68790,120251,20862,147012595,96346060,68047029,65328991,0,376734675,17850.49,39.00%,25.60%,18.10%,17.30%,0.00%,479300607,25375,B,87,47%,51%,56%,61%
77,4816650,16650,Dell City ISD,115903,115903,130609,56545,130609,76,880393,466471,12824,1153115,0,2512803,34900.04,35.00%,18.60%,0.50%,45.90%,0.00%,0,0,B,84,59%,71%,67%,78%
78,4821270,21270,Gorman ISD,67904,67904,115000,52561,82500,242,2665469,2339152,344418,2808237,0,8157276,33025.41,32.70%,28.70%,4.20%,34.40%,0.00%,3802000,18546,C,72,53%,78%,32%,55%
79,4817960,17960,Eastland ISD,67903,67903,159000,51313,94966,969,6938197,2671640,994688,4595058,0,15199583,14245.16,45.60%,17.60%,6.50%,30.20%,0.00%,10931856,11224,B,81,36%,58%,43%,50%
80,4827600,27600,Lingleville ISD,72909,72909,168600,55035,93600,270,1808665,1277778,452982,1047846,0,4587271,16741.86,39.40%,27.90%,9.90%,22.80%,0.00%,9417551,45277,B,88,49%,61%,66%,65%
81,4837230,37230,Rising Star ISD,67908,67908,85500,49450,46988,181,1482858,910042,9672,1799248,0,4201820,21658.87,35.30%,21.70%,0.20%,42.80%,0.00%,0,0,D,69,59%,83%,64%,73%
82,4810950,10950,Bovina ISD,185901,185901,105472,59447,75544,422,3594387,1494326,436305,2438991,0,7964009,17737.21,45.10%,18.80%,5.50%,30.60%,0.00%,26854385,64866,C,72,59%,71%,75%,79%
83,4830180,30180,Memphis ISD,96904,96904,112687,58949,90002,345,4171995,2488095,2750752,2042950,0,11453792,28634.48,36.40%,21.70%,24.00%,17.80%,0.00%,0,0,B,88,47%,49%,55%,69%
84,4807500,7500,Adrian ISD,180903,180903,80000,51879,82397,141,1069666,712173,632762,877444,0,3292045,28137.14,32.50%,21.60%,19.20%,26.70%,0.00%,2417450,24668,B,83,47%,68%,47%,57%
85,4800002,2,Spur ISD,63903,63903,108315,51633,72776,192,1651898,1051450,692087,1492079,0,4887514,23841.53,33.80%,21.50%,14.20%,30.50%,0.00%,1127875,8233,B,89,42%,62%,55%,72%
86,4834380,34380,Patton Springs ISD,63906,63906,807823,52659,80997,88,877523,621031,32263,896558,855244,3282619,31939.14,26.70%,18.90%,1.00%,27.30%,26.10%,0,0,A,90,42%,43%,64%,60%
87,4832880,32880,Nordheim ISD,62902,62902,127360,52529,87600,116,1322450,680902,4399206,1102924,9048640,16554122,59567.32,8.00%,4.10%,26.60%,6.70%,54.70%,6632000,70553,B,84,30%,60%,62%,52%
88,4846650,46650,Yorktown ISD,62904,62904,125000,57824,95000,574,4394296,2446637,0,2450200,12770925,22062058,17174,19.90%,11.10%,0.00%,11.10%,57.90%,0,0,B,82,45%,61%,62%,53%
89,4845240,45240,Westhoff ISD,62905,62905,498516,72084,498516,85,811520,635314,39474,613640,6501492,8601440,23863.05,9.40%,7.40%,0.50%,7.10%,75.60%,0,0,B,86,17%,19%,50%,35%
90,4816950,16950,Devine ISD,163901,163901,152500,60845,92166,1972,10384965,6377803,1866188,5760552,0,24389508,12293.1,42.60%,26.10%,7.70%,23.60%,0.00%,31927141,18234,D,68,55%,62%,47%,63%
91,4819110,19110,Farwell ISD,185902,185902,120000,54172,95053,599,4628845,2077866,753781,2988390,0,10448882,17270.88,44.30%,19.90%,7.20%,28.60%,0.00%,8876191,15993,A,90,30%,34%,48%,47%
92,4823760,23760,Huckabay ISD,72908,72908,135000,58029,91837,327,2159843,868453,699887,1336758,0,5064941,15348.31,42.60%,17.10%,13.80%,26.40%,0.00%,10858908,34473,A,94,32%,40%,45%,41%
93,4817580,17580,Dublin ISD,72902,72902,145000,49863,83120,1125,6298079,4295046,1347550,5916436,0,17857111,15582.12,35.30%,24.10%,7.50%,33.10%,0.00%,5108706,4722,B,88,38%,45%,38%,49%
94,4831410,31410,Morgan Mill ISD,72910,72910,94514,46388,75446,127,1103535,378677,0,790395,0,2272607,18627.93,48.60%,16.70%,0.00%,34.80%,0.00%,0,0,C,78,47%,67%,101%,62%
95,4817790,17790,Early ISD,25909,25909,120332,52739,82155,1067,7274002,3118417,1649040,3968499,0,16009958,14436.39,45.40%,19.50%,10.30%,24.80%,0.00%,18269025,20412,B,80,31%,41%,30%,45%
96,4810380,10380,Blanket ISD,25904,25904,80325,51805,85680,166,1166844,771261,75803,1192840,0,3206748,22905.34,36.40%,24.10%,2.40%,37.20%,0.00%,515687,4125,D,63,58%,83%,67%,74%
97,4811700,11700,Brownwood ISD,25902,25902,211150,55452,83109,3393,23789132,11216753,16169218,10157846,0,61332949,17824.16,38.80%,18.30%,26.40%,16.60%,0.00%,98319613,36081,C,74,48%,55%,51%,57%
98,4808550,8550,Rockport-Fulton ISD,4901,4901,187200,57857,99667,2913,19877310,11610053,22022051,13520065,4947230,71976709,22584.06,27.60%,16.10%,30.60%,18.80%,6.90%,126575571,52282,C,70,54%,68%,40%,67%
99,4832130,32130,Natalia ISD,163903,163903,168000,58832,88533,1315,7805007,5610627,984391,5884530,0,20284555,15997.28,38.50%,27.70%,4.90%,29.00%,0.00%,13655299,10353,F,59,61%,75%,63%,72%
100,4838970,38970,San Marcos Cons ISD,105902,105902,267344,60048,112204,8222,54228052,33897871,46806771,21393468,0,156326162,18809.55,34.70%,21.70%,29.90%,13.70%,0.00%,481555037,65536,C,76,59%,72%,52%,70%
101,4836180,36180,Quanah ISD,99903,99903,116168,49953,86649,434,4691521,2976180,367526,2541478,0,10576705,22551.61,44.40%,28.10%,3.50%,24.00%,0.00%,0,0,C,79,43%,64%,40%,59%
102,4828350,28350,Louise ISD,241906,241906,130460,62171,85736,535,3814466,2385691,127909,2572894,0,8900960,17084.38,42.90%,26.80%,1.40%,28.90%,0.00%,860475,1965,B,84,46%,54%,56%,72%
103,4817160,17160,Dimmitt ISD,35901,35901,161000,54211,95551,1077,7233949,4828210,2656592,4207347,0,18926098,17395.31,38.20%,25.50%,14.00%,22.20%,0.00%,38992758,42849,C,74,59%,69%,71%,68%
104,4824660,24660,Jayton-Girard ISD,132902,132902,119375,63005,98000,169,1678491,1305552,4538196,1571686,1301985,10395910,51378.11,16.10%,12.60%,43.70%,15.10%,12.50%,0,0,A,93,20%,35%,60%,45%
105,4819980,19980,Friona ISD,185903,185903,129723,56494,77619,1016,6707836,4682321,2085185,4864696,0,18340038,17980.43,36.60%,25.50%,11.40%,26.50%,0.00%,18407326,22923,C,77,56%,81%,61%,66%
106,4813740,13740,Cherokee ISD,206903,206903,98000,63196,70732,123,1414718,706526,326718,761814,0,3209776,24690.58,44.10%,22.00%,10.20%,23.70%,0.00%,0,0,B,88,32%,47%,53%,42%
107,4837080,37080,Richland Springs ISD,206902,206902,112100,53244,87870,120,1141814,860775,156325,1160692,0,3319606,23711.47,34.40%,25.90%,4.70%,35.00%,0.00%,3342980,27179,B,86,44%,66%,62%,60%
108,4835370,35370,Port Aransas ISD,178908,178908,158167,65867,102906,585,4449709,3028773,6731343,4238713,29337649,47786187,35006.71,9.30%,6.30%,14.10%,8.90%,61.40%,52000063,122642,B,86,24%,40%,29%,27%
109,4807530,7530,Agua Dulce ISD,178901,178901,85933,56386,80703,421,2852005,1554868,754057,2245931,0,7406861,18943.38,38.50%,21.00%,10.20%,30.30%,0.00%,5504000,14756,C,78,38%,68%,36%,59%
110,4810260,10260,Bishop Cons ISD,178902,178902,193475,57666,97480,1463,9532636,6359685,2534806,6576412,0,25003539,18357.96,38.10%,25.40%,10.10%,26.30%,0.00%,36154535,31770,A,91,36%,43%,35%,45%
111,4843350,43350,Tuloso-Midway ISD,178912,178912,195300,59814,92692,3671,21748713,12003991,16365050,16242948,933150,67293852,18251.02,32.30%,17.80%,24.30%,24.10%,1.40%,128650813,39355,B,81,45%,62%,46%,60%
112,4832010,32010,Murchison ISD,107908,107908,123764,57438,65007,169,1430058,738435,209701,1152779,0,3530973,20770.43,40.50%,20.90%,5.90%,32.60%,0.00%,0,0,C,77,59%,62%,67%,91%
113,4817550,17550,Driscoll ISD,178905,178905,147860,63306,89999,398,2390158,1413067,449721,1719153,0,5972099,17565,40.00%,23.70%,7.50%,28.80%,0.00%,8567567,19741,B,86,35%,54%,78%,62%
114,4837440,37440,Robstown ISD,178909,178909,190000,60168,95507,2570,14940029,11564210,7748194,11030025,0,45282458,18055.21,33.00%,25.50%,17.10%,24.40%,0.00%,59703281,26966,D,68,67%,77%,77%,81%
115,4845120,45120,West Oso ISD,178915,178915,161600,58211,92500,1778,11782793,7063967,2758506,8293499,0,29898765,15670.21,39.40%,23.60%,9.20%,27.70%,0.00%,35752363,24011,C,75,62%,69%,52%,68%
116,4819380,19380,Flour Bluff ISD,178914,178914,242872,59804,96797,5559,30138522,18924212,6505296,17341894,0,72909924,12870.24,41.30%,26.00%,8.90%,23.80%,0.00%,60596947,12023,B,85,33%,45%,37%,40%
117,4820040,20040,Frost ISD,175905,175905,135000,61168,78888,462,3398295,2061056,792851,2675428,0,8927630,18874.48,38.10%,23.10%,8.90%,30.00%,0.00%,7143500,16347,C,75,52%,71%,61%,70%
118,4836660,36660,Red Oak ISD,70911,70911,272250,63205,96636,6696,36062434,28842532,25939517,19344422,0,110188905,16715.55,32.70%,26.20%,23.50%,17.60%,0.00%,235075325,37793,C,77,52%,60%,55%,63%
119,4822650,22650,Hart ISD,35902,35902,95000,48948,86160,206,1129853,782061,278210,1550560,0,3740684,17644.74,30.20%,20.90%,7.40%,41.50%,0.00%,1603053,8665,A,90,43%,56%,65%,63%
120,4816020,16020,Cumby Collegiate ISD,112905,112905,145000,56215,81696,463,3230398,1842118,3400403,2338247,0,10811166,24024.81,29.90%,17.00%,31.50%,21.60%,0.00%,1003483,2669,C,70,55%,72%,55%,68%
121,4841820,41820,Sulphur Springs ISD,112901,112901,185000,57280,83100,4216,27710471,13937615,5513524,14330329,0,61491939,14090.73,45.10%,22.70%,9.00%,23.30%,0.00%,153453471,40393,B,81,50%,52%,50%,54%
122,4824180,24180,Ingleside ISD,205903,205903,156641,69157,94276,2071,13285740,7273980,5609995,8065793,6101765,40337273,17032.59,32.90%,18.00%,13.90%,20.00%,15.10%,70988163,40357,B,83,41%,51%,56%,57%
123,4809030,9030,Avalon ISD,70901,70901,134845,60883,79792,347,2197259,1136631,29234,1016596,0,4379720,12549.34,50.20%,26.00%,0.70%,23.20%,0.00%,601200,1652,B,85,63%,73%,57%,58%
124,4829580,29580,Maypearl ISD,70915,70915,176187,57116,83064,1209,6990691,4729821,9147897,4439285,0,25307694,20676.22,27.60%,18.70%,36.10%,17.50%,0.00%,70554510,64610,C,70,49%,61%,45%,56%
125,4844730,44730,Waxahachie ISD,70912,70912,186171,62872,103427,11196,64615142,41438777,139589703,28189184,0,273832806,24776.76,23.60%,15.10%,51.00%,10.30%,0.00%,1028566675,96834,C,76,48%,58%,45%,60%
126,4818540,18540,Ennis ISD,70903,70903,255000,60970,97369,6646,36832546,15906220,23293911,23740304,0,99772981,15430.4,36.90%,15.90%,23.30%,23.80%,0.00%,227867000,35632,C,76,52%,61%,58%,62%
127,4834110,34110,Palmer ISD,70910,70910,212899,62203,92728,1352,8135635,4071236,2066739,5566250,0,19839860,14828,41.00%,20.50%,10.40%,28.10%,0.00%,20278525,15551,B,88,33%,51%,52%,48%
128,4843740,43740,Valentine ISD,122902,122902,131230,65103,131230,32,699083,415610,0,705251,0,1819944,75831,38.40%,22.80%,0.00%,38.80%,0.00%,0,0,B,84,33%,73%,29%,43%
129,4837260,37260,River Road ISD,188902,188902,163215,56202,88129,1221,8324302,5163168,1715567,5094887,0,20297924,17042.76,41.00%,25.40%,8.50%,25.10%,0.00%,7167725,8827,C,71,50%,60%,47%,64%
130,4835560,35560,Highland Park ISD (Potter),188903,188903,175564,64226,96610,749,5127516,3621083,8421301,3243781,4504564,24918245,25905.69,20.60%,14.50%,33.80%,13.00%,18.10%,173221994,268561,B,83,48%,64%,38%,41%
131,4830030,30030,Medina ISD,10901,10901,104000,48968,85010,243,2183485,1371817,571884,1175709,0,5302895,22187.85,41.20%,25.90%,10.80%,22.20%,0.00%,5785800,25047,B,85,45%,60%,55%,58%
132,4809330,9330,Balmorhea ISD,195902,195902,139244,66371,81233,146,1616327,1140443,11817083,1568528,4820316,20962697,111326.77,7.70%,5.40%,56.40%,7.50%,23.00%,105084285,633038,B,88,50%,72%,80%,74%
133,4822710,22710,Harts Bluff ISD,225907,225907,160000,56075,83500,891,5631923,2831191,845719,2725451,0,12034284,13506.49,46.80%,23.50%,7.00%,22.60%,0.00%,855682,1015,B,84,47%,62%,49%,57%
134,4842120,42120,Rivercrest ISD,194903,194903,125000,52731,90000,684,5409178,2265485,1276075,4113642,0,13064380,18426.49,41.40%,17.30%,9.80%,31.50%,0.00%,6051273,9367,B,85,45%,48%,59%,53%
135,4832700,32700,Newcastle ISD,252902,252902,110000,59729,82768,227,1822677,860565,8967382,1075884,0,12726508,56562.26,14.30%,6.80%,70.50%,8.50%,0.00%,26291415,131457,A,93,41%,44%,56%,48%
136,4826070,26070,La Gloria ISD,125906,125906,97000,58263,97000,119,763802,507976,0,545751,0,1817529,15943.24,42.00%,27.90%,0.00%,30.00%,0.00%,0,0,B,88,44%,79%,.,91%
137,4823790,23790,Hudson ISD,3902,3902,220139,56450,92808,2777,17247433,9711065,2875393,8993234,0,38827125,14165.31,44.40%,25.00%,7.40%,23.20%,0.00%,9148281,3780,B,89,36%,39%,35%,48%
138,4819140,19140,Fayetteville ISD,75906,75906,163680,53485,80371,290,2367483,798436,2225480,1496502,0,6887901,23751.38,34.40%,11.60%,32.30%,21.70%,0.00%,8649023,34322,A,96,25%,37%,48%,51%
139,4839540,39540,Schulenburg ISD,75903,75903,123000,57203,85500,684,5163010,2813092,2052797,2486938,0,12515837,18877.58,41.30%,22.50%,16.40%,19.90%,0.00%,38291500,68013,C,73,53%,65%,50%,55%
140,4838100,38100,Round Top-Carmine ISD,75908,75908,111800,54012,78759,235,1687773,1091584,241788,940248,2471766,6433159,16505.8,26.20%,17.00%,3.80%,14.60%,38.40%,962263,4811,B,89,28%,28%,22%,31%
141,4826100,26100,La Grange ISD,75902,75902,175524,54258,89815,1870,11099250,6112263,2789087,7307498,0,27308098,14178.66,40.60%,22.40%,10.20%,26.80%,0.00%,43645158,22935,C,78,43%,60%,43%,53%
142,4829760,29760,McDade ISD,11905,11905,105000,58696,82865,377,2897209,1816571,841528,1689675,0,7244983,20124.95,40.00%,25.10%,11.60%,23.30%,0.00%,9287963,27643,C,79,59%,72%,55%,64%
143,4807980,7980,Alto ISD,37901,37901,130000,64960,91879,505,4583143,2600661,626250,2923846,0,10733900,21297.42,42.70%,24.20%,5.80%,27.20%,0.00%,11571678,30776,B,81,56%,55%,56%,53%
144,4845210,45210,Westbrook ISD,168903,168903,118500,60135,30352,220,1597785,901153,15168,1383330,792,3898228,15907.9,41.00%,23.10%,0.40%,35.50%,0.00%,0,0,A,93,47%,46%,48%,66%
145,4816980,16980,Dew ISD,81906,81906,224467,62146,90000,171,1421446,758779,22234,636834,103690,2942983,15686.7,48.30%,25.80%,0.80%,21.60%,3.50%,0,0,C,76,44%,54%,33%,65%
146,4830450,30450,Meyersville ISD,62906,62906,119162,59987,119162,176,990833,443707,1097521,1010956,0,3543017,22858.17,28.00%,12.50%,31.00%,28.50%,0.00%,0,0,A,91,32%,38%,45%,28%
147,4833270,33270,Nursery ISD,235904,235904,116000,56512,70000,156,916398,386080,309849,690782,512005,2815114,16811.01,32.60%,13.70%,11.00%,24.50%,18.20%,1805600,16565,A,93,20%,20%,.,44%
148,4833570,33570,Olfen ISD,200906,200906,135000,51052,95000,145,1049307,811740,454797,999288,0,3315132,23346,31.70%,24.50%,13.70%,30.10%,0.00%,506600,3989,B,84,44%,59%,52%,52%
149,4835890,35890,Pringle-Morse Cons ISD,98903,98903,125500,49002,69220,128,1004872,718979,226950,1207993,27649,3186443,26544.49,31.50%,22.60%,7.10%,37.90%,0.90%,634650,5519,C,77,44%,48%,53%,62%
150,4836420,36420,Ramirez CSD,66005,66005,100530,55749,100530,36,484955,294975,44332,754906,0,1579168,71780.36,30.70%,18.70%,2.80%,47.80%,0.00%,0,0,B,80,37%,62%,.,101%
151,4839060,39060,San Vicente ISD,22903,22903,137500,69389,137500,0,332709,756414,76043,485154,0,1650320,82516,20.20%,45.80%,4.60%,29.40%,0.00%,0,0,B,89,101%,101%,.,101%
152,4844370,44370,Walcott ISD,59902,59902,96000,53206,63542,146,1062104,469943,317118,935258,0,2784423,19336.27,38.10%,16.90%,11.40%,33.60%,0.00%,977605,8285,A,91,38%,44%,.,53%
153,4845840,45840,Wildorado ISD,180904,180904,116500,51589,85767,215,1251540,777464,855368,1360023,0,4244395,19741.37,29.50%,18.30%,20.20%,32.00%,0.00%,12567709,77578,B,88,50%,59%,61%,55%
154,4827270,27270,Leveretts Chapel ISD,201904,201904,120950,59938,82692,242,1903393,861064,328091,1163787,0,4256335,17883.76,44.70%,20.20%,7.70%,27.30%,0.00%,344920,2197,C,79,56%,67%,42%,57%
155,4842390,42390,Terlingua CSD,22004,22004,115000,52982,115000,121,1147584,757536,169894,681845,0,2756859,20885.3,41.60%,27.50%,6.20%,24.70%,0.00%,0,0,F,53,76%,94%,79%,65%
156,4821480,21480,Grandfalls-Royalty ISD,238904,238904,93444,66315,93444,157,1364033,867493,959417,908229,0,4099172,29704.14,33.30%,21.20%,23.40%,22.20%,0.00%,11358075,75219,F,57,77%,84%,68%,79%
157,4831170,31170,Monahans-Wickett-Pyote ISD,238902,238902,147900,60125,89126,2181,14205835,8388641,33029035,8055968,10705506,74384985,28945.22,19.10%,11.30%,44.40%,10.80%,14.40%,165812425,82004,C,76,53%,65%,55%,64%
158,4807950,7950,Alpine ISD,22901,22901,154520,49914,86033,905,6639575,5101888,1696900,4121530,0,17559893,19128.42,37.80%,29.10%,9.70%,23.50%,0.00%,27513350,38534,B,81,45%,63%,33%,49%
159,4817400,17400,Doss Cons CSD,86024,86024,123470,51835,123470,0,242774,221024,89798,506218,0,1059814,50467.33,22.90%,20.90%,8.50%,47.80%,0.00%,0,0,B,89,44%,56%,.,101%
160,4811190,11190,Brazosport ISD,20905,20905,337140,63577,111774,11169,78357253,45588311,67596249,37212676,234559,228989048,20142.16,34.20%,19.90%,29.50%,16.30%,0.10%,395407400,43337,C,79,50%,56%,58%,64%
161,4816290,16290,Danbury ISD,20904,20904,150000,73743,103137,674,5031368,3497190,2567145,4134699,0,15230402,23041.46,33.00%,23.00%,16.90%,27.10%,0.00%,26902983,60186,B,85,39%,54%,48%,42%
162,4831380,31380,Morgan ISD,18903,18903,105000,49328,73500,137,1111030,660953,97834,913314,0,2783131,18804.94,39.90%,23.70%,3.50%,32.80%,0.00%,0,0,C,75,63%,94%,57%,80%
163,4835700,35700,Prairie Lea ISD,28906,28906,117000,55180,91500,267,1797532,1475522,1112444,1425128,0,5810626,21926.89,30.90%,25.40%,19.10%,24.50%,0.00%,0,0,D,63,87%,98%,87%,100%
164,4840200,40200,Sierra Blanca ISD,115902,115902,108650,69136,76000,100,1207411,533675,3273846,809487,0,5824419,58832.52,20.70%,9.20%,56.20%,13.90%,0.00%,10554800,167537,C,77,58%,64%,47%,89%
165,4815540,15540,Crane ISD,52901,52901,155000,67735,102164,1233,8952873,5889633,17068388,4837581,7173874,43922349,30345.56,20.40%,13.40%,38.90%,11.00%,16.30%,60027260,52563,C,72,57%,65%,63%,65%
166,4831470,31470,Morton ISD,40901,40901,108120,60931,76604,368,2950608,1550871,77402,2095265,0,6674146,18853.52,44.20%,23.20%,1.20%,31.40%,0.00%,0,0,D,66,77%,82%,63%,86%
167,4845570,45570,Whiteface Cons ISD,40902,40902,118450,55309,88381,298,2387755,1611275,1253389,1973482,0,7225901,22233.54,33.00%,22.30%,17.30%,27.30%,0.00%,4113662,14333,B,85,51%,61%,31%,63%
168,4818480,18480,Elysian Fields ISD,102906,102906,120000,54133,83621,775,5403430,3744010,2604577,5513410,6897293,24162720,21663.02,22.40%,15.50%,10.80%,22.80%,28.50%,2811800,4306,C,76,37%,52%,54%,54%
169,4822170,22170,Hallsville ISD,102904,102904,212100,56224,90813,24602,33469582,19207398,10160137,197234321,0,260071438,12210.5,12.90%,7.40%,3.90%,75.80%,0.00%,89933930,3242,B,81,62%,82%,66%,73%
170,4829160,29160,Marshall ISD,102902,102902,240000,49268,84223,4957,25179451,16695008,21601327,16470001,0,79945787,16101.87,31.50%,20.90%,27.00%,20.60%,0.00%,157151352,38181,C,73,58%,64%,65%,68%
171,4832460,32460,New Diana ISD,230906,230906,147500,60066,86261,1136,6345962,3911294,940961,3846330,0,15044547,12924.87,42.20%,26.00%,6.30%,25.60%,0.00%,9156365,8541,B,87,27%,45%,49%,54%
172,4825110,25110,Karnack ISD,102901,102901,104584,48164,69437,119,1089742,1077143,89910,1366032,279062,3901889,28982.62,27.90%,27.60%,2.30%,35.00%,7.20%,679478,6410,C,74,66%,75%,80%,73%
173,4811990,11990,Buffalo ISD,145901,145901,170650,56389,92224,988,6848192,4189136,1722235,4321743,0,17081306,16632.24,40.10%,24.50%,10.10%,25.30%,0.00%,7587925,9164,B,85,38%,52%,50%,55%
174,4830420,30420,Mexia ISD,147903,147903,185000,58681,95800,1846,13068349,8544418,3770540,6899473,0,32282780,17621.6,40.50%,26.50%,11.70%,21.40%,0.00%,13758475,8648,D,66,61%,75%,60%,77%
175,4842300,42300,Teague ISD,81904,81904,194044,54497,90453,1212,7497951,5169634,2162659,4640663,0,19470907,15564.27,38.50%,26.60%,11.10%,23.80%,0.00%,2060400,1745,B,84,42%,53%,50%,61%
176,4835550,35550,Poth ISD,247904,247904,140315,54645,88003,962,5758533,3213313,2443189,3280238,0,14695273,15485.01,39.20%,21.90%,16.60%,22.30%,0.00%,15405510,16892,A,91,30%,38%,32%,35%
177,4822320,22320,Hamshire-Fannett ISD,123914,123914,146330,48966,83527,2006,10047886,5685656,11486561,8135832,0,35355935,17263.64,28.40%,16.10%,32.50%,23.00%,0.00%,73179481,39989,B,83,42%,62%,52%,58%
178,4822410,22410,Hardin-Jefferson ISD,100905,100905,190195,56522,92579,2762,13469478,8108736,8435307,9002289,0,39015810,14166.96,34.50%,20.80%,21.60%,23.10%,0.00%,60803986,22833,B,84,41%,45%,37%,50%
179,4824960,24960,Jourdanton ISD,7902,7902,156000,63757,95279,1554,10160472,5567924,3714391,5490414,0,24933201,15701.01,40.80%,22.30%,14.90%,22.00%,0.00%,51312349,36034,C,78,46%,64%,42%,54%
180,4829400,29400,Mathis ISD,205904,205904,105252,57662,98261,1429,11186322,6055899,3436789,9382027,0,30061037,20774.73,37.20%,20.10%,11.40%,31.20%,0.00%,27944271,23133,C,79,50%,63%,58%,66%
181,4840410,40410,Skidmore-Tynan ISD,13905,13905,140400,56958,86334,775,5588646,3664578,5919314,3689952,0,18862490,23756.28,29.60%,19.40%,31.40%,19.60%,0.00%,29014312,35513,B,88,41%,57%,41%,51%
182,4827890,27890,Lockney ISD,77902,77902,155000,59660,90262,391,3048369,2297457,696715,2242458,0,8284999,20507.42,36.80%,27.70%,8.40%,27.10%,0.00%,4017400,12633,C,76,69%,80%,77%,80%
183,4843400,43400,Turkey-Quitaque ISD,96905,96905,110000,48336,80000,180,1397580,730360,185572,1159724,0,3473236,18184.48,40.20%,21.00%,5.30%,33.40%,0.00%,2475269,13526,A,95,28%,48%,63%,59%
184,4800009,9,Wimberley ISD,105905,105905,10619,61118,101490,2661,15376680,8974099,13283473,6895604,1109974,45639830,16492.54,33.70%,19.70%,29.10%,15.10%,2.40%,145268458,60554,B,86,28%,43%,32%,41%
185,4835760,35760,Premont ISD,125905,125905,120000,59289,97291,794,5917532,2113401,1212822,5380832,0,14624587,18701.52,40.50%,14.50%,8.30%,36.80%,0.00%,21447922,29789,C,79,57%,76%,63%,80%
186,4809870,9870,Ben Bolt-Palito Blanco ISD,125902,125902,135000,59765,82583,444,3759570,1784130,552520,3235841,0,9332061,20510.02,40.30%,19.10%,5.90%,34.70%,0.00%,2145450,7449,B,82,50%,67%,43%,65%
187,4823430,23430,Hondo ISD,163904,163904,150000,57801,86123,1727,10483844,5390038,3460797,6954438,0,26289117,14996.64,39.90%,20.50%,13.20%,26.50%,0.00%,37871527,24386,C,77,55%,70%,56%,70%
188,4827090,27090,Lefors ISD,90902,90902,83200,58427,80000,173,1578775,668947,505448,1358375,0,4111545,21869.92,38.40%,16.30%,12.30%,33.00%,0.00%,1248440,7258,D,69,66%,72%,76%,61%
189,4832370,32370,New Braunfels ISD,46901,46901,264971,63619,102912,9893,52273599,27677441,179694785,26077586,0,285723411,29218.06,18.30%,9.70%,62.90%,9.10%,0.00%,796726345,89229,B,81,40%,55%,41%,53%
190,4818120,18120,Edgewood ISD (Van Zandt),234903,234903,153000,56075,85010,1022,6749296,4019448,7959234,3857973,0,22585951,21510.43,29.90%,17.80%,35.20%,17.10%,0.00%,57159448,57679,B,80,45%,58%,48%,54%
191,4827750,27750,Littlefield ISD,140904,140904,160000,48187,89750,1233,7999690,5707408,22260272,4969787,0,40937157,34171.25,19.50%,13.90%,54.40%,12.10%,0.00%,72173119,68671,C,77,50%,62%,62%,58%
192,4811070,11070,Brackett ISD,136901,136901,119000,55238,81717,521,4025399,2741507,125196,2794877,0,9686979,18208.61,41.60%,28.30%,1.30%,28.90%,0.00%,1031912,2132,B,81,42%,56%,41%,59%
193,4820550,20550,George West ISD,149901,149901,135000,58123,76850,1063,7048629,3825519,1890950,3908024,0,16673122,15744.21,42.30%,22.90%,11.30%,23.40%,0.00%,34992400,39450,A,91,24%,48%,47%,50%
194,4842690,42690,Three Rivers ISD,149902,149902,130000,69176,87500,566,5320881,2105901,5856791,4845592,15035143,33164308,30727.4,16.00%,6.30%,17.70%,14.60%,45.30%,34060177,67580,C,77,51%,65%,64%,47%
195,4843680,43680,Utopia ISD,232904,232904,101000,50748,77250,196,1459290,941654,12123,1061930,0,3474997,17288.54,42.00%,27.10%,0.30%,30.60%,0.00%,0,0,A,91,40%,56%,58%,40%
196,4816140,16140,D'Hanis ISD,163902,163902,131000,64262,87801,290,1993133,1145105,394725,1065924,17593,4616480,16542.76,43.20%,24.80%,8.60%,23.10%,0.40%,4154346,17455,B,87,30%,37%,49%,43%
197,4824330,24330,Iraan-Sheffield Collegiate ISD,186903,186903,147400,61303,87500,333,2391784,2431177,8028882,2504081,4558170,19914094,44253.38,12.00%,12.20%,40.30%,12.60%,22.90%,10973981,37074,C,79,55%,80%,71%,51%
198,4808870,8870,Athens ISD,107901,107901,396552,64035,85819,3029,19533199,9211743,10115450,12195340,0,51055732,16973.32,38.30%,18.00%,19.80%,23.90%,0.00%,68286322,28217,C,77,53%,69%,81%,64%
199,4836970,36970,Rice Cons ISD,45903,45903,83500,58722,91196,1306,8269852,4704850,1774835,5987361,0,20736898,15769.5,39.90%,22.70%,8.60%,28.90%,0.00%,32854537,26668,C,73,56%,69%,72%,77%
200,4833240,33240,Nueces Canyon Cons ISD,69902,69902,100501,68109,80594,240,1984443,1057473,116000,1474169,95988,4728073,19381.11,42.00%,22.40%,2.50%,31.20%,2.00%,0,0,B,80,41%,80%,43%,51%
201,4843720,43720,Uvalde Cons ISD,232903,232903,206120,55741,77268,4019,27256782,18974496,2347387,12170731,0,60749396,14955.54,44.90%,31.20%,3.90%,20.00%,0.00%,5236736,2227,F,59,66%,80%,69%,81%
202,4817280,17280,Dodd City ISD,74904,74904,118000,60144,81233,308,2197307,1063203,310382,1371531,0,4942423,15445.07,44.50%,21.50%,6.30%,27.80%,0.00%,4359650,16267,B,89,34%,51%,36%,46%
203,4831320,31320,Moran ISD,209902,209902,111384,58394,70749,115,1239127,625417,87475,1381165,0,3333184,27546.98,37.20%,18.80%,2.60%,41.40%,0.00%,0,0,C,78,64%,83%,100%,81%
204,4827630,27630,Lipan ISD,111902,111902,1,58218,94480,478,3582024,1662157,1683297,2485646,0,9413124,21058.44,38.10%,17.70%,17.90%,26.40%,0.00%,25279885,69834,B,85,40%,53%,48%,52%
205,4818890,18890,Ezzell ISD,143906,143906,100000,45363,85001,128,824722,381765,801312,568666,0,2576465,19818.96,32.00%,14.80%,31.10%,22.10%,0.00%,4451088,24457,B,83,37%,44%,58%,66%
206,4807680,7680,Albany ISD,209901,209901,3,55399,105772,474,3142822,2223959,398236,2524018,0,8289035,16711.76,37.90%,26.80%,4.80%,30.50%,0.00%,651879,1563,B,81,37%,51%,49%,55%
207,4811220,11220,Breckenridge ISD,215901,215901,140000,54237,77537,1374,8047389,5663013,1057927,8989175,0,23757504,17091.73,33.90%,23.80%,4.50%,37.80%,0.00%,4953250,4030,B,83,45%,50%,58%,60%
208,4839390,39390,Santo ISD,182904,182904,150492,59638,85117,582,3786050,2298571,1988034,2459715,40213,10572583,18943.11,35.80%,21.70%,18.80%,23.30%,0.40%,24415656,50135,A,90,26%,41%,23%,47%
209,4830870,30870,Millsap ISD,184904,184904,163988,61378,92177,1083,7156549,3730072,4534400,3703104,0,19124125,17385.57,37.40%,19.50%,23.70%,19.40%,0.00%,17697050,18988,B,82,46%,51%,41%,54%
210,4822350,22350,Happy ISD,219901,219901,54000,62334,75872,253,1947512,1039989,0,1460834,0,4448335,16475.31,43.80%,23.40%,0.00%,32.80%,0.00%,0,0,B,84,32%,33%,21%,52%
211,4836780,36780,Refugio ISD,196903,196903,143520,54320,86925,656,5123806,4920424,1464247,4165910,0,15674387,22882.32,32.70%,31.40%,9.30%,26.60%,0.00%,29631350,42513,D,67,56%,72%,60%,58%
212,4846380,46380,Woodsboro ISD,196902,196902,110000,54455,83338,400,2958543,1943015,8605177,2654029,0,16160764,39416.5,18.30%,12.00%,53.20%,16.40%,0.00%,64550088,198006,C,74,60%,75%,65%,65%
213,4821180,21180,Gordon ISD,182901,182901,97830,57430,72100,227,1475893,1057919,5858441,1275467,0,9667720,41492.36,15.30%,10.90%,60.60%,13.20%,0.00%,15769459,78067,B,89,38%,60%,70%,67%
214,4841700,41700,Strawn ISD,182905,182905,112501,58452,92100,172,1106864,688746,33900,1061214,0,2890724,17519.54,38.30%,23.80%,1.20%,36.70%,0.00%,0,0,B,88,74%,77%,70%,95%
215,4811610,11610,Brownfield ISD,223901,223901,208000,54720,92753,1608,11994052,7845849,6821645,7968479,0,34630025,20924.49,34.60%,22.70%,19.70%,23.00%,0.00%,53742350,34517,D,69,66%,74%,63%,70%
216,4813500,13500,Central ISD,3907,3907,153000,54678,89500,1497,9565688,6043272,744430,6672861,0,23026251,15099.18,41.50%,26.20%,3.20%,29.00%,0.00%,10162425,6876,C,75,54%,66%,44%,68%
217,4813890,13890,Chillicothe ISD,99902,99902,101856,55283,69648,189,1730648,1087847,1118386,1480186,0,5417067,27638.1,31.90%,20.10%,20.60%,27.30%,0.00%,10753250,59740,B,86,54%,62%,50%,59%
218,4824810,24810,Joaquin ISD,210902,210902,140800,60110,103270,720,5216067,3441438,1430220,2991567,0,13079292,18369.79,39.90%,26.30%,10.90%,22.90%,0.00%,10610425,15884,A,91,46%,50%,50%,56%
219,4842360,42360,Tenaha ISD,210904,210904,120000,68848,98555,414,3441616,2178369,1109473,2149421,0,8878879,19343.96,38.80%,24.50%,12.50%,24.20%,0.00%,4065945,10872,D,65,56%,66%,69%,77%
220,4820460,20460,Gary ISD,183904,183904,167255,55562,80320,476,3425035,1509701,1422947,2287876,0,8645559,17825.89,39.60%,17.50%,16.50%,26.50%,0.00%,7191767,19490,C,75,49%,63%,51%,63%
221,4813110,13110,Carthage ISD,183902,183902,242330,61294,105162,2637,18850290,10039100,36832347,12273504,9779566,87774807,30021.26,21.50%,11.40%,42.00%,14.00%,11.10%,39480952,17657,B,80,44%,51%,51%,54%
222,4836990,36990,Richards ISD,93905,93905,122985,61261,85999,249,1455419,731815,2080827,852463,0,5120524,21789.46,28.40%,14.30%,40.60%,16.60%,0.00%,9441292,42338,C,73,48%,72%,71%,57%
223,4820100,20100,Fort Davis ISD,122901,122901,120000,57342,70099,682,2205798,1179358,40985,1046805,0,4472946,17007.4,49.30%,26.40%,0.90%,23.40%,0.00%,0,0,D,68,49%,62%,70%,58%
224,4820310,20310,Ganado ISD,120902,120902,126814,54309,85990,712,3797186,2352402,3673492,3377870,0,13200950,18966.88,28.80%,17.80%,27.80%,25.60%,0.00%,31779050,52441,C,76,45%,51%,58%,63%
225,4834020,34020,Palacios ISD,158905,158905,132743,59588,103572,1265,9484456,5829508,61786971,10205618,0,87306553,68962.52,10.90%,6.70%,70.80%,11.70%,0.00%,170774178,160351,B,83,46%,57%,49%,61%
226,4826910,26910,Latexo ISD,113905,113905,131000,55771,87920,550,3336874,1942486,831366,2301241,0,8411967,16925.49,39.70%,23.10%,9.90%,27.40%,0.00%,5898325,12963,C,76,40%,63%,50%,60%
227,4807800,7800,Alice ISD,125901,125901,237000,62674,98220,4297,27512064,17568537,5365474,15656456,0,66102531,14735.29,41.60%,26.60%,8.10%,23.70%,0.00%,101698824,26553,B,80,57%,65%,61%,69%
228,4833720,33720,Orange Grove ISD,125903,125903,156560,55627,95945,1648,10389291,5308765,1558234,6031330,0,23287620,13642.43,44.60%,22.80%,6.70%,25.90%,0.00%,10779009,7839,B,87,34%,52%,48%,51%
229,4837320,37320,Riviera ISD,137903,137903,118000,57385,86778,425,3127545,2178093,0,2587715,0,7893353,16547.91,39.60%,27.60%,0.00%,32.80%,0.00%,0,0,B,84,38%,66%,53%,50%
230,4820220,20220,Gainesville ISD,49901,49901,243264,63381,73576,3111,18512878,11673002,8229447,11906017,0,50321344,16295.77,36.80%,23.20%,16.40%,23.70%,0.00%,23193488,8248,D,65,69%,73%,65%,73%
231,4844490,44490,Walnut Bend ISD,49908,49908,91400,69969,91400,73,503316,281486,1,488521,0,1273324,19895.69,39.50%,22.10%,0.00%,38.40%,0.00%,0,0,C,76,29%,88%,101%,100%
232,4812360,12360,Bynum ISD,109902,109902,150000,51202,78000,187,1250692,904195,179388,1044192,0,3378467,18361.23,37.00%,26.80%,5.30%,30.90%,0.00%,1006270,6136,B,88,43%,50%,44%,62%
233,4823730,23730,Hubbard ISD (Hill),109905,109905,123394,56000,81494,417,3212600,1862850,1511059,1878661,0,8465170,19686.44,38.00%,22.00%,17.90%,22.20%,0.00%,8091798,23119,C,77,58%,69%,47%,65%
234,4828800,28800,Malone ISD,109908,109908,98340,62666,84494,63,1001623,633179,97433,728967,0,2461202,27046.18,40.70%,25.70%,4.00%,29.60%,0.00%,695260,13905,B,88,61%,68%,89%,76%
235,4811910,11910,Buena Vista ISD,186901,186901,88581,52618,88581,220,1668943,1280770,20076030,1654111,11194146,35874000,96783.74,4.70%,3.60%,56.00%,4.60%,31.20%,92939125,411235,B,81,57%,68%,64%,66%
236,4820190,20190,Fort Stockton ISD,186902,186902,283550,62351,107521,13480,14109242,10862576,39675954,93320631,0,157968403,18745.51,8.90%,6.90%,25.10%,59.10%,0.00%,87322180,8867,F,55,62%,86%,70%,79%
237,4816770,16770,Denver City ISD,251901,251901,175000,60803,88406,1474,10193126,7342387,7571603,6217304,579957,31904377,20813.57,31.90%,23.00%,23.70%,19.50%,1.80%,81938444,67218,C,79,49%,66%,63%,68%
238,4846470,46470,Wortham ISD,81905,81905,118450,52115,78213,535,3193061,1580116,1299655,1734450,0,7807282,14538.7,40.90%,20.20%,16.60%,22.20%,0.00%,6459100,14580,C,72,49%,69%,64%,64%
239,4835010,35010,Pittsburg ISD,32902,32902,185517,51668,88739,2245,14954173,9016537,1643477,7852225,0,33466412,14646.13,44.70%,26.90%,4.90%,23.50%,0.00%,15388088,7961,A,90,38%,45%,49%,51%
240,4841070,41070,Splendora ISD,170907,170907,288798,65885,96565,5687,31921965,19702691,48251518,13700780,0,113576954,21753.87,28.10%,17.30%,42.50%,12.10%,0.00%,343355339,61732,D,67,60%,76%,66%,71%
241,4813320,13320,Center ISD,210901,210901,182352,58818,100207,2307,15841166,9276467,12891210,10026482,0,48035325,19735.14,33.00%,19.30%,26.80%,20.90%,0.00%,67132772,35111,C,77,58%,69%,58%,73%
242,4818840,18840,Excelsior ISD,210906,210906,102418,54184,82000,86,704134,463365,6224,454709,0,1628432,21148.47,43.20%,28.50%,0.40%,27.90%,0.00%,0,0,F,53,57%,84%,83%,92%
243,4823160,23160,High Island ISD,84903,84903,142000,56287,100000,132,1174496,952285,1779684,1922405,0,5828870,36659.56,20.10%,16.30%,30.50%,33.00%,0.00%,10577054,70047,B,82,40%,69%,89%,49%
244,4825290,25290,Kelton ISD,242905,242905,104188,56718,62521,129,1290780,606106,2937828,1005697,2101750,7942161,41717.22,16.30%,7.60%,37.00%,12.70%,26.50%,7189000,79000,B,85,50%,56%,53%,44%
245,4842810,42810,Tidehaven ISD,158902,158902,185231,64429,93250,1065,6957237,3795639,2544348,4850125,1428539,19575888,17635.91,35.50%,19.40%,13.00%,24.80%,7.30%,43400309,46567,B,89,23%,34%,43%,45%
246,4809630,9630,Bay City ISD,158901,158901,367497,83204,187326,3473,20090372,13054787,10645536,14382970,0,58173665,16554.83,34.50%,22.40%,18.30%,24.70%,0.00%,177568853,61231,C,76,58%,66%,53%,58%
247,4843950,43950,Van Vleck ISD,158906,158906,160154,70098,96679,1039,7904927,4458058,5790291,9527342,0,27680618,26337.41,28.60%,16.10%,20.90%,34.40%,0.00%,86718327,105625,B,80,46%,53%,44%,54%
248,4815750,15750,Crosby ISD,101906,101906,231767,73410,99903,7046,38811180,19665501,16081208,15376315,0,89934204,13094.67,43.20%,21.90%,17.90%,17.10%,0.00%,308279152,46937,C,78,53%,58%,55%,63%
249,4832400,32400,New Caney ISD,170908,170908,322765,68949,113682,19420,120669729,73004914,124957529,47849128,0,366481300,19301.7,32.90%,19.90%,34.10%,13.10%,0.00%,1611334927,84226,C,75,56%,68%,59%,68%
250,4842210,42210,Tarkington ISD,146907,146907,164383,60819,105466,1907,9754751,6289326,3125532,7437116,0,26606725,13800.17,36.70%,23.60%,11.70%,28.00%,0.00%,6727485,3717,C,73,56%,69%,50%,71%
251,4824300,24300,Ira ISD,208903,208903,115841,56898,80950,284,1688658,855635,742301,1951581,0,5238175,21036.85,32.20%,16.30%,14.20%,37.30%,0.00%,9802950,51057,B,86,26%,39%,50%,41%
252,4808400,8400,Anson ISD,127901,127901,108268,52465,83584,723,5297004,2863757,773485,3012803,0,11947049,16298.84,44.30%,24.00%,6.50%,25.20%,0.00%,3714200,6539,C,77,48%,68%,47%,51%
253,4830340,30340,Merkel ISD,221904,221904,138978,55091,91853,1090,7457175,4152005,1944229,4833642,0,18387051,16315.04,40.60%,22.60%,10.60%,26.30%,0.00%,9754834,9784,C,78,55%,63%,65%,59%
254,4822800,22800,Hawley ISD,127904,127904,140356,52901,74029,773,6596700,3612075,1010650,6047244,0,17266669,20703.44,38.20%,20.90%,5.90%,35.00%,0.00%,4378775,5687,C,74,51%,68%,51%,61%
255,4818720,18720,Eustace ISD,107905,107905,138000,65525,98833,1711,11444167,6102075,3021396,5613074,0,26180712,15301.41,43.70%,23.30%,11.50%,21.40%,0.00%,64665113,43399,B,86,37%,45%,44%,46%
256,4826250,26250,La Pryor ISD,254902,254902,126055,60695,107182,439,3480974,2844554,445211,2695722,0,9466461,21320.86,36.80%,30.00%,4.70%,28.50%,0.00%,2414738,7407,D,65,58%,66%,71%,86%
257,4816920,16920,Devers ISD,146903,146903,154692,84385,154692,191,1253241,784762,0,693956,0,2731959,14767.35,45.90%,28.70%,0.00%,25.40%,0.00%,0,0,A,95,10%,16%,32%,34%
258,4823880,23880,Hull-Daisetta ISD,146905,146905,145601,61377,82364,429,3183620,1972500,291291,2497774,0,7945185,19099,40.10%,24.80%,3.70%,31.40%,0.00%,378047,1093,F,59,66%,79%,62%,68%
259,4817460,17460,Douglass ISD,174911,174911,125006,53674,68160,424,2737509,1338386,7093549,1565056,0,12734500,29893.19,21.50%,10.50%,55.70%,12.30%,0.00%,13838721,38764,A,90,34%,48%,42%,43%
260,4839960,39960,Shelbyville ISD,210903,210903,151131,59922,95130,891,5425359,2952138,601737,3010509,0,11989743,13990.37,45.30%,24.60%,5.00%,25.10%,0.00%,158100,194,B,84,42%,52%,58%,55%
261,4826970,26970,Lazbuddie ISD,185904,185904,100786,58371,73545,127,1249219,579073,214604,833073,0,2875969,22294.33,43.40%,20.10%,7.50%,29.00%,0.00%,5219555,46603,C,74,49%,71%,52%,71%
262,4840650,40650,Snyder ISD,208902,208902,196267,55896,71856,2317,14615620,6898107,2544138,8094226,0,32152091,13419.07,45.50%,21.50%,7.90%,25.20%,0.00%,9278425,5002,D,66,63%,69%,58%,63%
263,4815180,15180,Lubbock-Cooper ISD,152906,152906,5788,54021,101672,8030,45911624,27496696,100856063,19528262,0,193792645,24671.25,23.70%,14.20%,52.00%,10.10%,0.00%,846069410,112569,B,88,34%,44%,47%,48%
264,4839870,39870,Shallowater ISD,152909,152909,188370,53965,94425,1731,10447646,7114391,36665876,7203075,0,61430988,35325.47,17.00%,11.60%,59.70%,11.70%,0.00%,128324613,89300,B,89,30%,37%,38%,46%
265,4832220,32220,Nazareth ISD,35903,35903,103000,55280,74500,243,1732416,888607,62715,1384105,0,4067843,16469,42.60%,21.80%,1.50%,34.00%,0.00%,115250,539,A,95,13%,27%,33%,27%
266,4811580,11580,Brooks County ISD,24901,24901,160000,57154,96731,1180,8198042,6041292,3042531,9803997,0,27085862,21773.2,30.30%,22.30%,11.20%,36.20%,0.00%,28726996,32314,D,66,60%,68%,70%,77%
267,4842060,42060,Taft ISD,205907,205907,190419,57913,90636,812,5497731,4180979,5122377,5182755,0,19983842,23904.12,27.50%,20.90%,25.60%,25.90%,0.00%,36672266,50305,D,68,68%,78%,73%,74%
268,4808580,8580,Aransas Pass ISD,205901,205901,155000,61188,86196,1624,9161942,6705464,3095886,7348454,0,26311746,15200.32,34.80%,25.50%,11.80%,27.90%,0.00%,18107528,12260,D,68,59%,77%,61%,70%
269,4821780,21780,Gregory-Portland ISD,205902,205902,265000,68919,114142,5024,34609215,22120065,110972341,21493310,0,189194931,38121.08,18.30%,11.70%,58.70%,11.40%,0.00%,425540294,95670,B,82,40%,50%,45%,51%
270,4840350,40350,Sinton ISD,205906,205906,183494,62413,93923,1961,13214454,7812940,51561771,8364190,0,80953355,40016.49,16.30%,9.70%,63.70%,10.30%,0.00%,196630272,112553,C,74,50%,61%,49%,65%
271,4819170,19170,Ferris ISD,70905,70905,253836,64084,100621,3010,20945875,13142324,3449080,8313354,0,45850633,15936.96,45.70%,28.70%,7.50%,18.10%,0.00%,29234613,9661,B,80,54%,73%,50%,60%
272,4827180,27180,Leon ISD,145911,145911,141500,64492,93941,758,5020523,3143723,4816682,3032175,18564,16031667,21322.37,31.30%,19.60%,30.00%,18.90%,0.10%,10710288,15938,B,87,49%,55%,55%,42%
273,4813410,13410,Centerville ISD (Leon),145902,145902,115000,60413,91150,676,4804507,3095747,7663191,3482095,0,19045540,28511.29,25.20%,16.30%,40.20%,18.30%,0.00%,57772310,111745,C,78,48%,71%,56%,64%
274,4834260,34260,Paradise ISD,249906,249906,170000,59178,92226,1331,7370269,3973301,4253533,4303788,0,19900891,15261.42,37.00%,20.00%,21.40%,21.60%,0.00%,118836870,97969,C,79,40%,49%,48%,53%
275,4811340,11340,Bridgeport ISD,249903,249903,185657,55797,91369,2133,11082587,7289481,2512654,6340278,0,27225000,12848.04,40.70%,26.80%,9.20%,23.30%,0.00%,8932453,4270,D,66,55%,69%,45%,61%
276,4829370,29370,Matagorda ISD,158904,158904,109500,61308,85500,109,1122817,549823,1483320,699862,0,3855822,34122.32,29.10%,14.30%,38.50%,18.20%,0.00%,4190431,28506,D,67,52%,68%,64%,36%
277,4821330,21330,Graford ISD,182902,182902,106090,57915,86076,339,2803286,1394295,750206,1524326,7092637,13564750,19612.46,20.70%,10.30%,5.50%,11.20%,52.30%,6712600,20465,A,92,44%,58%,67%,71%
278,4810200,10200,Big Spring ISD,114901,114901,208000,51322,93177,3376,20134514,13343478,6042874,12652373,17636,52190875,15118.3,38.60%,25.60%,11.60%,24.20%,0.00%,51492155,18195,C,79,56%,64%,68%,67%
279,4814490,14490,Coahoma ISD,114902,114902,191779,55981,78655,1084,7501028,4200535,8322420,4484804,0,24508787,22362.03,30.60%,17.10%,34.00%,18.30%,0.00%,20663125,21479,C,73,51%,63%,65%,62%
280,4814450,14450,Clyde Cons ISD,30902,30902,148000,51703,75949,1392,7922128,4412317,1574397,8321748,0,22230590,15788.77,35.60%,19.80%,7.10%,37.40%,0.00%,20622813,16932,B,84,41%,47%,37%,47%
281,4828530,28530,Lueders-Avoca ISD,127905,127905,72600,44859,76680,88,1163166,552507,90797,868250,0,2674720,25718.46,43.50%,20.70%,3.40%,32.50%,0.00%,675852,5981,C,75,64%,70%,76%,73%
282,4807440,7440,Abilene ISD,221901,221901,300000,58434,96833,14536,83088534,58345398,25390619,37258528,0,204083079,13928.68,40.70%,28.60%,12.40%,18.30%,0.00%,270410610,23804,C,75,55%,68%,55%,68%
283,4832160,32160,Navarro ISD,94903,94903,175000,61718,95499,2702,14935365,6850573,47239241,9591009,0,78616188,32246.18,19.00%,8.70%,60.10%,12.20%,0.00%,328546279,107053,B,81,43%,53%,51%,55%
284,4815690,15690,Crockett County Cons CSD,53001,53001,175031,54376,81634,621,5687847,3566343,30696407,4256842,8149484,52356923,67906.97,10.90%,6.80%,58.60%,8.10%,15.60%,74505524,157851,B,86,50%,56%,52%,60%
285,4838700,38700,San Angelo ISD,226903,226903,325703,54037,82941,13004,73411128,45706833,26792110,37380148,0,183290219,13906.69,40.10%,24.90%,14.60%,20.40%,0.00%,83272301,7796,C,73,57%,70%,60%,68%
286,4844410,44410,Wall ISD,226906,226906,135452,50116,75396,1313,9759118,4763317,3085686,5028443,0,22636564,16968.94,43.10%,21.00%,13.60%,22.20%,0.00%,20406850,15710,A,93,20%,27%,34%,37%
287,4800005,5,Blackwell Cons ISD,177903,177903,120000,63254,96115,186,1737360,1240304,5176728,1634258,2610423,12399073,57580.29,14.00%,10.00%,41.80%,13.20%,21.10%,6944075,28459,B,89,43%,52%,54%,40%
288,4837380,37380,Robert Lee ISD,41902,41902,159749,56127,77209,269,2032036,1281621,3386271,2242426,0,8942354,34001.35,22.70%,14.30%,37.90%,25.10%,0.00%,13161747,63892,B,83,50%,63%,59%,69%
289,4844710,44710,Water Valley ISD,226905,226905,151745,56086,84200,310,2623175,1321375,2816913,1524018,0,8285481,25973.29,31.70%,15.90%,34.00%,18.40%,0.00%,27659553,113825,B,80,35%,57%,44%,51%
290,4831890,31890,Muleshoe ISD,9901,9901,191945,49044,97564,1330,8488002,4520785,3275323,7304209,0,23588319,17856.41,36.00%,19.20%,13.90%,31.00%,0.00%,29660344,26041,B,81,55%,65%,61%,65%
291,4810470,10470,Blooming Grove ISD,175902,175902,135000,58697,85349,935,5774486,3373319,10798437,2507076,0,22453318,23486.73,25.70%,15.00%,48.10%,11.20%,0.00%,328800,363,C,78,53%,62%,54%,54%
292,4836960,36960,Rice ISD,175911,175911,157429,64360,82459,1105,6676100,3737892,1825636,4390600,0,16630228,15527.76,40.10%,22.50%,11.00%,26.40%,0.00%,31885232,28242,B,88,46%,52%,50%,42%
293,4820370,20370,Garner ISD,184911,184911,118732,56760,85836,357,3098567,1234705,1490913,1579066,0,7403251,20282.88,41.90%,16.70%,20.10%,21.30%,0.00%,314225,623,C,75,52%,68%,59%,67%
294,4830950,30950,Mineral Wells ISD,182903,182903,215000,65613,101391,3303,20943899,10435136,4773229,13437048,0,49589312,14932.04,42.20%,21.00%,9.60%,27.10%,0.00%,52797996,18088,B,83,59%,62%,59%,65%
295,4835340,35340,Poolville ISD,184901,184901,135000,55382,88687,797,5011966,2843580,1761974,2335617,0,11953137,15958.79,41.90%,23.80%,14.70%,19.50%,0.00%,978540,1315,D,68,53%,65%,54%,58%
296,4809280,9280,Baird ISD,30903,30903,121540,52860,88037,348,2541233,1759237,12045126,1907506,307207,18560309,50986.32,13.70%,9.50%,64.90%,10.30%,1.70%,31955258,96834,D,68,49%,59%,66%,74%
297,4831230,31230,Monte Alto ISD,108915,108915,140000,55536,86821,819,5185692,3639784,2831481,4430287,0,16087244,19618.59,32.20%,22.60%,17.60%,27.50%,0.00%,12033863,20571,D,67,56%,78%,53%,74%
298,4839930,39930,Sharyland ISD,108911,108911,230000,60155,94032,9844,55640583,37276358,17354176,28025614,0,138296731,14195.93,40.20%,27.00%,12.50%,20.30%,0.00%,98140068,11157,A,91,35%,43%,49%,51%
299,4843800,43800,Valley View ISD (Hidalgo),108916,108916,185000,61017,93537,3444,23928852,16188773,4380621,16868327,0,61366573,17458.48,39.00%,26.40%,7.10%,27.50%,0.00%,37463694,14437,A,90,42%,49%,55%,53%
300,4844960,44960,Weslaco ISD,108913,108913,363669,67857,108756,16300,105575173,69847509,11434933,39857306,0,226714921,13798.84,46.60%,30.80%,5.00%,17.60%,0.00%,360673082,24840,B,85,52%,57%,53%,63%
301,4840770,40770,Somerville ISD,26902,26902,126000,57542,116423,567,3941079,2435764,1250650,2189012,0,9816505,18314.38,40.10%,24.80%,12.70%,22.30%,0.00%,13699283,30647,D,69,69%,85%,66%,79%
302,4837470,37470,Roby Cons ISD,76903,76903,120000,57651,82922,297,2629369,1230502,1201034,2861981,0,7922886,25807.45,33.20%,15.50%,15.20%,36.10%,0.00%,10472000,43273,B,87,52%,58%,54%,39%
303,4816380,16380,Dawson ISD (Navarro),175904,175904,149446,58292,95371,628,4301918,2440824,1562315,2639952,0,10945009,18838.23,39.30%,22.30%,14.30%,24.10%,0.00%,35705471,315978,B,87,49%,59%,59%,56%
304,4838900,38900,San Felipe-Del Rio Cons ISD,233901,233901,233036,58984,103454,9767,56937877,47556265,10648264,36892656,0,152035062,15346.23,37.50%,31.30%,7.00%,24.30%,0.00%,61443688,7648,C,79,54%,66%,57%,67%
305,4833360,33360,Odem-Edroy ISD,205905,205905,168000,61466,74523,927,5788125,4416841,4190736,4748888,0,19144590,20968.88,30.20%,23.10%,21.90%,24.80%,0.00%,66073063,75772,B,82,48%,68%,44%,63%
306,4827450,27450,Liberty ISD,146906,146906,189250,65546,97790,2438,12796437,9279530,8519196,9134445,0,39729608,16390.1,32.20%,23.40%,21.40%,23.00%,0.00%,45475222,19261,C,70,59%,71%,57%,62%
307,4818060,18060,Edcouch-Elsa ISD,108903,108903,235000,59531,96071,4349,25763357,20632354,4721860,19582894,0,70700465,16075.59,36.40%,29.20%,6.70%,27.70%,0.00%,24313981,6302,C,71,67%,81%,69%,81%
308,4826340,26340,La Villa ISD,108914,108914,146000,58485,89999,512,4601383,3820610,982451,3999154,0,13403598,24913.75,34.30%,28.50%,7.30%,29.80%,0.00%,10242000,26812,B,80,62%,75%,65%,82%
309,4829670,29670,McAllen ISD,108906,108906,300000,61361,101043,19890,137925891,90268703,45278010,62990546,0,336463150,16743.63,41.00%,26.80%,13.50%,18.70%,0.00%,84211555,4952,A,90,38%,49%,46%,57%
310,4830250,30250,Mercedes ISD,108907,108907,97989,57879,90321,4207,30016317,22658323,5924355,16543771,0,75142766,17105.11,39.90%,30.20%,7.90%,22.00%,0.00%,44475729,13324,C,74,69%,77%,65%,73%
311,4838360,38360,Rusk ISD,37907,37907,178413,65355,101427,2057,13654284,8122103,944995,7805230,0,30526612,14840.36,44.70%,26.60%,3.10%,25.60%,0.00%,4940538,2673,B,83,43%,61%,44%,60%
312,4844940,44940,Wells ISD,37909,37909,97500,52161,71490,239,1863846,1133998,209697,1453472,0,4661013,19260.38,40.00%,24.30%,4.50%,31.20%,0.00%,2660500,16124,C,79,46%,77%,71%,76%
313,4833960,33960,Paint Creek ISD,104907,104907,136895,57086,87500,111,1176298,723416,3231154,1080657,0,6211525,59726.2,18.90%,11.60%,52.00%,17.40%,0.00%,7706460,79448,B,89,35%,36%,50%,62%
314,4838280,38280,Rule ISD,104903,104903,100000,53515,80000,138,1232933,758935,49013,1023077,0,3063958,23568.91,40.20%,24.80%,1.60%,33.40%,0.00%,0,0,B,84,43%,64%,75%,86%
315,4841400,41400,Stamford ISD,127906,127906,145990,50899,97684,586,4786257,3961429,763620,3562916,0,13074222,22425.77,36.60%,30.30%,5.80%,27.30%,0.00%,8636060,18105,B,83,40%,55%,47%,49%
316,4822740,22740,Haskell Cons ISD,104901,104901,137800,56250,81513,544,4372361,2360245,4099508,2592400,0,13424514,25139.54,32.60%,17.60%,30.50%,19.30%,0.00%,42021579,92559,B,86,37%,55%,45%,56%
317,4809390,9390,Bangs ISD,25901,25901,143384,46815,84260,793,5272146,3134169,1466270,2921489,0,12794074,15659.82,41.20%,24.50%,11.50%,22.80%,0.00%,5804956,8972,C,79,41%,62%,50%,51%
318,4824480,24480,Itasca ISD,109907,109907,130000,53558,91888,638,4199047,2273688,2702186,3284068,0,12458989,18992.36,33.70%,18.20%,21.70%,26.40%,0.00%,10947613,16842,D,69,62%,79%,59%,70%
319,4830810,30810,Miller Grove ISD,112907,112907,104000,53603,78628,310,2218626,941487,376488,1585254,0,5121855,15857.14,43.30%,18.40%,7.40%,31.00%,0.00%,3923343,12948,B,87,44%,71%,64%,69%
320,4817610,17610,Dumas ISD,171901,171901,217559,53014,104504,4381,24666559,13404755,28356511,10064040,0,76491865,17784.67,32.20%,17.50%,37.10%,13.20%,0.00%,135862559,33251,B,81,48%,58%,52%,61%
321,4821600,21600,Grape Creek ISD,226907,226907,146067,49821,93094,1196,6525455,3916258,1176790,4458751,0,16077254,13408.89,40.60%,24.40%,7.30%,27.70%,0.00%,13415269,11737,C,77,52%,67%,55%,62%
322,4825800,25800,Knippa ISD,232901,232901,145000,53942,94091,408,2578552,1554616,1040218,2031086,0,7204472,18101.69,35.80%,21.60%,14.40%,28.20%,0.00%,3136600,9534,B,88,28%,34%,43%,72%
323,4827000,27000,Leakey ISD,193902,193902,116643,53676,84800,343,2494851,1613730,481735,1213704,62230,5866250,15771.79,42.50%,27.50%,8.20%,20.70%,1.10%,4648350,13712,C,74,52%,68%,64%,55%
324,4838430,38430,Sabinal ISD,232902,232902,125000,54019,96656,462,3482398,3163459,5339848,2573972,0,14559677,31243.94,23.90%,21.70%,36.70%,17.70%,0.00%,9006713,17287,D,69,56%,66%,67%,72%
325,4819020,19020,Falls City ISD,128904,128904,110056,59146,?,442,3178811,1638269,2905092,2607008,2792504,13121684,23690.78,24.20%,12.50%,22.10%,19.90%,21.30%,19027100,43145,A,94,17%,15%,36%,32%
326,4837500,37500,Rochelle ISD,160904,160904,100000,52402,85489,160,1354900,918609,8070,757704,0,3039283,18877.53,44.60%,30.20%,0.30%,24.90%,0.00%,0,0,A,96,33%,31%,36%,38%
327,4827930,27930,Lohn ISD,160905,160905,100000,57856,90270,123,1161977,869047,91440,1269565,0,3392029,31119.53,34.30%,25.60%,2.70%,37.40%,0.00%,684968,10703,B,83,52%,80%,81%,76%
328,4809410,9410,Banquete ISD,178913,178913,171252,55476,98316,744,6124079,3650988,2895852,4261402,0,16932321,20624.02,36.20%,21.60%,17.10%,25.20%,0.00%,78927677,123517,B,80,45%,66%,60%,66%
329,4816320,16320,Darrouzett ISD,148905,148905,90500,48636,18895,86,1097061,689924,411817,1267613,0,3466415,33330.91,31.60%,19.90%,11.90%,36.60%,0.00%,965000,12697,C,75,78%,88%,47%,80%
330,4815480,15480,Covington ISD,109903,109903,143305,64555,116312,353,3965996,3039098,831853,2048309,0,9885256,29596.57,40.10%,30.70%,8.40%,20.70%,0.00%,17862302,54625,D,67,55%,72%,68%,81%
331,4823280,23280,Hillsboro ISD,109904,109904,179500,59543,105930,1984,13615350,6630528,6546132,8645346,0,35437356,18370.84,38.40%,18.70%,18.50%,24.40%,0.00%,45316464,26547,A,91,39%,43%,43%,54%
332,4831500,31500,Motley County ISD,173901,173901,104832,48916,89252,179,1417807,1126205,329574,1252530,0,4126116,25788.23,34.40%,27.30%,8.00%,30.40%,0.00%,0,0,B,87,46%,49%,83%,48%
333,4814920,14920,Comstock ISD,233903,233903,65000,54294,85997,176,1417906,846597,136334,846098,1058017,4304952,16234.68,32.90%,19.70%,3.20%,19.70%,24.60%,0,0,B,81,39%,54%,48%,53%
334,4800003,3,Rocksprings ISD,69901,69901,129000,52036,92829,200,1742523,1363007,1109012,1718018,1277291,7209851,28116.4,24.20%,18.90%,15.40%,23.80%,17.70%,15675750,113592,C,77,59%,75%,56%,66%
335,4839750,39750,Seminole ISD,83903,83903,249308,62010,116618,3089,23393759,12279950,17747995,13475544,4382093,71279341,22403.63,32.80%,17.20%,24.90%,18.90%,6.10%,35457541,13305,B,82,51%,50%,54%,50%
336,4814760,14760,Comanche ISD,47901,47901,139403,53973,79958,1378,9097989,4346066,4089598,5293946,0,22827599,16735.78,39.90%,19.00%,17.90%,23.20%,0.00%,55776591,45644,B,83,43%,54%,35%,52%
337,4829520,29520,May ISD,25905,25905,102141,53093,74767,243,1754702,1079313,314568,1283145,0,4431728,16660.63,39.60%,24.40%,7.10%,29.00%,0.00%,740723,3011,C,73,50%,48%,46%,66%
338,4823010,23010,Hereford ISD,59901,59901,149529,54812,83052,3964,21744484,13831899,6736828,14804920,0,57118131,14460.29,38.10%,24.20%,11.80%,25.90%,0.00%,18461113,5362,D,69,60%,65%,67%,72%
339,4843980,43980,Vega ISD,180902,180902,120000,50238,73833,340,2665392,1286147,1608300,1900368,0,7460207,21254.15,35.70%,17.20%,21.60%,25.50%,0.00%,16070740,58227,A,94,17%,29%,36%,43%
340,4834500,34500,Peaster ISD,184908,184908,185000,58627,94973,1776,10760091,6801190,6446678,6350287,0,30358246,17794.99,35.40%,22.40%,21.20%,20.90%,0.00%,61375306,42563,B,87,44%,53%,43%,53%
341,4811460,11460,Brock ISD,184909,184909,179837,57354,100066,2169,12595042,6145825,16309064,5651989,0,40701920,18696.33,30.90%,15.10%,40.10%,13.90%,0.00%,198704706,88787,A,90,24%,38%,35%,41%
342,4822500,22500,Harleton ISD,102905,102905,149130,58040,81570,705,4631795,2690371,436577,3464752,0,11223495,15523.51,41.30%,24.00%,3.90%,30.90%,0.00%,303420,420,B,88,27%,49%,34%,42%
343,4844670,44670,Waskom ISD,102903,102903,118609,48716,90436,806,5694588,3854444,1290589,3603156,0,14442777,17677.82,39.40%,26.70%,8.90%,24.90%,0.00%,16062575,24191,C,75,55%,67%,67%,63%
344,4830360,30360,Irion County ISD,118902,118902,128750,53700,93000,334,3271094,1793430,5265871,1795719,11940503,24066617,35982.53,13.60%,7.50%,21.90%,7.50%,49.60%,0,0,B,84,30%,41%,43%,48%
345,4840170,40170,Sidney ISD,47905,47905,90000,49553,97500,106,957720,489888,105030,1491895,0,3044533,20029.82,31.50%,16.10%,3.40%,49.00%,0.00%,1056138,5501,B,86,44%,59%,48%,45%
346,4841910,41910,Sunray Collegiate ISD,171902,171902,111228,50430,78056,593,3639925,2376386,5872610,1797586,0,13686507,21519.67,26.60%,17.40%,42.90%,13.10%,0.00%,18097424,37314,B,84,41%,61%,52%,66%
347,4840800,40800,Sonora ISD,218901,218901,120600,51889,81303,643,4629774,2544112,412511,3835740,0,11422137,17465.04,40.50%,22.30%,3.60%,33.60%,0.00%,0,0,C,77,50%,66%,62%,61%
348,4843320,43320,Tulia ISD,219903,219903,143883,56932,98616,801,7533957,5841821,6204920,6067556,0,25648254,29013.86,29.40%,22.80%,24.20%,23.70%,0.00%,15505600,21566,D,65,74%,83%,61%,72%
349,4846410,46410,Woodson ISD,224902,224902,106025,65539,75907,178,1443848,740736,317533,1424751,0,3926868,22311.75,36.80%,18.90%,8.10%,36.30%,0.00%,0,0,B,89,42%,77%,53%,58%
350,4825950,25950,Kress ISD,219905,219905,117500,57085,143429,262,1942013,1090681,469140,1703119,0,5204953,19715.73,37.30%,21.00%,9.00%,32.70%,0.00%,2030700,10918,B,82,54%,72%,51%,55%
351,4825140,25140,Karnes City ISD,128901,128901,160000,62230,97940,1021,10252554,7008028,25908478,8151958,35699660,87020678,49777.9,11.80%,8.10%,29.80%,9.40%,41.00%,37060697,37817,C,75,61%,78%,52%,71%
352,4822530,22530,Harlingen Cons ISD,31903,31903,174662,59650,100167,16471,113727647,76686078,29082363,59280587,0,278776675,16613.63,40.80%,27.50%,10.40%,21.30%,0.00%,127216530,9045,B,86,45%,61%,50%,63%
353,4828290,28290,Los Fresnos Cons ISD,31906,31906,325372,63293,93177,10357,68276557,42738999,30915924,31505408,0,173436888,16445.75,39.40%,24.60%,17.80%,18.20%,0.00%,112355090,12313,B,88,39%,48%,48%,53%
354,4838790,38790,San Benito Cons ISD,31912,31912,185000,60989,91313,9073,63023339,41695106,10574761,30937481,0,146230687,16023.52,43.10%,28.50%,7.20%,21.20%,0.00%,109326757,15061,C,77,60%,70%,66%,71%
355,4820070,20070,Fruitvale ISD,234909,234909,149172,54453,82148,385,3244583,2305317,951256,2260582,0,8761738,21849.72,37.00%,26.30%,10.90%,25.80%,0.00%,2042475,5920,C,77,54%,58%,62%,50%
356,4832970,32970,North Hopkins ISD,112906,112906,124000,57938,83650,495,3751313,1918265,367172,3007319,0,9044069,17909.05,41.50%,21.20%,4.10%,33.30%,0.00%,4588863,11031,B,85,41%,47%,53%,55%
357,4812420,12420,Calallen ISD,178903,178903,180800,60677,87804,3745,24397944,15012529,12659408,15353602,0,67423483,17390.63,36.20%,22.30%,18.80%,22.80%,0.00%,209698886,66592,B,87,39%,47%,46%,42%
358,4815270,15270,Corpus Christi ISD,178904,178904,375039,58188,96297,33103,193735173,125853977,161651067,130604610,0,611844827,18511.02,31.70%,20.60%,26.40%,21.30%,0.00%,1460064683,53610,B,81,49%,65%,57%,67%
359,4822260,22260,Hamlin Collegiate ISD,127903,127903,130875,47787,86921,402,2669063,1826370,425490,3294549,0,8215472,20590.16,32.50%,22.20%,5.20%,40.10%,0.00%,0,0,C,78,61%,71%,69%,64%
360,4823040,23040,Hermleigh ISD,208901,208901,121727,56014,91000,258,1804208,965632,792943,1951134,913521,6427438,21207.37,28.10%,15.00%,12.30%,30.40%,14.20%,2688261,10379,C,78,57%,66%,68%,69%
361,4837860,37860,Roscoe Collegiate ISD,177901,177901,158209,57611,81672,12256,4630049,2426170,1073150,92266757,0,100396126,11916.45,4.60%,2.40%,1.10%,91.90%,0.00%,2402743,169,F,56,73%,90%,58%,89%
362,4838040,38040,Rotan ISD,76904,76904,115001,56136,96000,273,1823811,1290619,1243252,1699876,110462,6168020,22352.61,29.60%,20.90%,20.20%,27.60%,1.80%,15825900,48103,C,76,50%,64%,56%,67%
363,4842030,42030,Sweetwater ISD,177902,177902,178471,54355,84787,1806,11678738,8108725,15031010,8462189,0,43280662,23394.95,27.00%,18.70%,34.70%,19.60%,0.00%,74276525,57803,D,62,61%,70%,66%,69%
364,4825560,25560,Kermit ISD,248901,248901,168000,60640,91574,1339,7296898,5790735,12261064,5607567,56774,31013038,23067.26,23.50%,18.70%,39.50%,18.10%,0.20%,129228130,116004,C,70,66%,71%,63%,60%
365,4821990,21990,Gustine ISD,47903,47903,150068,52623,89610,136,1412830,743207,331669,1467385,0,3955091,30659.62,35.70%,18.80%,8.40%,37.10%,0.00%,1559161,15437,B,89,53%,68%,78%,64%
366,4828110,28110,Longview ISD,92903,92903,275000,59460,104637,8138,57432065,32361030,34343023,33247560,0,157383678,19420.49,36.50%,20.60%,21.80%,21.10%,0.00%,476637058,74208,B,88,43%,51%,52%,53%
367,4818600,18600,Era ISD,49906,49906,81770,54722,70000,499,3020370,1639895,1213042,2366656,0,8239963,16188.53,36.70%,19.90%,14.70%,28.70%,0.00%,3550950,9419,A,91,41%,55%,60%,55%
368,4827570,27570,Lindsay ISD,49907,49907,121275,58988,84168,507,3026480,1896159,2123718,1868325,0,8914682,18418.76,33.90%,21.30%,23.80%,21.00%,0.00%,27905196,63565,A,90,25%,44%,27%,36%
369,4838520,38520,Saint Jo ISD,169911,169911,111400,55219,84141,326,2485624,1104290,1127615,1603306,0,6320835,18268.31,39.30%,17.50%,17.80%,25.40%,0.00%,7978291,31165,B,80,42%,64%,59%,59%
370,4826670,26670,Lancaster ISD,57913,57913,321119,62831,103767,6822,36986545,29917736,21798693,29894150,0,118597124,16908.63,31.20%,25.20%,18.40%,25.20%,0.00%,256895916,45525,C,75,58%,75%,73%,76%
371,4830390,30390,Mesquite ISD,57914,57914,345000,68876,106108,37930,274962723,144776695,113631136,115277123,0,648647677,16951.46,42.40%,22.30%,17.50%,17.80%,0.00%,980243010,28825,B,80,56%,59%,61%,59%
372,4810740,10740,Boles ISD,116916,116916,135827,70791,98744,543,4815335,2219854,608195,2495215,0,10138599,18367.03,47.50%,21.90%,6.00%,24.60%,0.00%,2536208,5155,B,83,51%,67%,68%,70%
373,4821720,21720,Greenville ISD,116905,116905,203600,56730,101387,5583,33346227,22606490,11294037,17874019,0,85120773,15710.74,39.20%,26.60%,13.30%,21.00%,0.00%,89502090,19157,D,65,68%,76%,69%,77%
374,4818690,18690,Eula ISD,30906,30906,60000,51594,56257,503,4030737,1530521,15085335,5973609,0,26620202,56279.5,15.10%,5.70%,56.70%,22.40%,0.00%,41616793,95671,B,87,46%,39%,36%,43%
375,4846500,46500,Wylie ISD (Taylor),221912,221912,189655,53794,89746,5606,28032721,13237882,21391531,18722230,0,81384364,14778.35,34.40%,16.30%,26.30%,23.00%,0.00%,393306835,74097,B,89,32%,43%,36%,38%
376,4810650,10650,Blum ISD,109913,109913,158021,55608,77674,334,2429853,1431354,636271,1643844,0,6141322,18553.84,39.60%,23.30%,10.40%,26.80%,0.00%,6206600,23872,B,87,35%,64%,37%,53%
377,4816530,16530,Deer Park ISD,101908,101908,290000,70227,113695,12165,90941105,45011457,74981679,48560248,4997346,264491835,21406.9,34.40%,17.00%,28.30%,18.40%,1.90%,549627516,50355,B,82,41%,47%,41%,38%
378,4835070,35070,Plainview ISD,95905,95905,209167,56126,95156,4077,25509022,17336125,7873385,18485716,0,69204248,16180.56,36.90%,25.10%,11.40%,26.70%,0.00%,101177500,32882,C,75,61%,70%,56%,62%
379,4831770,31770,Mount Vernon ISD,80901,80901,166464,63970,91480,1608,9734084,5533575,22999833,5583727,0,43851219,28055.8,22.20%,12.60%,52.40%,12.70%,0.00%,121811194,90364,B,88,38%,42%,57%,52%
380,4841790,41790,Sulphur Bluff ISD,112910,112910,115500,52715,83050,209,1588762,1070143,460785,1274932,0,4394622,19274.66,36.20%,24.40%,10.50%,29.00%,0.00%,167260,800,B,89,38%,64%,59%,65%
381,4815990,15990,Culberson County-Allamoore ISD,55901,55901,141000,55773,115000,381,3394420,3344897,18774187,7205174,44992459,77711137,83253.63,4.40%,4.30%,24.20%,9.30%,57.90%,8636250,18297,B,87,52%,83%,62%,71%
382,4820640,20640,Giddings ISD,144901,144901,155000,55516,84528,1900,11077887,5359213,3995554,6142221,0,26574875,14038.5,41.70%,20.20%,15.00%,23.10%,0.00%,29672800,18768,B,84,49%,54%,49%,44%
383,4846260,46260,Winters ISD,200904,200904,105254,51933,82716,552,3724638,2379015,250870,3129279,0,9483802,17595.18,39.30%,25.10%,2.60%,33.00%,0.00%,2484043,6073,C,77,51%,61%,49%,68%
384,4841190,41190,Spring Hill ISD,92907,92907,177160,52514,92525,1901,11270265,6114010,2867141,8817877,0,29069293,14629.74,38.80%,21.00%,9.90%,30.30%,0.00%,39309996,24723,B,88,29%,39%,42%,46%
385,4834980,34980,Pine Tree ISD,92904,92904,230000,53365,88456,4439,26015587,16731084,9609270,18143551,0,70499492,15899.75,36.90%,23.70%,13.60%,25.70%,0.00%,128321701,34936,B,86,43%,55%,59%,58%
386,4819840,19840,Fredericksburg ISD,86901,86901,228817,61628,95813,3030,18891334,13475063,53010857,10665159,15993118,112035531,31960.87,16.90%,12.00%,47.30%,9.50%,14.30%,136997750,53431,B,82,44%,58%,40%,49%
387,4817390,17390,Donna ISD,108902,108902,322026,62845,99083,12937,96728635,66906998,22994569,47963826,0,234594028,17865.66,41.20%,28.50%,9.80%,20.40%,0.00%,271007006,25008,C,77,64%,65%,51%,68%
388,4823100,23100,Hidalgo ISD,108905,108905,247047,57084,92391,2918,18427101,15807938,7877722,13476705,0,55589466,18413.21,33.10%,28.40%,14.20%,24.20%,0.00%,30512566,11532,B,81,55%,50%,62%,55%
389,4828620,28620,Lyford Cons ISD,245902,245902,137025,55748,84050,1396,10052408,6326125,16170190,8596120,0,41144843,28572.81,24.40%,15.40%,39.30%,20.90%,0.00%,32532225,26666,D,69,57%,83%,67%,71%
390,4834860,34860,Pharr-San Juan-Alamo ISD,108909,108909,310000,64774,105956,29613,239092195,156167095,34112201,92012090,0,521383581,17374.82,45.90%,30.00%,6.50%,17.60%,0.00%,282965921,11213,B,87,50%,55%,56%,62%
391,4814190,14190,Clarksville ISD,194904,194904,111000,57285,81000,500,3619512,2538967,8848697,3664397,0,18671573,35295.98,19.40%,13.60%,47.40%,19.60%,0.00%,24620300,53291,D,61,71%,83%,72%,90%
392,4819560,19560,Forney ISD,129902,129902,326404,63342,107645,18565,99754516,64613588,357485909,36388863,0,558242876,32833.95,17.90%,11.60%,64.00%,6.50%,0.00%,2060309621,114627,C,79,46%,58%,51%,64%
393,4839570,39570,Scurry-Rosser ISD,129910,129910,106700,58403,89800,1032,7238694,4950574,837755,4214303,0,17241326,16483.1,42.00%,28.70%,4.90%,24.40%,0.00%,9300113,9790,B,83,44%,55%,43%,48%
394,4815510,15510,Crandall ISD,129901,129901,249999,57822,97393,6922,34131434,22285569,38175612,21273644,0,115866259,17983.28,29.50%,19.20%,32.90%,18.40%,0.00%,408729219,57869,D,69,52%,73%,56%,72%
395,4845950,45950,Wills Point ISD,234907,234907,189000,68671,95497,2893,16489669,10246122,2521164,7578238,0,36835193,12865.94,44.80%,27.80%,6.80%,20.60%,0.00%,0,0,C,74,60%,75%,52%,69%
396,4822920,22920,Hempstead ISD,237902,237902,174000,62297,86613,1585,9746823,7098093,1962120,6309856,0,25116892,15876.67,38.80%,28.30%,7.80%,25.10%,0.00%,31873882,23698,D,69,73%,81%,79%,80%
397,4839210,39210,Santa Anna ISD,42903,42903,91505,49027,79773,259,1870150,1192047,95775,1803311,0,4961283,19609.81,37.70%,24.00%,1.90%,36.30%,0.00%,720975,3835,C,72,54%,69%,45%,70%
398,4814550,14550,Coleman ISD,42901,42901,151043,52501,90372,796,5216990,3551790,16587,3774059,0,12559426,15817.92,41.50%,28.30%,0.10%,30.00%,0.00%,0,0,C,76,48%,60%,46%,44%
399,4822590,22590,Harper ISD,86902,86902,122770,58939,85360,591,3649653,2549422,61672,1989023,0,8249770,13480.02,44.20%,30.90%,0.70%,24.10%,0.00%,0,0,B,84,30%,52%,45%,58%
400,4825590,25590,Kerrville ISD,133903,133903,298336,60677,99091,4600,28177764,14460989,9508237,14057107,0,66204097,14119.02,42.60%,21.80%,14.40%,21.20%,0.00%,127338663,33309,B,80,42%,55%,47%,51%
401,4813350,13350,Center Point ISD,133901,133901,164294,58644,92636,534,4111711,3011976,2758603,2498775,0,12381065,23185.51,33.20%,24.30%,22.30%,20.20%,0.00%,1990888,4609,C,76,52%,63%,60%,67%
402,4834550,34550,Pecos-Barstow-Toyah ISD,195901,195901,214225,67441,111764,2919,24999913,17328505,189185779,17743762,196977523,446235482,86487.84,5.60%,3.90%,42.40%,4.00%,44.10%,556263200,205947,D,67,66%,69%,72%,76%
403,4819620,19620,Forsan ISD,114904,114904,154610,59998,89120,695,4721251,2249407,1564550,2342457,0,10877665,14484.24,43.40%,20.70%,14.40%,21.50%,0.00%,14225700,21620,B,83,38%,57%,48%,54%
404,4816860,16860,DeSoto ISD,57906,57906,245000,61832,112015,5708,33512247,23117571,16639436,25997098,337697,99604049,16558.19,33.60%,23.20%,16.70%,26.10%,0.30%,181820738,40531,C,71,59%,73%,68%,75%
405,4817100,17100,Dilley ISD,82902,82902,130000,53196,85110,841,7202603,4169414,9191473,4826977,1052510,26442977,29251.69,27.20%,15.80%,34.80%,18.30%,4.00%,29636997,44103,D,68,73%,81%,75%,83%
406,4813710,13710,Charlotte ISD,7901,7901,125235,65066,81333,424,3481198,2385609,986357,2383271,0,9236435,20802.78,37.70%,25.80%,10.70%,25.80%,0.00%,8317100,18524,D,69,60%,74%,68%,70%
407,4834470,34470,Pearsall ISD,82903,82903,171697,66665,91615,1953,11642187,8153496,4089454,9440604,0,33325741,16473.43,34.90%,24.50%,12.30%,28.30%,0.00%,13360500,7929,D,62,67%,72%,71%,79%
408,4826040,26040,La Feria ISD,31905,31905,167571,59204,86056,2842,18514717,12755380,3397691,13176081,0,47843869,16600.93,38.70%,26.70%,7.10%,27.50%,0.00%,21527447,8790,B,83,51%,63%,57%,71%
409,4837170,37170,Rio Hondo ISD,31911,31911,150000,58847,101392,1437,9170299,7698459,4015733,7454741,0,28339232,18968.7,32.40%,27.20%,14.20%,26.30%,0.00%,35992715,34052,C,71,53%,75%,67%,72%
410,4839360,39360,Santa Rosa ISD,31914,31914,131468,56611,91130,874,7527401,5342709,2286035,5905704,0,21061849,22622.82,35.70%,25.40%,10.90%,28.00%,0.00%,19577450,25491,B,80,54%,71%,59%,59%
411,4835250,35250,Point Isabel ISD,31909,31909,195000,61029,92536,1786,13505808,10637797,18312959,10901904,22203046,75561514,28733.69,17.90%,14.10%,24.20%,14.40%,29.40%,59417900,42230,B,83,52%,71%,50%,59%
412,4823250,23250,Highland Park ISD (Dallas),57911,57911,350000,67329,129220,6350,45433181,24704822,41242787,19984788,78601404,209966982,20407.89,21.60%,11.80%,19.60%,9.50%,37.40%,409501319,74727,A,96,7%,15%,16%,24%
413,4817640,17640,Duncanville ISD,57907,57907,350000,61345,105279,11562,61959153,54706610,24958720,31833488,0,173457971,14748.57,35.70%,31.50%,14.40%,18.40%,0.00%,554888802,54782,C,72,64%,75%,55%,74%
414,4830750,30750,Miles ISD,200902,200902,120000,49119,88070,488,3243952,1678851,714729,2139562,0,7777094,15309.24,41.70%,21.60%,9.20%,27.50%,0.00%,8973488,20917,A,94,28%,30%,37%,52%
415,4814010,14010,Christoval ISD,226901,226901,265226,49336,74530,617,3284164,1920487,1255314,2128395,0,8588360,13503.71,38.20%,22.40%,14.60%,24.80%,0.00%,35319598,56602,A,91,34%,56%,47%,60%
416,4843200,43200,Trinity ISD,228903,228903,159683,56344,?,1179,7553387,4280310,3969907,4573584,0,20377188,16702.61,37.10%,21.00%,19.50%,22.40%,0.00%,21618669,18914,D,68,67%,81%,64%,69%
417,4832640,32640,New Waverly ISD,236901,236901,229151,63826,100910,1074,7052646,4598483,18120921,3960432,0,33732482,31643.98,20.90%,13.60%,53.70%,11.70%,0.00%,40427400,40427,B,84,39%,54%,56%,48%
418,4845900,45900,Willis ISD,170904,170904,243906,62539,102455,9313,45656419,26954706,85867720,24136800,0,182615645,20349.41,25.00%,14.80%,47.00%,13.20%,0.00%,573115816,66922,C,77,51%,66%,60%,66%
419,4812240,12240,Burton ISD,239903,239903,130500,62450,95500,623,4400422,2245155,14316726,3344451,3660758,27967512,41338.02,15.70%,8.00%,51.20%,12.00%,13.10%,66728291,104100,A,90,34%,44%,37%,51%
420,4821360,21360,Graham ISD,252901,252901,196632,63843,88873,2148,14461071,6489543,8058056,7014947,0,36023617,16501.89,40.10%,18.00%,22.40%,19.50%,0.00%,14088973,8102,B,80,49%,53%,47%,57%
421,4844040,44040,Veribest ISD,226908,226908,129672,53708,84336,263,1839664,1466223,10726425,1486730,0,15519042,60858.99,11.90%,9.40%,69.10%,9.60%,0.00%,25600305,132644,B,84,36%,48%,50%,62%
422,4814160,14160,Clarendon ISD,65901,65901,126111,46567,86000,401,3029584,2064094,476522,1893244,0,7463444,17897.95,40.60%,27.70%,6.40%,25.40%,0.00%,350993,1020,B,82,38%,40%,34%,48%
423,4822850,22850,Hedley ISD,65902,65902,101200,42191,73000,95,1048165,612427,391642,737064,0,2789298,27616.81,37.60%,22.00%,14.00%,26.40%,0.00%,0,0,B,88,35%,53%,67%,59%
424,4829880,29880,McLean ISD,90903,90903,94000,59651,79062,182,1619218,762074,647970,1216293,0,4245555,22463.25,38.10%,17.90%,15.30%,28.60%,0.00%,477100,3078,B,81,45%,62%,57%,42%
425,4836930,36930,Ricardo ISD,137902,137902,130170,64437,72041,659,4239327,2336966,309366,2486846,0,9372505,14265.61,45.20%,24.90%,3.30%,26.50%,0.00%,548205,867,B,89,32%,38%,42%,41%
426,4839300,39300,Santa Gertrudis ISD,137904,137904,125660,61382,93599,826,4548454,2657734,200060,5667285,0,13073533,16160.11,34.80%,20.30%,1.50%,43.30%,0.00%,0,0,A,92,21%,52%,30%,45%
427,4825680,25680,Kingsville ISD,137901,137901,202077,58554,90103,2534,16733524,12179534,6618116,10120734,0,45651908,17538.19,36.70%,26.70%,14.50%,22.20%,0.00%,66017322,32314,F,59,69%,81%,70%,80%
428,4829280,29280,Mason ISD,157901,157901,139000,56572,90248,700,4752595,3008160,422535,3363401,0,11546691,16378.29,41.20%,26.10%,3.70%,29.10%,0.00%,2570775,4017,A,92,29%,48%,52%,39%
429,4813440,13440,Central Heights ISD,174908,174908,135000,55706,88500,1096,8587804,4148041,2430705,3172233,0,18338783,16996.09,46.80%,22.60%,13.30%,17.30%,0.00%,13163450,14185,A,93,26%,41%,28%,36%
430,4810500,10500,Bloomington ISD,235901,235901,128000,54965,88120,795,4828661,3339327,1204442,4013034,0,13385464,14774.24,36.10%,24.90%,9.00%,30.00%,0.00%,9013664,12749,F,54,69%,78%,80%,73%
431,4844150,44150,Victoria ISD,235902,235902,565047,53706,88302,12919,70086076,48035190,40647829,41359573,0,200128668,15362.61,35.00%,24.00%,20.30%,20.70%,0.00%,128852075,12150,C,74,62%,74%,62%,73%
432,4821540,21540,Grandview ISD,126904,126904,158000,60673,76893,1373,9480481,3257255,1883555,5698472,0,20319763,14229.53,46.70%,16.00%,9.30%,28.00%,0.00%,17916875,13431,B,86,32%,44%,43%,45%
433,4825230,25230,Keene ISD,126906,126906,189146,57523,87308,1119,7943742,3457403,1659817,4478693,0,17539655,15988.75,45.30%,19.70%,9.50%,25.50%,0.00%,11732474,11491,B,87,42%,62%,49%,55%
434,4837200,37200,Rio Vista ISD,126907,126907,34538,59091,84298,1032,5146772,3629770,7667073,3976019,0,20419634,21116.48,25.20%,17.80%,37.50%,19.50%,0.00%,29638641,30906,C,76,43%,61%,50%,60%
435,4843560,43560,Union Hill ISD,230904,230904,100000,60738,66472,282,2353855,1297943,15000,1324868,0,4991666,18085.75,47.20%,26.00%,0.30%,26.50%,0.00%,0,0,C,73,60%,74%,60%,63%
436,4841760,41760,Sudan ISD,140908,140908,177472,63326,116821,452,3583642,2450167,1094839,2278683,0,9407331,20187.41,38.10%,26.00%,11.60%,24.20%,0.00%,7260225,18474,B,86,34%,46%,56%,51%
437,4832730,32730,Newton ISD,176902,176902,159000,53286,81423,934,6861314,4803637,17809231,5077752,0,34551934,37272.85,19.90%,13.90%,51.50%,14.70%,0.00%,44858750,57218,C,75,60%,74%,63%,63%
438,4812150,12150,Burkeville ISD,176901,176901,112270,63288,80687,252,1708540,1226061,259500,1315893,0,4509994,18259.09,37.90%,27.20%,5.80%,29.20%,0.00%,9079476,32897,F,57,60%,75%,86%,75%
439,4839510,39510,Schleicher ISD,207901,207901,131800,51658,84147,415,3929648,2137299,39916,3241767,28539,9377169,20728.67,41.90%,22.80%,0.40%,34.60%,0.30%,0,0,B,81,45%,49%,37%,52%
440,4828140,28140,Loop ISD,83902,83902,114000,63045,95920,150,1432706,936934,18700,1867834,1,4256175,29763.45,33.70%,22.00%,0.40%,43.90%,0.00%,0,0,B,86,33%,49%,10%,46%
441,4844910,44910,Wellman-Union Cons ISD,223904,223904,135125,64899,105593,248,2153720,1300392,1034049,1720829,0,6208990,22254.44,34.70%,20.90%,16.70%,27.70%,0.00%,24510059,111409,A,90,47%,64%,79%,83%
442,4834630,34630,Perrin-Whitt Cons ISD,119903,119903,107371,65333,110623,324,2401670,1240072,851228,1326376,0,5819346,18072.5,41.30%,21.30%,14.60%,22.80%,0.00%,2292983,7469,A,91,40%,51%,41%,71%
443,4830000,30000,Meadow ISD,223902,223902,123525,54330,88413,230,2005160,1345039,372922,1808308,0,5531429,23339.36,36.30%,24.30%,6.70%,32.70%,0.00%,636000,3741,B,88,56%,74%,53%,71%
444,4814640,14640,Colorado ISD,168901,168901,165000,62542,100989,927,6264214,4239749,2526514,6022830,0,19053307,20119.65,32.90%,22.30%,13.30%,31.60%,0.00%,34011478,46719,C,76,54%,72%,53%,65%
445,4800007,7,Panther Creek Cons ISD,42905,42905,145378,61217,80000,163,1459609,936851,99126,1038984,0,3534570,21953.85,41.30%,26.50%,2.80%,29.40%,0.00%,498300,3215,C,75,58%,72%,83%,66%
446,4809300,9300,Ballinger ISD,200901,200901,118500,48978,77738,775,5513603,3255532,7376356,4241936,0,20387427,25516.18,27.00%,16.00%,36.20%,20.80%,0.00%,0,0,C,77,52%,71%,63%,64%
447,4824780,24780,Jim Ned Cons ISD,221911,221911,160932,53129,85023,1639,10587689,5616858,7329214,5024141,0,28557902,17520.19,37.10%,19.70%,25.70%,17.60%,0.00%,83208482,56875,B,88,25%,36%,30%,33%
448,4815930,15930,Crystal City ISD,254901,254901,130000,56864,84623,1643,12958186,9476208,4510843,8719309,0,35664546,20783.53,36.30%,26.60%,12.60%,24.40%,0.00%,46369074,37006,D,69,67%,73%,55%,78%
449,4809000,9000,Austwell-Tivoli ISD,196901,196901,87826,49975,75401,141,1409254,763695,1074118,1552380,84034,4883481,34528.4,28.90%,15.60%,22.00%,31.80%,1.70%,14961175,122633,B,83,46%,46%,60%,76%
450,4822890,22890,Hemphill ISD,202903,202903,127000,58207,83567,788,5978105,3363853,1173321,3397017,0,13912296,18209.81,43.00%,24.20%,8.40%,24.40%,0.00%,0,0,B,84,42%,50%,38%,46%
451,4845380,45380,Wharton ISD,241904,241904,133688,57770,104936,1767,11655372,8477075,20192448,8053544,0,48378439,26537.82,24.10%,17.50%,41.70%,16.60%,0.00%,86964243,59524,D,64,67%,81%,72%,85%
452,4818280,18280,El Campo ISD,241903,241903,193085,60679,106423,3279,20609816,11779217,5290504,12606565,0,50286102,15119.09,41.00%,23.40%,10.50%,25.10%,0.00%,24972619,8509,B,83,48%,64%,55%,56%
453,4843110,43110,Trent ISD,221905,221905,121000,60018,?,144,1206411,985116,501921,1105012,49094,3847554,26016.85,31.40%,25.60%,13.00%,28.70%,1.30%,2565723,17336,C,71,51%,71%,52%,57%
454,4831920,31920,Mullin ISD,167902,167902,105000,58852,81667,132,2935946,1859173,586953,1118223,0,6500295,30807.09,45.20%,28.60%,9.00%,17.20%,0.00%,320000,1280,F,55,58%,92%,71%,61%
455,4846770,46770,Zephyr ISD,25906,25906,112000,52529,74448,220,1429779,723745,473869,1237624,0,3865017,17811.14,37.00%,18.70%,12.30%,32.00%,0.00%,3881646,23814,B,81,47%,77%,31%,47%
456,4839900,39900,Shamrock ISD,242902,242902,107077,54302,78572,343,2992614,2113689,376089,2402338,0,7884730,22920.73,38.00%,26.80%,4.80%,30.50%,0.00%,1931136,7100,B,80,53%,68%,52%,56%
457,4841250,41250,Springlake-Earth ISD,140907,140907,112850,54469,82193,231,2220883,1344173,1,2095666,0,5660723,21361.22,39.20%,23.70%,0.00%,37.00%,0.00%,0,0,A,92,43%,51%,55%,58%
458,4808460,8460,Anton ISD,110901,110901,98000,44401,83513,175,1132649,795401,118741,1305974,0,3352765,19722.15,33.80%,23.70%,3.50%,39.00%,0.00%,0,0,B,81,62%,86%,66%,86%
459,4814370,14370,Cleveland ISD,146901,146901,265000,64443,104501,12513,75541515,49722108,29028915,29158935,0,183451473,15325.94,41.20%,27.10%,15.80%,15.90%,0.00%,552185313,45855,F,59,73%,81%,74%,79%
460,4831260,31260,Montgomery ISD,170903,170903,10958,63767,102944,9889,54346484,24751857,142259352,33928403,84085,255370181,26065.56,21.30%,9.70%,55.70%,13.30%,0.00%,826614745,92983,B,87,32%,39%,37%,42%
461,4831040,31040,Mission Cons ISD,108908,108908,490301,66005,108197,13765,106751842,68498798,24138670,46853262,0,246242572,17503.74,43.40%,27.80%,9.80%,19.00%,0.00%,114480691,8393,B,83,53%,63%,60%,70%
462,4835910,35910,Progreso ISD,108910,108910,170120,56562,82893,1339,9053097,7869718,6646863,7335383,0,30905061,21996.48,29.30%,25.50%,21.50%,23.70%,0.00%,33699650,32003,C,77,56%,65%,64%,75%
463,4814250,14250,Claude ISD,6902,6902,110000,49426,77791,297,2018406,1203733,139975,1631693,0,4993807,15654.57,40.40%,24.10%,2.80%,32.70%,0.00%,819600,3488,A,94,26%,41%,35%,37%
464,4819830,19830,Frenship ISD,152907,152907,261954,57047,103492,11770,56735038,32044061,145997842,34926278,0,269703219,23288.42,21.00%,11.90%,54.10%,12.90%,0.00%,678329278,58391,B,80,43%,56%,46%,49%
465,4816080,16080,Cushing ISD,174902,174902,207106,58527,96273,558,3464213,2099442,959150,3156381,0,9679186,17566.58,35.80%,21.70%,9.90%,32.60%,0.00%,8810225,18947,B,80,46%,63%,68%,50%
466,4826700,26700,Laneville ISD,201903,201903,79575,60996,87550,139,1276312,821040,92385,1370171,0,3559908,25427.91,35.90%,23.10%,2.60%,38.50%,0.00%,126760,1219,D,62,57%,70%,77%,66%
467,4824150,24150,Industrial ISD,120905,120905,120500,57067,85901,1156,7301719,4202319,2324643,4035441,0,17864122,15268.48,40.90%,23.50%,13.00%,22.60%,0.00%,15232750,14689,B,89,25%,33%,36%,24%
468,4818210,18210,Edna ISD,120901,120901,180250,50376,95514,1531,10264347,4890769,4098900,6363056,0,25617072,16254.49,40.10%,19.10%,16.00%,24.80%,0.00%,12565669,9879,B,82,45%,55%,46%,57%
469,4825020,25020,Junction ISD,134901,134901,140450,59127,82533,589,3941089,2637444,65977,2526293,0,9170803,15570.12,43.00%,28.80%,0.70%,27.50%,0.00%,0,0,C,70,56%,76%,43%,51%
470,4830210,30210,Menard ISD,164901,164901,120986,49881,72647,264,1807985,2484290,301796,2115313,0,6709384,23377.64,26.90%,37.00%,4.50%,31.50%,0.00%,0,0,B,84,39%,57%,30%,54%
471,4836540,36540,Raymondville ISD,245903,245903,264960,60238,99465,1963,14439929,10177823,2056237,10773947,0,37447936,18960.98,38.60%,27.20%,5.50%,28.80%,0.00%,16488893,10993,A,91,39%,46%,46%,55%
472,4835570,35570,Bushland ISD,188904,188904,113300,55373,84898,1434,9356173,4385092,37264678,7899263,126956,59032162,40484.68,15.80%,7.40%,63.10%,13.40%,0.20%,146626375,125429,A,90,28%,46%,40%,48%
473,4824030,24030,Huntsville ISD,236902,236902,318140,57365,92930,10960,32682895,21459792,57963502,68797772,0,180903961,15983.74,18.10%,11.90%,32.00%,38.00%,0.00%,170566050,17412,D,68,53%,72%,56%,67%
474,4846170,46170,Wink-Loving ISD,248902,248902,156459,65631,98160,438,4885702,2921867,52996138,4094218,137926223,202824148,145838.03,2.40%,1.40%,26.10%,2.00%,68.00%,71083209,172114,B,87,43%,46%,58%,70%
475,4815810,15810,Cross Plains ISD,30901,30901,115500,50869,87400,365,2840626,1460061,287768,2044541,0,6632996,18222.52,42.80%,22.00%,4.30%,30.80%,0.00%,2287520,7702,B,83,37%,55%,60%,53%
476,4841880,41880,Sunnyvale ISD,57919,57919,205500,66292,100824,2306,14477054,7220832,9107556,6858904,279109,37943455,16255.65,38.20%,19.00%,24.00%,18.10%,0.70%,119673011,47869,A,93,18%,36%,28%,32%
477,4829700,29700,McCamey ISD,231901,231901,123579,60218,86419,484,3911945,3064112,28806959,3065887,4237551,43086454,78009.85,9.10%,7.10%,66.90%,7.10%,9.80%,86187775,207182,F,58,62%,76%,78%,82%
478,4825410,25410,Kenedy County-Wide CSD,131001,131001,102960,65050,102960,126,1010576,714156,831287,957997,7146777,10660793,27030.89,9.50%,6.70%,7.80%,9.00%,67.00%,1671500,11939,B,87,38%,64%,.,70%
479,4800006,6,Aspermont ISD,217901,217901,102152,51733,76621,181,1344215,846274,604393,1316928,0,4111810,21415.68,32.70%,20.60%,14.70%,32.00%,0.00%,5935639,38294,A,90,38%,44%,53%,52%
480,4825790,25790,Klondike ISD,58905,58905,122137,54436,82858,261,2200996,1778367,3585080,2029571,26091282,35685296,37921,6.20%,5.00%,10.00%,5.70%,73.10%,5785900,26420,A,92,15%,41%,33%,32%
481,4826610,26610,Lamesa ISD,58906,58906,154500,50984,84898,1484,8706478,7949338,1843030,8110919,0,26609765,17506.42,32.70%,29.90%,6.90%,30.50%,0.00%,29926750,25149,C,71,64%,82%,71%,77%
482,4839120,39120,Sands Cons ISD,58909,58909,132951,55650,108923,232,1924701,1194057,32628882,2146134,25565995,63459769,154039.73,3.00%,1.90%,51.40%,3.40%,40.30%,143160075,591571,B,89,42%,62%,26%,55%
483,4821840,21840,Groom ISD,33901,33901,93488,58018,67500,130,1260963,671772,1085063,993323,0,4011121,29712.01,31.40%,16.70%,27.10%,24.80%,0.00%,12945900,165973,C,75,38%,50%,40%,35%
484,4844820,44820,Weimar ISD,45905,45905,140000,55210,83917,732,5075644,2646199,1077913,2697904,0,11497660,15924.74,44.10%,23.00%,9.40%,23.50%,0.00%,17262638,26275,B,89,39%,45%,52%,55%
485,4815720,15720,Crockett ISD,113901,113901,126436,63900,90534,1124,8012859,5775525,3492856,6533852,0,23815092,20131.1,33.60%,24.30%,14.70%,27.40%,0.00%,0,0,D,67,67%,84%,57%,66%
486,4821630,21630,Grapeland ISD,113902,113902,130000,60731,76299,574,4559589,2832845,1518202,2872638,0,11783274,19704.47,38.70%,24.00%,12.90%,24.40%,0.00%,10818679,21856,C,71,55%,73%,44%,58%
487,4825470,25470,Kennard ISD,113906,113906,113568,56116,76939,275,1629439,1190569,0,1302583,0,4122591,15440.42,39.50%,28.90%,0.00%,31.60%,0.00%,0,0,B,84,50%,63%,67%,69%
488,4828410,28410,Lovelady ISD,113903,113903,134204,54550,95848,515,3786789,2035963,794025,2000255,0,8617032,16076.55,43.90%,23.60%,9.20%,23.20%,0.00%,9368000,20911,B,85,37%,64%,52%,56%
489,4811680,11680,Brownsville ISD,31901,31901,375000,64423,103801,36140,265612016,169529983,73094160,116545924,0,624782083,16856.39,42.50%,27.10%,11.70%,18.70%,0.00%,78943385,2777,B,87,44%,53%,49%,63%
490,4839330,39330,Santa Maria ISD,31913,31913,150000,54926,81333,512,5180919,4190356,1549741,3761090,0,14682106,27189.09,35.30%,28.50%,10.60%,25.60%,0.00%,17452131,42463,C,78,60%,70%,67%,73%
491,4821150,21150,Goose Creek Consolidated ISD,101911,101911,355322,68868,112064,24032,158486827,92078474,81823382,66940673,0,399329356,16564.18,39.70%,23.10%,20.50%,16.80%,0.00%,871479206,41535,C,78,56%,63%,60%,64%
492,4826190,26190,La Porte ISD,101916,101916,337797,69742,102720,7099,45843249,30422720,92580944,28633237,25444839,222924989,27755.47,20.60%,13.60%,41.50%,12.80%,11.40%,516423480,78988,B,82,44%,53%,44%,54%
493,4817880,17880,East Chambers ISD,36903,36903,291911,61131,88987,1562,9385471,5880681,9929890,6514558,0,31710600,20288.29,29.60%,18.50%,31.30%,20.50%,0.00%,26806811,18772,B,84,39%,57%,43%,66%
494,4828710,28710,Madisonville Cons ISD,154901,154901,173680,63251,103923,2377,14404029,6866273,1749514,8822020,0,31841836,13311.8,45.20%,21.60%,5.50%,27.70%,0.00%,21517875,10013,A,90,43%,48%,53%,60%
495,4814070,14070,Cisco ISD,67902,67902,148800,54184,96607,835,5894800,3472560,133233,3118192,0,12618785,15295.5,46.70%,27.50%,1.10%,24.70%,0.00%,0,0,B,85,34%,54%,38%,44%
496,4836480,36480,Ranger ISD,67907,67907,169273,52194,84048,288,2809998,1478900,0,1520120,0,5809018,19691.59,48.40%,25.50%,0.00%,26.20%,0.00%,0,0,D,65,70%,81%,68%,77%
497,4816440,16440,De Leon ISD,47902,47902,114339,56121,88800,654,5837581,3647627,5768423,3816339,0,19069970,28719.83,30.60%,19.10%,30.20%,20.00%,0.00%,871593,2065,A,93,22%,34%,35%,40%
498,4813860,13860,Childress ISD,38901,38901,168096,52599,81198,978,6548959,3450473,57101,3877322,0,13933855,14276.49,47.00%,24.80%,0.40%,27.80%,0.00%,0,0,B,80,39%,44%,57%,48%
499,4833900,33900,Paducah ISD,51901,51901,138179,55695,80006,156,1271702,831028,48744,1897667,0,4049141,25149.94,31.40%,20.50%,1.20%,46.90%,0.00%,0,0,B,83,60%,83%,65%,76%
500,4821930,21930,Gruver ISD,98901,98901,126500,53001,78569,409,3727999,1688735,3719591,2172916,0,11309241,26118.34,33.00%,14.90%,32.90%,19.20%,0.00%,33171764,84622,A,95,14%,20%,30%,29%
501,4814700,14700,Columbus ISD,45902,45902,153668,59349,94514,1659,9548298,5478016,2733607,6636477,0,24396398,14912.22,39.10%,22.50%,11.20%,27.20%,0.00%,23701112,15451,B,81,49%,60%,52%,65%
502,4831860,31860,Muenster ISD,49902,49902,136875,59694,91700,570,3639715,1815229,1679075,2093977,0,9227996,16332.74,39.40%,19.70%,18.20%,22.70%,0.00%,14040631,29622,A,91,26%,40%,46%,42%
503,4840470,40470,Slidell ISD,249908,249908,135000,56381,82084,497,2733509,1755067,6269890,1918096,0,12676562,26299.92,21.60%,13.80%,49.50%,15.10%,0.00%,47022173,74285,C,79,58%,86%,60%,78%
504,4840380,40380,Sivells Bend ISD,49909,49909,100000,53684,100000,62,634531,295102,278766,467505,797949,2473853,22647.35,25.60%,11.90%,11.30%,18.90%,32.30%,0,0,A,94,35%,49%,50%,56%
505,4842840,42840,Timpson ISD,210905,210905,156327,55525,92333,756,5514358,2971389,1203115,3712472,0,13401334,18690.84,41.10%,22.20%,9.00%,27.70%,0.00%,9004400,11974,B,83,52%,63%,71%,61%
506,4808490,8490,Apple Springs ISD,228905,228905,136240,63377,105200,179,1418748,1040725,88463,1144151,0,3692087,17836.17,38.40%,28.20%,2.40%,31.00%,0.00%,0,0,D,69,50%,63%,72%,79%
507,4835040,35040,Plains ISD,251902,251902,166700,57931,97368,423,4364760,2904539,12265857,2869085,11363901,33768142,53216.72,12.90%,8.60%,36.30%,8.50%,33.70%,8599600,23242,C,75,60%,59%,55%,78%
508,4842420,42420,Terrell County ISD,222901,222901,119792,55358,119792,114,1106946,906323,1774269,1771871,0,5559409,47516.32,19.90%,16.30%,31.90%,31.90%,0.00%,7057957,83035,B,89,41%,49%,16%,39%
509,4820400,20400,Garrison ISD,174903,174903,130759,55043,79829,736,4720710,2364021,4561044,2983491,0,14629266,18974.4,32.30%,16.20%,31.20%,20.40%,0.00%,17552464,24311,B,86,40%,56%,52%,54%
510,4834650,34650,Perryton ISD,179901,179901,165000,48043,87190,1802,10762322,7252095,5890180,5880773,0,29785370,15497.07,36.10%,24.30%,19.80%,19.70%,0.00%,62498742,43162,B,84,45%,54%,47%,55%
511,4819050,19050,Fannindel ISD,60914,60914,125000,51989,71500,141,1457846,770132,168358,1560496,0,3956832,28466.42,36.80%,19.50%,4.30%,39.40%,0.00%,717200,6641,D,64,73%,90%,87%,83%
512,4831650,31650,Mount Enterprise ISD,201907,201907,127575,53267,83213,501,3279207,1669272,7834199,2548641,0,15331319,30239.29,21.40%,10.90%,51.10%,16.60%,0.00%,18289244,40196,B,82,46%,60%,33%,48%
513,4822970,22970,Henderson ISD,201902,201902,216260,55684,104183,3245,19452107,13382240,3780156,14175037,0,50789540,15428.17,38.30%,26.30%,7.40%,27.90%,0.00%,37093219,13836,C,76,58%,72%,59%,66%
514,4817130,17130,Dime Box ISD,144903,144903,132500,59055,75990,156,1463911,800696,458238,967439,17461,3707745,24601.89,39.50%,21.60%,12.40%,26.10%,0.50%,3816800,36008,D,67,84%,85%,71%,79%
515,4834140,34140,Palo Pinto ISD,182906,182906,131907,52501,65930,94,761134,418741,243576,597232,4334712,6355395,19810.62,12.00%,6.60%,3.80%,9.40%,68.20%,2143400,19664,A,93,4%,27%,.,45%
516,4811110,11110,Brady ISD,160901,160901,140000,52961,87567,935,6685862,4838579,2620558,4116399,0,18261398,18806.8,36.60%,26.50%,14.40%,22.50%,0.00%,15020250,16839,C,78,47%,64%,52%,67%
517,4811280,11280,Brenham ISD,239901,239901,185000,56467,98615,4872,29548820,17427072,5299010,12594115,0,64869017,13333.82,45.60%,26.90%,8.20%,19.40%,0.00%,39689432,9477,C,72,53%,57%,55%,55%
518,4809810,9810,Bellville ISD,8901,8901,170000,60032,88130,2315,14378992,8335984,10092731,7977655,119807,40905169,17864.81,35.20%,20.40%,24.70%,19.50%,0.30%,108037492,50250,C,76,45%,54%,50%,59%
519,4828020,28020,Lone Oak ISD,116906,116906,145000,61823,89729,1137,7435837,3804709,21787614,3946508,0,36974668,32264.11,20.10%,10.30%,58.90%,10.70%,0.00%,70770604,57961,B,86,41%,49%,48%,53%
520,4812660,12660,Campbell ISD,116910,116910,134268,55448,81000,269,2292110,1291079,339515,1361698,0,5284402,18412.55,43.40%,24.40%,6.40%,25.80%,0.00%,1351084,7000,C,77,74%,81%,49%,84%
521,4815150,15150,Cooper ISD,60902,60902,135000,56038,89829,903,5664758,3476642,2538699,3844838,0,15524937,17682.16,36.50%,22.40%,16.40%,24.80%,0.00%,8614055,10959,B,83,53%,63%,57%,60%
522,4810320,10320,Blanco ISD,16902,16902,166367,59126,90252,1102,6765378,4949869,21823353,4723659,538067,38800326,34626.48,17.40%,12.80%,56.20%,12.20%,1.40%,65510122,61744,B,80,48%,55%,47%,48%
523,4829040,29040,Marfa ISD,189901,189901,85001,52216,81000,194,1963314,1201760,918391,1421289,1466521,6971275,24685,28.20%,17.20%,13.20%,20.40%,21.00%,4035925,25871,D,61,61%,81%,76%,68%
524,4835800,35800,Presidio ISD,189902,189902,40000,50139,83431,1085,6768088,5590374,3090116,4910886,0,20359464,19614.13,33.20%,27.50%,15.20%,24.10%,0.00%,1291975,1344,D,64,64%,67%,52%,68%
525,4814880,14880,Como-Pickton Cons ISD,112908,112908,150000,57566,85984,770,5809028,2676534,1434145,3463663,0,13383370,17702.87,43.40%,20.00%,10.70%,25.90%,0.00%,18256037,25285,B,84,54%,62%,69%,58%
526,4808130,8130,Amarillo ISD,188901,188901,300654,62024,105090,29321,193986262,97166184,32769485,75475001,0,399396932,13434.59,48.60%,24.30%,8.20%,18.90%,0.00%,295156616,11843,B,83,47%,55%,50%,58%
527,4825620,25620,Kilgore ISD,92902,92902,193386,57843,93496,3660,21746483,12459300,27806822,13313796,0,75326401,20221.85,28.90%,16.50%,36.90%,17.70%,0.00%,195657783,62993,C,74,52%,64%,56%,60%
528,4833340,33340,Oakwood ISD,145907,145907,135000,53666,79500,203,1787081,1181180,893590,1463210,0,5325061,24095.3,33.60%,22.20%,16.80%,27.50%,0.00%,6530146,32981,C,72,71%,71%,48%,84%
529,4818390,18390,Elkhart ISD,1903,1903,137612,57788,89341,1187,8083273,3899228,2045905,4114941,0,18143347,15157.35,44.60%,21.50%,11.30%,22.70%,0.00%,14257564,13605,B,85,41%,59%,61%,48%
530,4826220,26220,LaPoynor ISD,107910,107910,119300,55799,86214,479,3697914,2024828,532954,2360795,0,8616491,17477.67,42.90%,23.50%,6.20%,27.40%,0.00%,0,0,C,79,46%,70%,39%,72%
531,4832250,32250,Neches ISD,1906,1906,124384,55385,76642,337,2249478,1461140,345361,1723751,0,5779730,17729.23,38.90%,25.30%,6.00%,29.80%,0.00%,2750200,8900,A,90,38%,42%,46%,44%
532,4813200,13200,Cayuga ISD,1902,1902,98000,59705,85697,577,4301897,3271374,1449372,3249268,0,12271911,20835.16,35.10%,26.70%,11.80%,26.50%,0.00%,0,0,B,88,32%,50%,49%,44%
533,4840500,40500,Slocum ISD,1909,1909,136500,63634,96250,323,3086260,1337828,309734,1226357,0,5960179,17952.35,51.80%,22.40%,5.20%,20.60%,0.00%,3661178,14528,B,82,32%,42%,56%,51%
534,4843290,43290,Westwood ISD,1908,1908,175183,53705,73572,1387,7789807,6279385,17618796,6086830,0,37774818,27673.86,20.60%,16.60%,46.60%,16.10%,0.00%,51380375,44485,D,65,61%,72%,73%,68%
535,4834050,34050,Palestine ISD,1907,1907,181274,52144,101199,3186,22226875,13216136,4124653,14339369,0,53907033,16602.1,41.20%,24.50%,7.70%,26.60%,0.00%,65299237,23642,C,75,54%,56%,61%,61%
536,4834770,34770,Pettus ISD,13903,13903,152000,56294,94697,377,3078333,1896298,2222565,2197358,618,9395172,23844.05,32.80%,20.20%,23.70%,23.40%,0.00%,38397493,132405,B,83,46%,60%,49%,66%
537,4821030,21030,Goliad ISD,88902,88902,156550,56056,86670,1244,7666571,5771624,9244384,5838972,0,28521551,22282.46,26.90%,20.20%,32.40%,20.50%,0.00%,127670675,118543,C,79,45%,57%,50%,56%
538,4825440,25440,Kenedy ISD,128902,128902,133500,60173,85650,758,6443233,3734014,3095167,2693273,673865,16639552,20734.66,38.70%,22.40%,18.60%,16.20%,4.00%,24140652,32317,C,77,58%,70%,65%,76%
539,4834410,34410,Pawnee ISD,13902,13902,120000,68400,110242,630,5051139,3981214,1163642,3365800,32352,13594147,23503.98,37.20%,29.30%,8.60%,24.80%,0.20%,1228078,3310,B,82,44%,66%,17%,59%
540,4809720,9720,Beeville ISD,13901,13901,216360,58687,97403,3033,18929990,13986831,10130317,12543428,0,55590566,17926.66,34.10%,25.20%,18.20%,22.60%,0.00%,86541327,33247,C,75,58%,69%,53%,70%
541,4838310,38310,Runge ISD,128903,128903,114820,57597,91864,162,1448437,1163541,3941668,1767041,2311603,10632290,42452.48,13.60%,10.90%,37.10%,16.60%,21.70%,6930591,68620,D,64,75%,87%,77%,82%
542,4821000,21000,Goldthwaite Cons ISD,167901,167901,125000,55914,82282,516,5368775,2847361,1839809,2569095,0,12625040,23686.75,42.50%,22.60%,14.60%,20.30%,0.00%,26896600,56864,B,87,30%,37%,32%,46%
543,4827960,27960,Lometa ISD,141902,141902,88179,54327,75000,316,2661974,1109187,1415245,1622766,0,6809172,21278.66,39.10%,16.30%,20.80%,23.80%,0.00%,6211280,14181,B,82,65%,79%,58%,66%
544,4823700,23700,Hubbard ISD (Bowie),19913,19913,76082,47608,76082,64,733370,176803,120625,575761,0,1606559,23978.49,45.60%,11.00%,7.50%,35.80%,0.00%,0,0,C,75,59%,62%,101%,80%
545,4823370,23370,Holland ISD,14905,14905,134000,56805,86465,646,5130610,3730536,754509,2750150,0,12365805,19382.14,41.50%,30.20%,6.10%,22.20%,0.00%,8912700,14469,A,90,29%,41%,33%,26%
546,4808230,8230,Anderson-Shiro Cons ISD,93901,93901,133000,60484,89804,979,6288740,3366072,3214258,3161513,0,16030583,16594.81,39.20%,21.00%,20.10%,19.70%,0.00%,26556749,27808,B,86,33%,40%,43%,46%
547,4832190,32190,Navasota ISD,93904,93904,228483,62206,95351,3117,17998306,10126460,9942968,13988353,0,52056087,17180.23,34.60%,19.50%,19.10%,26.90%,0.00%,87118680,29979,C,73,55%,72%,64%,68%
548,4814670,14670,Columbia-Brazoria ISD,20907,20907,209858,61947,92855,2871,16743742,10594497,37070688,8509071,0,72917998,24684.49,23.00%,14.50%,50.80%,11.70%,0.00%,180576040,68791,C,74,50%,63%,55%,56%
549,4816260,16260,Damon ISD,20910,20910,142500,59946,142500,107,1202335,622384,280229,784638,0,2889586,28329.27,41.60%,21.50%,9.70%,27.20%,0.00%,992513,11816,C,78,48%,63%,87%,75%
550,4832310,32310,Needville ISD,79906,79906,261283,68911,124852,3650,22488881,10375790,28812770,11384176,0,73061617,20306.17,30.80%,14.20%,39.40%,15.60%,0.00%,225414419,65872,A,90,31%,38%,44%,37%
551,4838190,38190,Royal ISD,237905,237905,189000,65940,104104,2884,17560168,10506281,22810950,11620336,0,62497735,22901.33,28.10%,16.80%,36.50%,18.60%,0.00%,227853948,86505,D,65,68%,73%,71%,77%
552,4839630,39630,Sealy ISD,8902,8902,191000,56666,97059,3109,16302228,8914399,6202887,8531018,0,39950532,13307.97,40.80%,22.30%,15.50%,21.40%,0.00%,61407475,20394,C,75,51%,60%,63%,56%
553,4817830,17830,East Bernard ISD,241902,241902,133500,58398,92660,997,6326600,3129608,1440078,3500908,0,14397194,14368.46,43.90%,21.70%,10.00%,24.30%,0.00%,29922275,29597,B,86,37%,48%,25%,44%
554,4810780,10780,Boling ISD,241901,241901,145000,54785,93400,1151,5556471,3597022,40535,5353363,0,14547391,12705.14,38.20%,24.70%,0.30%,36.80%,0.00%,0,0,C,78,45%,62%,52%,58%
555,4844470,44470,Brazos ISD,8903,8903,189538,58095,91555,866,5265017,3356589,2013282,3727823,0,14362711,16720.27,36.70%,23.40%,14.00%,26.00%,0.00%,13791582,16187,B,84,42%,57%,40%,57%
556,4833010,33010,North Lamar ISD,139911,139911,153351,55849,79920,2395,15334608,8759483,22337034,7954832,0,54385957,22928.31,28.20%,16.10%,41.10%,14.60%,0.00%,73049306,36506,C,76,43%,58%,47%,49%
557,4823460,23460,Honey Grove ISD,74907,74907,165000,57929,88623,651,5294351,3787312,4234692,2823425,0,16139780,26116.15,32.80%,23.50%,26.20%,17.50%,0.00%,8298525,14432,B,89,40%,47%,42%,51%
558,4834290,34290,Paris ISD,139909,139909,170100,57475,93238,3832,27248476,14201207,9237267,12005698,0,62692648,16208.03,43.50%,22.70%,14.70%,19.20%,0.00%,59439501,16992,C,79,56%,63%,54%,62%
559,4816890,16890,Detroit ISD,194905,194905,112379,56952,81500,488,4965636,3487261,443794,2968267,0,11864958,23873.15,41.90%,29.40%,3.70%,25.00%,0.00%,4620650,11270,D,69,63%,62%,56%,71%
560,4835740,35740,Prairiland ISD,139912,139912,130000,55672,86318,1105,7115265,3563842,12957264,4237403,0,27873774,24909.54,25.50%,12.80%,46.50%,15.20%,0.00%,37589578,34741,B,83,41%,58%,48%,61%
561,4800012,12,Chisum ISD,139905,139905,180886,61132,104909,1184,8327223,4275199,8230581,3899620,0,24732623,20696.76,33.70%,17.30%,33.30%,15.80%,0.00%,75591600,69927,B,81,34%,52%,40%,48%
562,4828830,28830,Malta ISD,19910,19910,109935,59676,80648,223,1261926,388528,199059,500424,0,2349937,11084.61,53.70%,16.50%,8.50%,21.30%,0.00%,533500,3705,B,84,39%,44%,.,59%
563,4823490,23490,Hooks ISD,19902,19902,9200,52063,109440,914,5371655,3484261,3407887,3598869,0,15862672,17823.23,33.90%,22.00%,21.50%,22.70%,0.00%,24265981,33424,B,84,36%,55%,53%,49%
564,4827060,27060,Leary ISD,19914,19914,110000,46161,110000,119,770537,235733,31550,460321,0,1498141,12484.51,51.40%,15.70%,2.10%,30.70%,0.00%,0,0,D,61,60%,93%,101%,90%
565,4842480,42480,Texarkana ISD,19907,19907,268510,52749,95940,7269,47941542,29442849,51847228,29282161,0,158513780,21785.84,30.20%,18.60%,32.70%,18.50%,0.00%,291717275,42125,D,69,55%,66%,57%,66%
566,4836630,36630,Red Lick ISD,19911,19911,137800,54822,83650,504,3138486,1594495,1100547,1911810,0,7745338,14923.58,40.50%,20.60%,14.20%,24.70%,0.00%,3511119,7683,A,91,19%,45%,35%,41%
567,4827390,27390,Liberty-Eylau ISD,19908,19908,168000,55904,85049,1937,13346779,8725514,1960138,5500749,0,29533180,14878.18,45.20%,29.50%,6.60%,18.60%,0.00%,30551700,18483,D,63,66%,77%,70%,79%
568,4835130,35130,Pleasant Grove ISD,19912,19912,199783,57320,92958,2366,13347292,6142182,23741053,10558308,0,53788835,23653.84,24.80%,11.40%,44.10%,19.60%,0.00%,127515189,62784,B,88,28%,45%,37%,43%
569,4814280,14280,Clear Creek ISD,84910,84910,327792,69357,128239,39684,248542766,119098997,131424920,97459635,0,596526318,14864.11,41.70%,20.00%,22.00%,16.30%,0.00%,1475001079,41478,B,86,34%,45%,37%,45%
570,4809450,9450,Barbers Hill ISD,36902,36902,489143,80786,119019,7875,62703594,33085415,86185449,23761711,10278175,216014344,26639.41,29.00%,15.30%,39.90%,11.00%,4.80%,562092566,71723,A,93,27%,30%,33%,31%
571,4808190,8190,Anahuac ISD,36901,36901,189286,67786,74793,1552,9781688,5716853,35305033,5765934,0,56569508,36567.23,17.30%,10.10%,62.40%,10.20%,0.00%,98722992,65207,C,72,58%,70%,47%,65%
572,4839270,39270,Santa Fe ISD,84909,84909,186599,64362,114375,4310,25533003,19112059,6345000,12500626,0,63490688,14439.55,40.20%,30.10%,10.00%,19.70%,0.00%,104136535,26661,B,81,44%,57%,47%,58%
573,4842510,42510,Texas City ISD,84906,84906,243110,66355,114088,7711,57450301,38573054,57916332,40211602,784222,194935511,24657.26,29.50%,19.80%,29.70%,20.60%,0.40%,468274992,68733,C,73,61%,73%,67%,75%
574,4823310,23310,Hitchcock ISD,84908,84908,225750,67942,104183,2012,13376979,8565344,37228301,9974529,0,69145153,36411.35,19.30%,12.40%,53.80%,14.40%,0.00%,96649148,55673,C,74,61%,81%,63%,69%
575,4820280,20280,Galveston ISD,84902,84902,229745,61984,109088,6383,42600245,29415198,88333936,21448336,27654038,209451753,28203.18,20.30%,14.00%,42.20%,10.20%,13.20%,512284137,93041,C,76,57%,70%,67%,70%
576,4817070,17070,Dickinson ISD,84901,84901,255001,64740,119410,12554,85544745,41485213,43305342,35525160,0,205860460,16348.51,41.60%,20.20%,21.00%,17.30%,0.00%,673519059,56310,B,86,50%,61%,52%,57%
577,4816200,16200,Dalhart ISD,56901,56901,164320,51609,97485,1846,8759936,3461867,10201517,6873861,0,29297181,16385.45,29.90%,11.80%,34.80%,23.50%,0.00%,59085838,34695,C,72,61%,67%,52%,64%
578,4822680,22680,Hartley ISD,103902,103902,128884,46373,86520,236,1672365,899627,427209,1210985,0,4210186,17325.87,39.70%,21.40%,10.10%,28.80%,0.00%,4212950,16988,A,95,39%,47%,59%,66%
579,4841670,41670,Stratford ISD,211902,211902,161385,56827,83491,527,4016212,1560795,1180022,2153250,51818,8962097,16685.92,44.80%,17.40%,13.20%,24.00%,0.60%,4753792,12610,B,83,39%,56%,49%,43%
580,4842570,42570,Texline ISD,56902,56902,103000,59569,95000,225,1566514,689298,769586,1307187,0,4332585,19965.83,36.20%,15.90%,17.80%,30.20%,0.00%,1713100,7752,A,90,24%,24%,43%,42%
581,4813620,13620,Channing ISD,103901,103901,104299,55569,78997,121,891827,506293,21788,925484,0,2345392,18323.38,38.00%,21.60%,0.90%,39.50%,0.00%,0,0,A,90,60%,68%,92%,74%
582,4825870,25870,Knox City-O'Brien Cons ISD,138902,138902,104900,53927,70855,195,1881928,1146304,0,1694237,0,4722469,23612.35,39.90%,24.30%,0.00%,35.90%,0.00%,0,0,A,95,36%,35%,41%,72%
583,4822020,22020,Guthrie CSD,135001,135001,96000,64857,85000,93,1354914,886155,880030,1484468,15177,4620744,46995.58,29.30%,19.20%,19.00%,32.10%,0.30%,544253,9225,A,94,33%,43%,40%,37%
584,4839780,39780,Seymour ISD,12901,12901,140000,50633,83562,594,4220832,2653863,1470741,3530532,0,11875968,18761.4,35.50%,22.30%,12.40%,29.70%,0.00%,1248900,2139,B,87,39%,32%,46%,41%
585,4815870,15870,Crowell ISD,78901,78901,412962,55096,88001,189,1389199,925171,2269649,1222086,89648,5895753,29622.98,23.60%,15.70%,38.50%,20.70%,1.50%,2677500,20756,A,91,53%,51%,54%,51%
586,4822620,22620,Harrold ISD,244901,244901,113500,57461,74000,154,1273983,660949,327209,886383,0,3148524,20713.97,40.50%,21.00%,10.40%,28.20%,0.00%,17034919,86913,A,90,43%,57%,56%,74%
587,4831970,31970,Munday Cons ISD,138903,138903,120831,56920,89990,421,3210128,1617740,3815051,2029015,0,10671934,25965.78,30.10%,15.20%,35.70%,19.00%,0.00%,8629700,25014,A,91,41%,59%,57%,55%
588,4844110,44110,Vernon ISD,244903,244903,17811,55303,88430,1729,11538667,6923646,3671947,6452704,0,28586964,16159.96,40.40%,24.20%,12.80%,22.60%,0.00%,57359963,37368,C,77,63%,72%,63%,68%
589,4833630,33630,Olney ISD,252903,252903,145003,55912,87644,691,6113888,4061006,1054873,3633035,0,14862802,20415.94,41.10%,27.30%,7.10%,24.40%,0.00%,3365200,5656,B,87,37%,43%,36%,43%
590,4809980,9980,Benjamin ISD,138904,138904,114000,58126,93000,94,1324805,803916,7694935,1462481,0,11286137,108520.55,11.70%,7.10%,68.20%,13.00%,0.00%,23445150,360695,B,84,39%,52%,45%,72%
591,4842780,42780,Throckmorton Collegiate ISD,224901,224901,110000,55743,81037,144,1355891,836551,21240124,2766608,145445,26344619,199993.69,5.10%,3.20%,80.60%,10.50%,0.60%,33715113,426774,B,87,49%,67%,36%,67%
592,4830570,30570,Midland ISD,165901,165901,325000,65601,107924,29651,152819188,94155217,38298841,147007607,91666346,523947199,15034.81,29.20%,18.00%,7.30%,28.10%,17.50%,1711583311,61561,C,72,56%,62%,61%,63%
593,4808280,8280,Andrews ISD,2901,2901,250048,62946,102284,4209,26192369,17144845,34300224,11224479,22607559,111469476,20815.63,23.50%,15.40%,30.80%,10.10%,20.30%,82742791,20471,C,78,51%,57%,48%,60%
594,4836570,36570,Reagan County ISD,192901,192901,146185,52745,75434,855,6554596,4460390,34645343,4789566,49580856,100030751,62283.82,6.60%,4.50%,34.60%,4.80%,49.60%,95557450,127410,C,73,54%,68%,55%,72%
595,4836510,36510,Rankin ISD,231902,231902,140000,63351,99426,301,4419002,3147673,27870444,3793309,91349036,130579464,132984.5,3.40%,2.40%,21.30%,2.90%,70.00%,94831226,361951,A,92,38%,44%,40%,49%
596,4841430,41430,Stanton ISD,156902,156902,179273,61173,90000,1062,8798514,5056620,8056822,4479329,40385797,66777082,25376.24,13.20%,7.60%,12.10%,6.70%,60.50%,4765250,5734,B,81,46%,53%,53%,59%
597,4820790,20790,Glasscock County ISD,87901,87901,120000,69921,102000,293,3739736,2390095,10250765,3001868,0,19382464,66378.3,19.30%,12.30%,52.90%,15.50%,0.00%,6717750,28708,A,93,15%,27%,31%,26%
598,4818000,18000,Ector County ISD,68901,68901,553912,64755,110255,33663,179738851,105592531,71023161,109738571,0,466093114,13944.03,38.60%,22.70%,15.20%,23.50%,0.00%,596523918,20669,D,69,60%,67%,71%,69%
599,4821750,21750,Greenwood ISD,165902,165902,210026,73227,108079,3373,23069216,12145789,25497906,10793313,17422025,88928249,21954.63,25.90%,13.70%,28.70%,12.10%,19.60%,540390062,165917,C,78,47%,57%,56%,62%
600,4842960,42960,Tomball ISD,101921,101921,469638,68673,125511,22913,131797875,61845357,186003313,62905901,0,442552446,19869.46,29.80%,14.00%,42.00%,14.20%,0.00%,1288234934,55901,A,92,24%,29%,29%,31%
601,4825740,25740,Klein ISD,101915,101915,412519,68103,109886,52437,347151961,193372484,268822762,159399397,0,968746604,18246.22,35.80%,20.00%,27.70%,16.50%,0.00%,1997027424,42888,B,86,40%,49%,41%,48%
602,4844430,44430,Waller ISD,237904,237904,340000,67653,110977,9905,56680546,32935823,185635414,23328009,0,298579792,32164.15,19.00%,11.00%,62.20%,7.80%,0.00%,1164517380,118647,C,76,52%,67%,52%,60%
603,4816110,16110,Cypress-Fairbanks ISD,101907,101907,458908,68146,113536,117927,769278841,360813322,546910830,264692860,0,1941695853,16389.77,39.60%,18.60%,28.20%,13.60%,0.00%,4764461549,44565,B,85,38%,51%,39%,47%
604,4815000,15000,Conroe ISD,170902,170902,365881,65314,117151,72914,435168600,239880571,367232117,127118134,0,1169399422,16162.64,37.20%,20.50%,31.40%,10.90%,0.00%,3046297065,44278,B,85,36%,43%,36%,41%
605,4828740,28740,Magnolia ISD,170906,170906,320088,61608,114604,14916,83232544,44711217,160552255,39833522,0,328329538,22693.5,25.40%,13.60%,48.90%,12.10%,0.00%,443399077,30721,B,86,40%,49%,40%,42%
606,4811850,11850,Buckholts ISD,166907,166907,137212,59989,97000,112,1344621,608753,117274,873023,0,2943671,25376.47,45.70%,20.70%,4.00%,29.70%,0.00%,91818,1032,C,72,60%,76%,68%,84%
607,4830690,30690,Milano ISD,166903,166903,132600,54586,79464,423,3115206,1899437,528034,2107652,0,7650329,18613.94,40.70%,24.80%,6.90%,27.50%,0.00%,7288973,19753,A,91,30%,45%,43%,51%
608,4825530,25530,Kerens ISD,175907,175907,133308,54812,83747,657,4508244,2888699,2411923,2867900,0,12676766,20121.85,35.60%,22.80%,19.00%,22.60%,0.00%,20640740,28470,B,81,54%,66%,70%,70%
609,4825320,25320,Kemp ISD,129904,129904,185000,58512,88374,1987,12384438,7730994,5949535,5962733,0,32027700,16282.51,38.70%,24.10%,18.60%,18.60%,0.00%,16565424,7543,D,68,58%,66%,56%,64%
610,4815330,15330,Corsicana ISD,175903,175903,196000,60775,95162,5998,35180052,22881340,6676051,21823394,0,86560837,14248.7,40.60%,26.40%,7.70%,25.20%,0.00%,101316942,18773,D,69,63%,69%,60%,68%
611,4815840,15840,Cross Roads ISD,107904,107904,232790,52696,75000,558,3738610,2256555,474165,2808880,0,9278210,16509.27,40.30%,24.30%,5.10%,30.30%,0.00%,3846400,6956,B,85,38%,42%,38%,41%
612,4828780,28780,Malakoff ISD,107906,107906,125486,59392,88626,1511,9816866,6424892,42126589,5945834,3492981,67807162,44631.63,14.50%,9.50%,62.10%,8.80%,5.20%,102078953,79315,B,89,40%,60%,41%,53%
613,4843170,43170,Trinidad ISD,107907,107907,93000,50877,70000,173,1469760,588296,125999,1058596,0,3242651,20786.22,45.30%,18.10%,3.90%,32.60%,0.00%,396775,1908,C,73,63%,72%,59%,79%
614,4818940,18940,Fairfield ISD,81902,81902,170000,56188,80845,1602,11094824,6876195,4133718,8904119,194147,31203003,18568.18,35.60%,22.00%,13.20%,28.50%,0.60%,7173949,5248,C,77,47%,58%,52%,55%
615,4830720,30720,Mildred ISD,175910,175910,122966,58468,82312,838,5039860,2731045,3819482,3050745,0,14641132,17492.39,34.40%,18.70%,26.10%,20.80%,0.00%,42346967,53468,B,83,41%,52%,42%,50%
616,4846590,46590,Yantis ISD,250905,250905,115000,51726,77034,305,2448283,1187872,194967,1830523,3735,5665380,16269.09,43.20%,21.00%,3.40%,32.30%,0.10%,0,0,C,79,53%,58%,61%,56%
617,4836360,36360,Rains ISD,190903,190903,170000,53996,89665,1712,10790014,7470040,1062875,5168047,0,24490976,14091.47,44.10%,30.50%,4.30%,21.10%,0.00%,9552975,7113,C,78,54%,68%,64%,65%
618,4836300,36300,Quitman ISD,250904,250904,138740,53855,91500,1208,7895768,4775594,1245368,5222602,0,19139332,15817.63,41.30%,25.00%,6.50%,27.30%,0.00%,11640575,10778,B,84,39%,56%,40%,51%
619,4825890,25890,Kopperl ISD,18907,18907,107464,59227,72000,191,1255265,936457,261054,916804,0,3369580,19037.18,37.30%,27.80%,7.70%,27.20%,0.00%,0,0,D,66,55%,72%,52%,73%
620,4844520,44520,Walnut Springs ISD,18905,18905,113999,61186,82500,165,1437900,717516,30925,1453694,0,3640035,20919.74,39.50%,19.70%,0.80%,39.90%,0.00%,0,0,F,59,70%,84%,52%,68%
621,4818330,18330,Electra ISD,243902,243902,129150,54933,91625,442,3282265,2120153,1270754,2239887,0,8913059,20074.46,36.80%,23.80%,14.30%,25.10%,0.00%,13293753,35169,C,77,57%,71%,63%,62%
622,4823400,23400,Holliday ISD,5902,5902,153480,57600,89533,1120,7481695,3175282,12480346,3190443,0,26327766,23257.74,28.40%,12.10%,47.40%,12.10%,0.00%,74089781,69699,A,91,29%,43%,40%,53%
623,4824260,24260,Iowa Park Cons ISD,243903,243903,172411,62003,57788,1904,11977473,5693696,3202778,6460647,0,27334594,14104.54,43.80%,20.80%,11.70%,23.60%,0.00%,33158465,17415,A,91,31%,35%,36%,40%
624,4814130,14130,City View ISD,243906,243906,141021,53205,92111,1152,8661395,5106273,1856289,6580791,0,22204748,18978.42,39.00%,23.00%,8.40%,29.60%,0.00%,14906350,13157,B,82,49%,56%,55%,55%
625,4837590,37590,Rockdale ISD,166904,166904,180000,58044,90375,1482,10297886,7110355,16501262,5730351,0,39639854,26147.66,26.00%,17.90%,41.60%,14.50%,0.00%,69303063,49822,C,73,51%,67%,56%,70%
626,4809540,9540,Bartlett ISD,14902,14902,164654,52668,83185,393,3484455,2291756,4257188,2332857,0,12366256,28169.15,28.20%,18.50%,34.40%,18.90%,0.00%,42533364,125838,C,74,72%,86%,62%,81%
627,4810620,10620,Bluff Dale ISD,72904,72904,124800,53411,97335,219,1356222,838194,353660,1186765,57240,3792081,16899.73,35.80%,22.10%,9.30%,31.30%,1.50%,7095610,47622,C,79,41%,53%,56%,34%
628,4842900,42900,Tolar ISD,111903,111903,135325,56812,83324,884,5092347,2543114,3164975,3174954,0,13975390,15391.4,36.40%,18.20%,22.60%,22.70%,0.00%,11642362,13230,B,85,43%,54%,24%,42%
629,4824360,24360,Iredell ISD,18906,18906,97850,51883,75000,144,1199664,557552,271793,794838,0,2823847,20917.39,42.50%,19.70%,9.60%,28.10%,0.00%,6190600,54784,A,95,42%,70%,50%,59%
630,4841520,41520,Stephenville ISD,72903,72903,207480,56518,87763,3578,20315937,11519279,31262080,11025154,0,74122450,20152.92,27.40%,15.50%,42.20%,14.90%,0.00%,155053635,47374,B,87,37%,43%,42%,43%
631,4823070,23070,Hico ISD,97903,97903,141960,56773,84604,627,4226203,1970279,2543921,2879892,0,11620295,18072,36.40%,17.00%,21.90%,24.80%,0.00%,2932346,4707,C,79,39%,65%,51%,49%
632,4842720,42720,Three Way ISD,72901,72901,118155,66175,76392,212,1599160,1017662,118131,1397469,0,4132422,20158.16,38.70%,24.60%,2.90%,33.80%,0.00%,0,0,C,77,59%,82%,69%,81%
633,4820850,20850,Glen Rose ISD,213901,213901,185047,61637,97734,2119,13528274,6918892,9611038,13943648,6698521,50700373,21360.12,26.70%,13.60%,19.00%,27.50%,13.20%,43828250,20095,B,86,30%,50%,33%,40%
634,4815240,15240,Copperas Cove ISD,50910,50910,143964,60126,85255,7761,53273760,30417515,4041152,21940345,0,109672772,13779.72,48.60%,27.70%,3.70%,20.00%,0.00%,1859150,270,B,82,46%,59%,43%,56%
635,4838580,38580,Salado ISD,14908,14908,190857,59856,93135,2429,11820758,6735400,15819148,6447144,0,40822450,17400.87,29.00%,16.50%,38.80%,15.80%,0.00%,276674245,125761,B,82,36%,51%,46%,44%
636,4842330,42330,Temple ISD,14909,14909,282800,58597,104904,8764,55602041,31807238,69159378,26600380,0,183169037,20852.58,30.40%,17.40%,37.80%,14.50%,0.00%,464451916,57532,C,77,57%,64%,61%,66%
637,4807470,7470,Academy ISD,14901,14901,145000,59708,86550,1832,10435970,5588288,41450374,5558087,0,63032719,34747.92,16.60%,8.90%,65.80%,8.80%,0.00%,136218560,82757,B,82,35%,53%,43%,51%
638,4840620,40620,Snook ISD,26903,26903,138000,56525,82339,609,3751978,2611482,1361598,2381188,0,10106246,16676.97,37.10%,25.80%,13.50%,23.60%,0.00%,18713027,32153,B,84,51%,61%,55%,58%
639,4833030,33030,North Zulch ISD,154903,154903,120051,56245,85460,333,2773107,1522999,1069527,1782475,0,7148108,19966.78,38.80%,21.30%,15.00%,24.90%,0.00%,8515933,25195,A,95,38%,48%,46%,44%
640,4824240,24240,Iola ISD,93903,93903,128000,56614,86220,626,4251705,2063183,603850,3262287,0,10181025,16690.2,41.80%,20.30%,5.90%,32.00%,0.00%,9034400,14572,B,87,29%,43%,31%,52%
641,4832910,32910,Normangee ISD,145906,145906,130000,58873,83562,661,4770604,2437645,5908193,2321758,0,15438200,23787.67,30.90%,15.80%,38.30%,15.00%,0.00%,55748840,97463,B,82,48%,57%,41%,48%
642,4807350,7350,College Station ISD,21901,21901,285926,57519,102225,14314,88104444,46168495,65823852,49525829,28145,249650765,17375.93,35.30%,18.50%,26.40%,19.80%,0.00%,557061275,42861,B,83,38%,44%,32%,41%
643,4811250,11250,Bremond ISD,198901,198901,157121,57757,86380,485,3564349,1897248,998615,1682501,0,8142713,16156.18,43.80%,23.30%,12.30%,20.70%,0.00%,6216988,13034,B,82,38%,55%,54%,50%
644,4845330,45330,Westphalia ISD,73904,73904,105846,58399,73000,159,1075883,621216,95681,540258,0,2333038,14955.37,46.10%,26.60%,4.10%,23.20%,0.00%,186910,1230,A,90,20%,21%,56%,50%
645,4837710,37710,Rogers ISD,14907,14907,142000,59323,93891,893,5854490,3422443,1954942,2695080,0,13926955,15916.52,42.00%,24.60%,14.00%,19.40%,0.00%,15823386,19730,C,77,47%,59%,56%,49%
646,4824840,24840,Johnson City ISD,16901,16901,135000,59968,90388,707,5028230,3446321,13972174,2802814,1971927,27221466,35166.49,18.50%,12.70%,51.30%,10.30%,7.20%,107840614,180638,B,85,38%,50%,32%,45%
647,4839030,39030,San Saba ISD,206901,206901,118000,61791,74322,738,5336009,2643051,244433,2691193,0,10914686,14789.55,48.90%,24.20%,2.20%,24.70%,0.00%,2279030,3003,C,72,45%,62%,49%,64%
648,4827810,27810,Llano ISD,150901,150901,193723,58168,97766,1968,13015776,8713115,18404140,7690596,20571105,68394732,24625.97,19.00%,12.70%,26.90%,11.20%,30.10%,65602130,40173,B,82,49%,56%,52%,58%
649,4825660,25660,Killeen ISD,14906,14906,334750,67665,105782,42883,268355381,169505617,67199974,163935134,0,668996106,15251.6,40.10%,25.30%,10.00%,24.50%,0.00%,550874838,14579,C,74,52%,65%,52%,65%
650,4826640,26640,Lampasas ISD,141901,141901,224000,57943,101074,3640,21195419,15336239,3241102,12888891,0,52661651,14792.6,40.20%,29.10%,6.20%,24.50%,0.00%,24825703,7282,B,84,37%,53%,44%,51%
651,4829220,29220,Martins Mill ISD,234905,234905,127969,59969,89563,496,3268669,2032584,3445435,1985056,0,10731744,22127.31,30.50%,18.90%,32.10%,18.50%,0.00%,2190400,5689,C,70,43%,53%,37%,70%
652,4812750,12750,Canton ISD,234902,234902,200000,56812,91130,2309,13302003,4759691,11261616,5873897,0,35197207,14869.96,37.80%,13.50%,32.00%,16.70%,0.00%,103311834,46747,B,88,37%,42%,44%,54%
653,4821450,21450,Grand Saline ISD,234904,234904,186915,55119,88601,1211,7709112,4998900,1403545,4299308,0,18410865,15655.5,41.90%,27.20%,7.60%,23.40%,0.00%,2019624,2071,C,76,57%,58%,46%,64%
654,4807650,7650,Alba-Golden ISD,250906,250906,138900,59139,82195,818,6017371,2766049,761637,3499563,0,13044620,15641.03,46.10%,21.20%,5.80%,26.80%,0.00%,1412744,1959,B,88,42%,63%,51%,60%
655,4830930,30930,Mineola ISD,250903,250903,167500,54499,87288,1753,12730683,7162603,22914307,7738324,0,50545917,30412.71,25.20%,14.20%,45.30%,15.30%,0.00%,49913661,30343,B,87,40%,53%,34%,59%
656,4832610,32610,New Summerfield ISD,37908,37908,112320,59164,94136,526,4020627,2606013,559098,2171393,0,9357131,18311.41,43.00%,27.90%,6.00%,23.20%,0.00%,9323387,21835,A,94,45%,64%,41%,66%
657,4812870,12870,Carlisle ISD,201913,201913,130600,50791,88488,646,4789129,2443759,1123450,2997889,0,11354227,17768.74,42.20%,21.50%,9.90%,26.40%,0.00%,9834896,19134,B,89,57%,57%,56%,65%
658,4845150,45150,West Rusk County Cons ISD,201914,201914,151000,57437,104400,1029,6393639,4570009,1082126,3715282,0,15761056,15558.79,40.60%,29.00%,6.90%,23.60%,0.00%,0,0,C,78,43%,62%,56%,54%
659,4831760,31760,Mount Pleasant ISD,225902,225902,225000,54625,87897,5153,34854248,16240425,5992163,21776040,0,78862876,15307.24,44.20%,20.60%,7.60%,27.60%,0.00%,105134736,23168,B,88,43%,56%,49%,57%
660,4809060,9060,Avery ISD,194902,194902,108000,52108,76348,304,2611483,1629374,67364,1649010,0,5957231,18616.35,43.80%,27.40%,1.10%,27.70%,0.00%,183516,749,A,91,29%,44%,44%,32%
661,4816570,16570,DeKalb ISD,19901,19901,150000,56299,88570,898,5403811,2510523,1955023,4457293,0,14326650,15900.83,37.70%,17.50%,13.60%,31.10%,0.00%,332240,313,B,83,52%,55%,56%,53%
662,4816180,16180,Daingerfield-Lone Star ISD,172902,172902,110000,50432,80863,1026,7931596,5572178,2846858,6987043,0,23337675,22835.3,34.00%,23.90%,12.20%,29.90%,0.00%,6002228,6385,C,77,48%,76%,60%,70%
663,4810440,10440,Bloomburg ISD,34909,34909,131624,50972,72420,229,1859312,1116926,137774,1148025,0,4262037,17539.25,43.60%,26.20%,3.20%,26.90%,0.00%,91136,501,B,87,42%,73%,44%,53%
664,4840320,40320,Simms ISD,19909,19909,108500,50635,73667,480,3499179,1670593,437309,2100794,0,7707875,15263.12,45.40%,21.70%,5.70%,27.30%,0.00%,858525,1687,B,86,44%,51%,67%,57%
665,4829460,29460,Maud ISD,19903,19903,118450,59024,82506,450,3072101,1943516,1230356,2192510,0,8438483,18505.45,36.40%,23.00%,14.60%,26.00%,0.00%,12604486,35110,A,94,38%,44%,50%,42%
666,4832340,32340,New Boston ISD,19905,19905,150000,58172,91361,1108,10157940,4616171,3164155,5173782,0,23112048,20238.22,44.00%,20.00%,13.70%,22.40%,0.00%,32989777,34472,B,85,45%,61%,55%,58%
667,4836210,36210,Queen City ISD,34907,34907,97392,50156,83792,867,6638572,3965914,611377,5878971,0,17094834,18460.94,38.80%,23.20%,3.60%,34.40%,0.00%,981605,1404,B,82,43%,58%,44%,54%
668,4836750,36750,Redwater ISD,19906,19906,148691,54495,87949,1103,7562054,2831481,1047760,6879399,0,18320694,16520.01,41.30%,15.50%,5.70%,37.50%,0.00%,5299150,4929,B,83,34%,39%,59%,45%
669,4827540,27540,Linden-Kildare Cons ISD,34905,34905,140000,49990,80000,617,4637339,2950181,597841,4102943,0,12288304,18789.46,37.70%,24.00%,4.90%,33.40%,0.00%,257286,459,C,72,51%,66%,51%,57%
670,4824730,24730,Jefferson ISD,155901,155901,161361,53481,94002,1125,8267004,5531596,851043,4321643,0,18971286,17153.06,43.60%,29.20%,4.50%,22.80%,0.00%,4483575,4976,D,66,55%,73%,47%,62%
671,4809090,9090,Avinger ISD,34902,34902,89600,58430,70000,112,1077282,540697,0,921034,0,2539013,21700.97,42.40%,21.30%,0.00%,36.30%,0.00%,0,0,B,87,31%,51%,32%,68%
672,4823850,23850,Hughes Springs ISD,34903,34903,133314,54822,87799,1090,7933833,3790051,414915,4260313,0,16399112,14681.39,48.40%,23.10%,2.50%,26.00%,0.00%,1022720,1191,B,83,32%,52%,38%,36%
673,4829910,29910,McLeod ISD,34906,34906,97880,56729,69949,424,2865484,1147030,142522,1249717,0,5404753,12627.93,53.00%,21.20%,2.60%,23.10%,0.00%,0,0,B,81,41%,48%,67%,64%
674,4834800,34800,Pewitt Cons ISD,172905,172905,137000,52342,85782,853,5907065,3197755,4920527,2889930,0,16915277,20089.4,34.90%,18.90%,29.10%,17.10%,0.00%,29489725,37235,B,87,38%,50%,46%,53%
675,4808880,8880,Atlanta ISD,34901,34901,190000,50942,91718,1929,12289518,7797683,4314178,7658141,0,32059520,16645.65,38.30%,24.30%,13.50%,23.90%,0.00%,10589023,5902,B,84,38%,55%,42%,61%
676,4845630,45630,Whitesboro ISD,91909,91909,176200,58025,93897,1802,10347411,5711049,2465979,5359771,0,23884210,13471.07,43.30%,23.90%,10.30%,22.40%,0.00%,666030,379,C,74,46%,60%,55%,54%
677,4816710,16710,Denison ISD,91903,91903,219980,58958,98426,4977,30052351,18739944,26518109,16294441,0,91604845,18543.49,32.80%,20.50%,28.90%,17.80%,0.00%,314915816,67304,C,78,49%,59%,53%,60%
678,4835580,35580,Pottsboro ISD,91913,91913,176284,62214,92066,1453,8540110,4429684,37921853,4106382,0,54998029,38166.57,15.50%,8.10%,69.00%,7.50%,0.00%,106835022,87284,B,88,38%,53%,36%,50%
679,4810800,10800,Bonham ISD,74903,74903,140000,53795,91300,2029,11330124,6591873,9077742,6211447,0,33211186,16824.31,34.10%,19.80%,27.30%,18.70%,0.00%,147155488,80106,C,73,52%,66%,63%,61%
680,4818030,18030,Ector ISD,74905,74905,104000,55883,75000,234,1659589,985927,519334,1213462,0,4378312,17374.25,37.90%,22.50%,11.90%,27.70%,0.00%,958888,3805,D,68,62%,69%,82%,79%
681,4839450,39450,Savoy ISD,74911,74911,108000,52783,86051,305,2151324,1470483,485249,1368727,0,5475783,18131.73,39.30%,26.90%,8.90%,25.00%,0.00%,0,0,C,78,36%,57%,43%,41%
682,4809780,9780,Bells ISD,91901,91901,153000,59628,99478,1007,6359480,3193539,7463148,3073270,0,20089437,20374.68,31.70%,15.90%,37.10%,15.30%,0.00%,68908585,68091,B,89,31%,34%,41%,29%
683,4809570,9570,Bastrop ISD,11901,11901,300506,60127,112575,13370,74371996,36278950,81402687,43160308,0,235213941,18079.47,31.60%,15.40%,34.60%,18.30%,0.00%,813244713,62901,C,71,65%,75%,64%,71%
684,4816620,16620,Del Valle ISD,227910,227910,227897,65858,99720,11715,81267107,53194982,123002467,29372841,0,286837397,25413.08,28.30%,18.50%,42.90%,10.20%,0.00%,918946900,90465,D,68,69%,77%,66%,81%
685,4800010,10,Hays Cons ISD,105906,105906,364000,64959,115891,24330,143324388,85024142,246778440,49753176,0,524880146,22514.48,27.30%,16.20%,47.00%,9.50%,0.00%,1372668809,57257,B,80,41%,55%,47%,54%
686,4800008,8,Dripping Springs ISD,105904,105904,262444,60325,109866,8712,48502658,28958446,60105916,20859945,8823666,167250631,18555.51,29.00%,17.30%,35.90%,12.50%,5.30%,517972723,63821,B,89,22%,38%,34%,33%
687,4812990,12990,Carrizo Springs Cons ISD,64903,64903,153000,61320,93044,1852,13454660,12029986,4422404,8497983,42469155,80874188,20054.85,16.60%,14.90%,5.50%,10.50%,52.50%,189663288,120651,D,69,58%,69%,59%,70%
688,4844810,44810,Webb Cons ISD,240904,240904,135000,67723,104000,240,3218230,2747748,3768670,2894121,0,12628769,49331.13,25.50%,21.80%,29.80%,22.90%,0.00%,27811381,104554,D,66,52%,68%,52%,62%
689,4899130,99130,Benavides ISD,66901,66901,142900,58800,82500,148,2252286,1308528,621254,4360908,0,8542976,19197.7,26.40%,15.30%,7.30%,51.00%,0.00%,3725015,21286,B,82,57%,72%,83%,65%
690,4829940,29940,McMullen County ISD,162904,162904,156000,63203,?,280,3152005,2317318,4728412,2073202,23953794,36224731,45280.21,8.70%,6.40%,13.10%,5.70%,66.10%,7307732,30834,A,96,22%,21%,37%,13%
691,4817730,17730,Eagle Pass ISD,159901,159901,307484,66889,114144,13820,79182044,61575561,12125824,38522606,0,191406035,13801,41.40%,32.20%,6.30%,20.10%,0.00%,75365071,6149,B,81,53%,59%,50%,56%
692,4815400,15400,Cotulla ISD,142901,142901,145600,51516,105677,1157,12580936,8208899,14496976,6869610,39296512,81452933,36882.26,15.40%,10.10%,17.80%,8.40%,48.20%,90649375,90198,C,78,55%,65%,68%,69%
693,4819820,19820,Freer ISD,66903,66903,132205,56902,63965,709,5082841,3019583,645333,3791937,0,12539694,17761.61,40.50%,24.10%,5.10%,30.20%,0.00%,28633351,47094,C,75,58%,69%,67%,73%
694,4826790,26790,Laredo ISD,240901,240901,275000,59985,92357,20271,141232491,92342543,76160453,67789388,0,377524875,18333.57,37.40%,24.50%,20.20%,18.00%,0.00%,309019231,18034,B,88,49%,54%,59%,58%
695,4843650,43650,United ISD,240903,240903,289965,60842,103961,40742,252239430,168330158,81746390,115445028,0,617761006,14993.11,40.80%,27.20%,13.20%,18.70%,0.00%,635506047,17096,A,90,39%,47%,46%,52%
696,4826430,26430,Lake Dallas ISD,61912,61912,309427,65680,102558,3717,22528436,13221173,24362086,11102616,0,71214311,18686.52,31.60%,18.60%,34.20%,15.60%,0.00%,277738894,86631,C,79,45%,62%,44%,55%
697,4825980,25980,Krum ISD,61905,61905,210125,62296,100284,2542,12619672,8927871,19964362,7198216,0,48710121,19617.45,25.90%,18.30%,41.00%,14.80%,0.00%,233662190,84538,C,76,43%,61%,50%,52%
698,4839180,39180,Sanger ISD,61908,61908,218160,68415,102841,2880,21152546,12393142,72605991,10716327,0,116868006,41590.04,18.10%,10.60%,62.10%,9.20%,0.00%,259616938,98639,B,82,39%,55%,42%,58%
699,4812510,12510,Callisburg ISD,49905,49905,157487,58263,93804,1151,6890195,4060760,1366378,4288980,0,16606313,13943.17,41.50%,24.50%,8.20%,25.80%,0.00%,15978368,14836,C,75,51%,57%,59%,53%
700,4843860,43860,Valley View ISD (Cooke),49903,49903,145000,56236,104123,851,7016707,5248232,1682394,4220274,0,18167607,19535.06,38.60%,28.90%,9.30%,23.20%,0.00%,13514691,17086,C,70,60%,75%,58%,72%
701,4819770,19770,Frankston ISD,1904,1904,137235,61050,81249,811,5840297,3237368,821085,4382864,0,14281614,17807.5,40.90%,22.70%,5.70%,30.70%,0.00%,13942725,18322,B,87,36%,47%,33%,53%
702,4824590,24590,Jacksonville ISD,37904,37904,218588,54979,91272,4700,29811496,18347164,6958494,13308481,0,68425635,14155.08,43.60%,26.80%,10.20%,19.40%,0.00%,86113935,20064,C,73,60%,73%,58%,77%
703,4832790,32790,Nocona ISD,169902,169902,161700,60936,96893,785,7064359,3836333,469099,3223689,0,14593480,19406.22,48.40%,26.30%,3.20%,22.10%,0.00%,33725635,57065,C,79,47%,58%,61%,40%
704,4835730,35730,Prairie Valley ISD,169909,169909,103750,64328,78988,135,1220968,513706,83469,750187,0,2568330,20223.07,47.50%,20.00%,3.20%,29.20%,0.00%,0,0,B,86,36%,53%,35%,52%
705,4812120,12120,Burkburnett ISD,243901,243901,207753,54762,93192,3213,19931608,11522681,6721259,12799140,0,50974688,15602.9,39.10%,22.60%,13.20%,25.10%,0.00%,43507685,14659,B,80,50%,61%,59%,58%
706,4843230,43230,Troup ISD,212904,212904,169773,58458,91771,1063,6996546,4265357,488500,4209579,0,15959982,14846.49,43.80%,26.70%,3.10%,26.40%,0.00%,5433763,5862,C,78,36%,57%,43%,47%
707,4811640,11640,Brownsboro ISD,107902,107902,194951,53956,85869,2560,15013135,9010701,15076990,7458243,0,46559069,17962.6,32.20%,19.40%,32.40%,16.00%,0.00%,51913361,22829,B,80,43%,50%,52%,52%
708,4812060,12060,Bullard ISD,212902,212902,193600,51920,94620,2921,16012072,11138178,47558943,8480434,0,83189627,28567.87,19.20%,13.40%,57.20%,10.20%,0.00%,263299468,96306,B,88,30%,40%,42%,45%
709,4843920,43920,Van ISD,234906,234906,229524,57435,92249,2358,12875538,9587668,3234218,7136450,0,32833874,13965.92,39.20%,29.20%,9.90%,21.70%,0.00%,44301781,22063,C,79,44%,52%,43%,53%
710,4822770,22770,Hawkins ISD,250902,250902,131236,52859,83600,811,5159608,3407021,6104297,3815542,0,18486468,23341.5,27.90%,18.40%,33.00%,20.60%,0.00%,28482081,37280,C,78,44%,54%,47%,42%
711,4827510,27510,Lindale ISD,212903,212903,281943,58087,91912,4606,28341636,15626439,6944484,11255504,0,62168063,13657.31,45.60%,25.10%,11.20%,18.10%,0.00%,88595653,19727,A,92,27%,27%,36%,40%
712,4843530,43530,Union Grove ISD,230908,230908,130000,51111,113079,720,4550741,2403788,1176108,3616264,0,11746901,15938.81,38.70%,20.50%,10.00%,30.80%,0.00%,13989025,22100,B,89,38%,46%,57%,54%
713,4822560,22560,Harmony ISD,230905,230905,134394,52840,89400,895,6630622,3706008,487209,3184860,0,14008699,14280.02,47.30%,26.50%,3.50%,22.70%,0.00%,15966023,19471,B,86,29%,52%,40%,50%
714,4820700,20700,Gilmer ISD,230902,230902,226472,52472,99677,2946,17868834,12568662,13600609,7877405,0,51915510,17761.04,34.40%,24.20%,26.20%,15.20%,0.00%,54362888,19015,B,89,43%,49%,52%,56%
715,4810140,10140,Big Sandy ISD (Upshur),230901,230901,130000,51311,61750,649,4506592,2635373,925275,2592216,0,10659456,15838.72,42.30%,24.70%,8.70%,24.30%,0.00%,7672034,12787,C,72,49%,67%,62%,66%
716,4845480,45480,White Oak ISD,92908,92908,116000,56530,79160,1428,8982245,4922671,2337841,4212778,0,20455535,14456.21,43.90%,24.10%,11.40%,20.60%,0.00%,19856480,16196,A,91,35%,49%,40%,48%
717,4813650,13650,Chapel Hill ISD (Smith),212909,212909,242401,55194,87429,3072,20064567,13413343,28407203,9712992,0,71598105,21895.44,28.00%,18.70%,39.70%,13.60%,0.00%,181695522,65903,B,82,54%,62%,52%,71%
718,4838460,38460,Sabine ISD,92906,92906,132397,55451,115793,1583,9314537,5609825,1998947,5736428,0,22659737,14341.61,41.10%,24.80%,8.80%,25.30%,0.00%,21628906,15146,C,74,44%,57%,40%,63%
719,4833870,33870,Overton ISD,201908,201908,117700,61891,95434,523,3959953,2272934,959842,2484035,0,9676764,18121.28,40.90%,23.50%,9.90%,25.70%,0.00%,7961320,17307,C,74,47%,71%,67%,68%
720,4808730,8730,Arp ISD,212901,212901,131159,55033,82938,1008,6682801,3542170,2251201,3708364,0,16184536,16152.23,41.30%,21.90%,13.90%,22.90%,0.00%,19455267,20741,C,77,48%,72%,52%,58%
721,4845600,45600,Whitehouse ISD,212906,212906,247203,58774,94743,4676,27787244,17237934,7815076,14796736,0,67636990,14015.12,41.10%,25.50%,11.60%,21.90%,0.00%,143283200,36119,A,90,31%,32%,45%,41%
722,4846230,46230,Winona ISD,212910,212910,141000,58116,86185,1166,8904325,5520183,10795418,4317138,0,29537064,25617.58,30.10%,18.70%,36.50%,14.60%,0.00%,50182534,43112,C,79,52%,76%,65%,63%
723,4843470,43470,Tyler ISD,212905,212905,343575,59467,104220,18708,112067152,67777108,76716585,49897476,0,306458321,16742.7,36.60%,22.10%,25.00%,16.30%,0.00%,579122030,35748,B,81,49%,60%,50%,63%
724,4820760,20760,Gladewater ISD,92901,92901,163673,64013,99955,1636,10626756,7505638,1025028,6018783,0,25176205,14740.17,42.20%,29.80%,4.10%,23.90%,0.00%,35301443,25452,C,74,55%,70%,61%,66%
725,4845780,45780,Wichita Falls ISD,243905,243905,275742,58039,89453,12644,75444746,32427526,140080038,43186977,0,291139287,22625.06,25.90%,11.10%,48.10%,14.80%,0.00%,419724789,41561,D,68,57%,64%,57%,64%
726,4808610,8610,Archer City ISD,5901,5901,120171,55281,97500,484,3741136,2131982,1120763,2046383,0,9040264,18044.44,41.40%,23.60%,12.40%,22.60%,0.00%,17613600,33938,A,94,26%,43%,48%,37%
727,4834710,34710,Petrolia Cons ISD,39903,39903,118000,55935,85139,510,3359940,1775810,394132,2919756,0,8449638,17751.34,39.80%,21.00%,4.70%,34.60%,0.00%,2094405,4940,B,80,52%,66%,39%,55%
728,4840080,40080,Sherman ISD,91906,91906,219292,64399,106397,7788,58036803,32831692,44650466,25458672,0,160977633,20525.01,36.10%,20.40%,27.70%,15.80%,0.00%,710033635,99472,C,73,57%,69%,57%,64%
729,4842930,42930,Tom Bean ISD,91918,91918,140000,58477,89500,741,4320082,2660311,2483056,2272270,0,11735719,17944.52,36.80%,22.70%,21.20%,19.40%,0.00%,12715255,20542,C,76,46%,61%,53%,49%
730,4800001,1,Crosbyton Cons ISD,54901,54901,129359,47673,81150,316,2382335,1341389,614016,2147621,0,6485361,20330.29,36.70%,20.70%,9.50%,33.10%,0.00%,8761981,26312,C,79,67%,81%,76%,67%
731,4835490,35490,Post ISD,85902,85902,151000,54759,91229,686,4019043,3417651,2576026,2848697,0,12861417,18243.14,31.20%,26.60%,20.00%,22.10%,0.00%,39793150,81711,D,64,69%,75%,74%,71%
732,4828230,28230,Lorenzo ISD,54902,54902,110000,50565,62380,207,2398924,1837981,3799,1595467,0,5836171,27144.98,41.10%,31.50%,0.10%,27.30%,0.00%,0,0,B,82,62%,73%,65%,79%
733,4836390,36390,Ralls ISD,54903,54903,133759,54185,75046,370,3185571,1755859,48196,2526262,0,7515888,17042.83,42.40%,23.40%,0.60%,33.60%,0.00%,0,0,D,65,76%,86%,85%,73%
734,4834680,34680,Petersburg ISD,95904,95904,116000,54348,82349,243,2349829,1293792,2547665,1415161,0,7606447,27760.76,30.90%,17.00%,33.50%,18.60%,0.00%,20597743,89946,B,86,55%,64%,67%,63%
735,4840440,40440,Slaton ISD,152903,152903,186684,58529,91112,1271,10291528,7589503,1303979,5483269,0,24668279,19782.1,41.70%,30.80%,5.30%,22.20%,0.00%,12390544,11004,C,72,53%,68%,64%,61%
736,4819440,19440,Floydada Collegiate ISD,77901,77901,171446,46878,98932,671,4578091,3585332,2753300,3730472,0,14647195,21508.36,31.30%,24.50%,18.80%,25.50%,0.00%,38901725,61651,B,85,55%,53%,75%,62%
737,4840890,40890,Southland ISD,85903,85903,110174,45890,77102,132,948470,887986,13482,1378570,0,3228508,25421.32,29.40%,27.50%,0.40%,42.70%,0.00%,0,0,D,66,60%,67%,50%,74%
738,4824120,24120,Idalou ISD,152910,152910,164260,54396,94283,995,6128226,2962295,1132340,4072024,0,14294885,14646.4,42.90%,20.70%,7.90%,28.50%,0.00%,12106900,13758,A,92,33%,40%,32%,45%
739,4837800,37800,Roosevelt ISD,152908,152908,167786,49626,94468,1138,7916681,4185870,4384520,4944196,0,21431267,19100.95,36.90%,19.50%,20.50%,23.10%,0.00%,7364900,8266,B,81,52%,61%,43%,58%
740,4820970,20970,Gold-Burg ISD,169906,169906,97750,53900,76250,148,1175822,673519,0,1005546,0,2854887,18418.63,41.20%,23.60%,0.00%,35.20%,0.00%,0,0,C,72,59%,79%,74%,66%
741,4819530,19530,Forestburg ISD,169910,169910,101625,53927,80500,180,1427863,562095,31441,1369748,0,3391147,18430.15,42.10%,16.60%,0.90%,40.40%,0.00%,0,0,C,73,47%,71%,62%,74%
742,4831200,31200,Montague ISD,169908,169908,111077,63370,99940,163,1163481,529895,121995,874472,0,2689843,17024.32,43.30%,19.70%,4.50%,32.50%,0.00%,0,0,B,83,39%,34%,37%,68%
743,4808100,8100,Alvord ISD,249901,249901,149769,56500,93286,844,5559937,3161249,1238442,4156214,0,14115842,16606.87,39.40%,22.40%,8.80%,29.40%,0.00%,6725369,7848,B,85,43%,47%,55%,47%
744,4813800,13800,Chico ISD,249904,249904,136400,66033,98495,572,3611827,2406978,3604398,2163031,551445,12337679,21122.28,29.30%,19.50%,29.20%,17.50%,4.50%,32505384,61331,C,75,53%,62%,80%,52%
745,4830660,30660,Midway ISD (Clay),39905,39905,96906,56076,79502,137,1437801,636128,626737,895203,0,3595869,26247.22,40.00%,17.70%,17.40%,24.90%,0.00%,2762600,17159,B,89,41%,76%,56%,50%
746,4809750,9750,Bellevue ISD,39904,39904,90825,49093,90000,234,1473529,702691,958054,1375878,0,4510152,24917.97,32.70%,15.60%,21.20%,30.50%,0.00%,5328118,26774,B,87,36%,48%,44%,33%
747,4846080,46080,Windthorst ISD,5904,5904,120000,57395,75500,506,3537942,1758444,166450,2343212,0,7806048,15128,45.30%,22.50%,2.10%,30.00%,0.00%,1202660,2870,A,92,23%,32%,39%,35%
748,4810990,10990,Bowie ISD,169901,169901,147536,58832,87432,1503,8831395,5141279,2245209,4403451,0,20621334,13159.75,42.80%,24.90%,10.90%,21.40%,0.00%,22795167,18639,C,79,47%,58%,33%,54%
749,4824530,24530,Jacksboro ISD,119902,119902,164900,64047,94693,1022,7066123,3924707,12263515,5914673,0,29169018,26958.43,24.20%,13.50%,42.00%,20.30%,0.00%,91919694,89503,B,82,52%,58%,37%,56%
750,4822980,22980,Henrietta ISD,39902,39902,162334,52935,84664,886,7044807,4426926,2565119,4218584,0,18255436,19135.68,38.60%,24.20%,14.10%,23.10%,0.00%,3696850,4820,C,79,42%,59%,36%,50%
751,4827210,27210,Leonard ISD,74909,74909,144840,60506,85426,815,6370376,3888954,13678784,3255853,0,27193967,33407.82,23.40%,14.30%,50.30%,12.00%,0.00%,67706075,88737,B,85,42%,63%,60%,53%
752,4845670,45670,Whitewright ISD,91910,91910,165186,55602,94659,801,5015013,2850112,3231823,3255333,0,14352281,18075.92,34.90%,19.90%,22.50%,22.70%,0.00%,26762525,40244,B,81,41%,49%,30%,49%
753,4843140,43140,Trenton ISD,74912,74912,140000,57329,85307,712,3849292,2315371,17087291,2597834,0,25849788,36928.27,14.90%,9.00%,66.10%,10.00%,0.00%,94733076,141816,C,78,47%,65%,39%,64%
754,4813260,13260,Celeste ISD,116902,116902,130000,55739,84565,489,3800586,2039021,585607,2082969,0,8508183,16236.99,44.70%,24.00%,6.90%,24.50%,0.00%,6445550,14012,B,83,42%,59%,41%,55%
755,4809360,9360,Bandera ISD,10902,10902,159650,60010,90777,2218,13215556,8101522,4572403,7307328,0,33196809,14198.81,39.80%,24.40%,13.80%,22.00%,0.00%,11554225,5806,C,73,51%,63%,59%,60%
756,4830060,30060,Medina Valley ISD,163908,163908,250000,66303,106339,9638,48802907,27911837,157874760,22447792,0,257037296,29544.52,19.00%,10.90%,61.40%,8.70%,0.00%,970063989,91680,B,80,37%,53%,40%,44%
757,4828650,28650,Lytle ISD,7904,7904,165000,60429,96782,1825,10470480,8066567,2176527,5905426,0,26619000,14617.79,39.30%,30.30%,8.20%,22.20%,0.00%,27382580,16426,C,72,61%,80%,65%,73%
758,4844250,44250,Vysehrad ISD,143904,143904,98000,52110,98000,74,791461,328216,7760,462420,0,1589857,18066.56,49.80%,20.60%,0.50%,29.10%,0.00%,0,0,B,85,38%,33%,80%,73%
759,4842000,42000,Sweet Home ISD,143905,143905,90000,54781,90000,155,881400,329091,13050,556866,0,1780407,12029.78,49.50%,18.50%,0.70%,31.30%,0.00%,0,0,B,86,44%,39%,17%,52%
760,4822120,22120,Hallettsville ISD,143901,143901,149900,58818,87333,1176,7171502,4603927,5335522,5336722,0,22447673,19218.9,31.90%,20.50%,23.80%,23.80%,0.00%,39467712,38244,B,83,41%,44%,38%,46%
761,4815960,15960,Cuero ISD,62901,62901,181280,56669,83000,1888,12811034,7838167,6540014,8798924,0,35988139,18891.41,35.60%,21.80%,18.20%,24.40%,0.00%,51681000,33086,C,79,50%,57%,50%,53%
762,4846620,46620,Yoakum ISD,62903,62903,140500,49524,87940,1458,12283080,8535602,13712571,6008207,0,40539460,27062.39,30.30%,21.10%,33.80%,14.80%,0.00%,83183825,64235,C,78,50%,53%,42%,59%
763,4832740,32740,Nixon-Smiley Cons ISD,89903,89903,150666,59711,82546,1016,9030333,4475993,11210081,4293291,335285,29344983,28694.06,30.80%,15.30%,38.20%,14.60%,1.10%,43001582,53819,B,81,45%,64%,48%,62%
764,4840110,40110,Shiner ISD,143903,143903,132000,60002,93329,721,4162626,2005484,2369213,2060199,937187,11534709,14780.37,36.10%,17.40%,20.50%,17.90%,8.10%,9961497,15737,A,93,28%,32%,35%,32%
765,4828590,28590,Luling ISD,28903,28903,198600,57047,96561,1443,7964893,5049785,2114058,4016646,0,19145382,13425.93,41.60%,26.40%,11.00%,21.00%,0.00%,41518777,31477,C,79,56%,64%,73%,66%
766,4844310,44310,Waelder ISD,89905,89905,107151,51797,79187,302,2386029,1318918,2341145,1424577,0,7470669,25153.77,31.90%,17.70%,31.30%,19.10%,0.00%,9858262,37342,B,80,74%,87%,75%,79%
767,4819280,19280,Flatonia ISD,75901,75901,115731,57440,83654,676,4751031,2603282,3202795,2828378,0,13385486,20311.81,35.50%,19.40%,23.90%,21.10%,0.00%,26382830,40652,A,95,28%,27%,35%,33%
768,4840550,40550,Smithville ISD,11904,11904,155220,56825,86734,1849,10321406,6642065,2699062,8388183,0,28050716,15294.83,36.80%,23.70%,9.60%,29.90%,0.00%,50740050,33714,C,75,52%,64%,57%,62%
769,4821060,21060,Gonzales ISD,89901,89901,154911,57352,94588,2557,15978370,11668738,6891196,10109041,0,44647345,17570.78,35.80%,26.10%,15.40%,22.60%,0.00%,107792446,50441,C,76,54%,66%,63%,67%
770,4831560,31560,Moulton ISD,143902,143902,118584,58250,85000,293,2235549,1559641,2061479,1668245,2824177,10349091,25682.3,21.60%,15.10%,19.90%,16.10%,27.30%,16184550,71298,B,85,33%,39%,30%,62%
771,4827870,27870,Lockhart ISD,28902,28902,269273,59500,99297,6753,38264599,17509887,26362197,23306719,0,105443402,15966.6,36.30%,16.60%,25.00%,22.10%,0.00%,186515612,29262,D,69,61%,66%,66%,68%
772,4837900,37900,Rosebud-Lott ISD,73905,73905,166850,57950,85233,790,5007616,3177048,2070045,2939556,0,13194265,17452.73,38.00%,24.10%,15.70%,22.30%,0.00%,19885690,32282,B,86,46%,52%,47%,53%
773,4807380,7380,Abbott ISD,109901,109901,120778,55420,90768,284,1927983,852130,11777773,1607174,0,16165060,56919.23,11.90%,5.30%,72.90%,9.90%,0.00%,19485245,82916,B,83,31%,50%,38%,45%
774,4834560,34560,Penelope ISD,109914,109914,140000,54159,79299,216,1415134,926460,445361,1371827,0,4158782,19616.9,34.00%,22.30%,10.70%,33.00%,0.00%,0,0,A,92,55%,73%,33%,51%
775,4820610,20610,Gholson ISD,161925,161925,111797,50206,89162,265,1558066,963469,95776,1301051,0,3918362,14512.45,39.80%,24.60%,2.40%,33.20%,0.00%,0,0,B,87,45%,74%,59%,59%
776,4821810,21810,Groesbeck ISD,147902,147902,150000,53721,75079,1495,8773348,6126546,3674987,5047192,0,23622073,15309.19,37.10%,25.90%,15.60%,21.40%,0.00%,4117687,3119,D,69,51%,67%,62%,62%
777,4833420,33420,Oglesby ISD,50904,50904,129677,52978,84170,237,1589171,851069,501289,1256809,0,4198338,20580.09,37.90%,20.30%,11.90%,29.90%,0.00%,1149110,5085,B,83,47%,78%,95%,71%
778,4809860,9860,Belton ISD,14903,14903,262640,59955,100146,13697,81822707,54548319,120395794,38299903,0,295066723,21369.26,27.70%,18.50%,40.80%,13.00%,0.00%,585286404,45410,B,80,45%,60%,49%,54%
779,4843260,43260,Troy ISD,14910,14910,160000,57116,93920,1732,9875611,4826494,2176990,5289599,0,22168694,12994.55,44.50%,21.80%,9.80%,23.90%,0.00%,38116375,23587,B,82,45%,54%,54%,44%
780,4809150,9150,Axtell ISD,161918,161918,161262,53753,89469,834,6120478,3986539,1065830,3327464,0,14500311,17160.13,42.20%,27.50%,7.40%,22.90%,0.00%,3430761,4251,B,85,30%,55%,60%,47%
781,4831620,31620,Mount Calm ISD,109910,109910,115000,62377,89100,168,1651961,963616,5880672,1158646,0,9654895,60722.61,17.10%,10.00%,60.90%,12.00%,0.00%,14369367,114955,C,78,50%,65%,44%,71%
782,4815120,15120,Coolidge ISD,147901,147901,146494,58204,89877,287,2159636,1158939,5701993,1579693,0,10600261,35933.09,20.40%,10.90%,53.80%,14.90%,0.00%,10863446,39218,B,89,47%,52%,49%,42%
783,4845040,45040,West ISD,161916,161916,141750,57536,92994,1300,8421720,5902864,5503983,5819093,0,25647660,20518.13,32.80%,23.00%,21.50%,22.70%,0.00%,28666776,25641,A,91,30%,36%,43%,45%
784,4829190,29190,Mart ISD,161908,161908,138240,60271,101379,605,4358222,2195749,6594406,2172571,0,15320948,25282.09,28.40%,14.30%,43.00%,14.20%,0.00%,43778658,79309,B,86,45%,62%,48%,69%
785,4822140,22140,Hallsburg ISD,161924,161924,111240,59400,111240,131,1084728,402760,150338,644589,0,2282415,15740.79,47.50%,17.60%,6.60%,28.20%,0.00%,2522124,21374,D,69,61%,72%,.,94%
786,4810910,10910,Bosqueville ISD,161923,161923,135960,56962,86478,729,4892328,2401834,6474390,3096603,0,16865155,23326.63,29.00%,14.20%,38.40%,18.40%,0.00%,39418018,58053,B,80,35%,50%,52%,63%
787,4814970,14970,Connally ISD,161921,161921,186000,56912,87542,2269,16104277,8365405,3967410,11825699,0,40262791,17589.69,40.00%,20.80%,9.90%,29.40%,0.00%,7590350,3632,D,63,70%,84%,71%,83%
788,4826280,26280,La Vega ISD,161906,161906,320438,59989,83144,3093,20010592,12727283,5167731,12283053,0,50188659,16086.11,39.90%,25.40%,10.30%,24.50%,0.00%,38794391,14299,D,69,61%,75%,65%,75%
789,4811730,11730,Bruceville-Eddy ISD,161919,161919,125250,52829,85982,565,4484815,2773521,3359505,2892812,0,13510653,23055.72,33.20%,20.50%,24.90%,21.40%,0.00%,5445300,9470,C,72,60%,72%,71%,61%
790,4837110,37110,Riesel ISD,161912,161912,141120,53567,85527,689,3682929,2152059,4221138,2676719,0,12732845,19528.9,28.90%,16.90%,33.20%,21.00%,0.00%,28745019,51793,A,90,30%,47%,45%,43%
791,4829130,29130,Marlin ISD,73903,73903,258500,58708,93790,843,5798981,6004902,12763544,4297899,0,28865326,31966.03,20.10%,20.80%,44.20%,14.90%,0.00%,47953988,64454,C,73,77%,74%,75%,88%
792,4813920,13920,Chilton ISD,73901,73901,139606,53846,98489,566,4056264,2699851,9899157,2104977,0,18760249,32797.64,21.60%,14.40%,52.80%,11.20%,0.00%,23236392,46288,B,86,44%,70%,59%,70%
793,4810350,10350,Bland ISD,116915,116915,137920,57672,99677,777,5050671,2924948,1181470,3367078,0,12524167,15773.51,40.30%,23.40%,9.40%,26.90%,0.00%,17490418,23992,B,89,40%,49%,29%,41%
794,4842630,42630,Thorndale ISD,166905,166905,131580,60986,90368,637,4291894,2550436,114046,2090637,0,9047013,15128.78,47.40%,28.20%,1.30%,23.10%,0.00%,326540,642,B,81,44%,56%,45%,45%
795,4827330,27330,Lexington ISD,144902,144902,145000,57974,86093,1052,6833423,3670797,1296647,4589113,0,16389980,15375.22,41.70%,22.40%,7.90%,28.00%,0.00%,10014848,11741,B,82,42%,50%,42%,51%
796,4842660,42660,Thrall ISD,246912,246912,164324,59121,93671,873,5614030,4114908,21484158,3251677,0,34464773,40451.61,16.30%,11.90%,62.30%,9.40%,0.00%,94095042,100208,A,92,26%,32%,29%,42%
797,4834830,34830,Pflugerville ISD,227904,227904,345225,62620,110490,25477,171079257,85790148,88026029,114429874,8002828,467328136,18157.3,36.60%,18.40%,18.80%,24.50%,1.70%,1123590761,50950,C,79,45%,60%,48%,56%
798,4828890,28890,Manor ISD,227907,227907,250000,61398,107142,9961,55495452,43535332,110398027,42430275,0,251859086,26077.77,22.00%,17.30%,43.80%,16.80%,0.00%,740177878,78004,D,60,68%,81%,66%,82%
799,4818360,18360,Elgin ISD,11902,11902,201572,59740,95425,5959,28345469,25235807,105224801,17550394,0,176356471,30858.53,16.10%,14.30%,59.70%,10.00%,0.00%,580446597,101423,D,66,67%,81%,70%,80%
800,4815420,15420,Coupland ISD,246914,246914,117000,55093,94441,323,2482493,1111577,3248567,1165845,0,8008482,27055.68,31.00%,13.90%,40.60%,14.60%,0.00%,47570600,158042,B,88,59%,60%,90%,81%
801,4823670,23670,Howe ISD,91905,91905,174000,61584,102798,1265,8124401,4478528,2361676,4066226,0,19030831,14844.64,42.70%,23.50%,12.40%,21.40%,0.00%,27858100,23892,B,80,39%,55%,38%,35%
802,4842870,42870,Tioga ISD,91907,91907,136800,61096,92459,664,3911142,2125870,2186299,1916700,5000,10145011,14738.39,38.60%,21.00%,21.60%,18.90%,0.00%,49224726,84145,B,87,43%,57%,50%,60%
803,4814580,14580,Collinsville ISD,91902,91902,131500,59247,96220,600,3647712,2384343,1578667,2091065,0,9701787,16902.07,37.60%,24.60%,16.30%,21.60%,0.00%,39048693,60918,B,82,52%,59%,64%,69%
804,4838400,38400,S and S Cons ISD,91914,91914,144462,62530,90477,944,6562186,3741565,1984347,3024538,0,15312636,16034.17,42.90%,24.40%,13.00%,19.80%,0.00%,36492418,41897,C,78,48%,67%,46%,41%
805,4812700,12700,Canadian ISD,106901,106901,170000,59035,97053,758,6149800,3712711,4224218,7378064,350831,21815624,26999.74,28.20%,17.00%,19.40%,33.80%,1.60%,21666846,32829,B,89,30%,43%,32%,45%
806,4819500,19500,Follett ISD,148902,148902,107100,49300,88870,182,1236271,735992,245799,1028192,0,3246254,18764.47,38.10%,22.70%,7.60%,31.70%,0.00%,657800,5021,C,72,56%,70%,58%,67%
807,4810830,10830,Booker ISD,148901,148901,130000,54511,92500,343,2671103,1776740,2495562,2214669,0,9158074,27584.56,29.20%,19.40%,27.20%,24.20%,0.00%,6186317,23794,B,84,22%,34%,31%,57%
808,4811400,11400,Fort Elliott Cons ISD,242906,242906,100000,48890,85000,141,1216142,1096648,478711,2016022,5310696,10118219,30427.36,12.00%,10.80%,4.70%,19.90%,52.50%,1849250,11558,B,84,36%,56%,71%,65%
809,4845180,45180,West Sabine ISD,202905,202905,141440,58832,91299,638,4291515,3076426,2803977,2932004,0,13103922,21203.76,32.70%,23.50%,21.40%,22.40%,0.00%,10287664,21300,C,73,60%,75%,58%,58%
810,4838760,38760,San Augustine ISD,203901,203901,142500,61844,92928,597,4864639,3810274,4439558,3674790,0,16789261,26992.38,29.00%,22.70%,26.40%,21.90%,0.00%,47487185,111735,C,73,68%,78%,79%,82%
811,4811520,11520,Brookeland ISD,121902,121902,104500,53542,?,381,3039694,1435081,37226,1958233,0,6470234,17439.98,47.00%,22.20%,0.60%,30.30%,0.00%,0,0,B,87,33%,57%,58%,54%
812,4846320,46320,Woden ISD,174906,174906,147800,54099,85349,885,6039260,2631699,1455682,3808550,0,13935191,16279.43,43.30%,18.90%,10.40%,27.30%,0.00%,10103050,12597,B,87,42%,56%,30%,62%
813,4811430,11430,Broaddus ISD,203902,203902,155000,59207,94792,377,2655660,1744798,4130077,1685501,0,10216036,26127.97,26.00%,17.10%,40.40%,16.50%,0.00%,28414065,89352,A,96,31%,46%,34%,37%
814,4828550,28550,Lufkin ISD,3903,3903,237895,55691,89880,6865,41007580,31488356,15476454,22194263,0,110166653,15635.35,37.20%,28.60%,14.00%,20.10%,0.00%,123508589,21771,B,80,55%,65%,52%,63%
815,4824000,24000,Huntington ISD,3904,3904,170000,53461,81500,1564,9867406,6494899,1555099,5811352,0,23728756,14923.75,41.60%,27.40%,6.60%,24.50%,0.00%,12256975,9026,B,81,44%,60%,46%,57%
816,4813980,13980,Chireno ISD,174901,174901,109090,54998,83379,365,2693105,1360819,618467,1544029,0,6216420,17710.6,43.30%,21.90%,9.90%,24.80%,0.00%,520917,2412,B,84,44%,59%,44%,66%
817,4829250,29250,Martinsville ISD,174909,174909,115000,54911,81000,313,2768045,1138997,500426,3185024,0,7592492,23951.08,36.50%,15.00%,6.60%,41.90%,0.00%,3534831,13390,B,81,34%,57%,55%,49%
818,4832090,32090,Nacogdoches ISD,174904,174904,239580,54655,89736,5766,34275603,23892360,20096858,22181176,0,100445997,17132.18,34.10%,23.80%,20.00%,22.10%,0.00%,137516713,28111,D,68,62%,77%,59%,73%
819,4814310,14310,Cleburne ISD,126903,126903,210000,68985,104927,6877,49884763,26791793,22268265,18791446,0,117736267,16624.72,42.40%,22.80%,18.90%,16.00%,0.00%,246985425,43862,C,75,56%,65%,59%,65%
820,4822230,22230,Hamilton ISD,97902,97902,144900,57318,91485,823,6433285,2613305,133187,3764080,0,12943857,15139.01,49.70%,20.20%,1.00%,29.10%,0.00%,0,0,B,81,38%,59%,56%,56%
821,4818780,18780,Evant ISD,50901,50901,105957,50197,80000,198,1455380,998435,145870,1535358,0,4135043,20269.82,35.20%,24.10%,3.50%,37.10%,0.00%,0,0,D,69,65%,80%,65%,72%
822,4814400,14400,Clifton ISD,18901,18901,145500,57567,91519,1001,7428042,3762354,1862595,3186973,0,16239964,15843.87,45.70%,23.20%,11.50%,19.60%,0.00%,23831381,25819,B,82,40%,58%,48%,50%
823,4830300,30300,Meridian ISD,18902,18902,96000,53109,75357,382,3030801,1894832,1752467,3109057,0,9787157,28451.04,31.00%,19.40%,17.90%,31.80%,0.00%,6638341,24586,F,58,56%,79%,59%,81%
824,4815570,15570,Cranfills Gap ISD,18908,18908,205920,52188,73000,116,1253441,568057,91366,1171499,0,3084363,24096.59,40.60%,18.40%,3.00%,38.00%,0.00%,0,0,A,91,46%,46%,71%,74%
825,4808520,8520,Aquilla ISD,109912,109912,127000,53948,67605,332,2261757,1445745,498649,3075814,0,7281965,22685.25,31.10%,19.90%,6.80%,42.20%,0.00%,16889945,58241,A,92,38%,59%,63%,44%
826,4845720,45720,Whitney ISD,109911,109911,155000,52857,79092,1454,9057950,5387374,2497446,5970758,0,22913528,15534.6,39.50%,23.50%,10.90%,26.10%,0.00%,41797413,35302,C,75,50%,62%,37%,54%
827,4843760,43760,Valley Mills ISD,18904,18904,124775,54043,81678,669,3876655,2377920,1659429,3622888,0,11536892,16941.1,33.60%,20.60%,14.40%,31.40%,0.00%,19485266,29794,C,79,51%,58%,62%,59%
828,4824900,24900,Jonesboro ISD,50909,50909,133000,54351,81500,337,1830078,1253133,1330720,1146504,0,5560435,17430.83,32.90%,22.50%,23.90%,20.60%,0.00%,453588,1874,D,66,63%,78%,61%,56%
829,4820500,20500,Gatesville ISD,50902,50902,158912,53908,90621,2668,16127649,10401575,2097882,6461836,0,35088942,13020.02,46.00%,29.60%,6.00%,18.40%,0.00%,21034177,8721,C,78,45%,63%,45%,52%
830,4830640,30640,Midway ISD (McLennan),161903,161903,267650,56296,94526,8824,46876290,28583666,26532145,24285617,0,126277718,14270.28,37.10%,22.60%,21.00%,19.20%,0.00%,211151453,25379,A,90,30%,39%,36%,39%
831,4837410,37410,Robinson ISD,161922,161922,213397,56918,97038,2378,14565912,7931901,3006774,9241347,0,34745934,14399.48,41.90%,22.80%,8.70%,26.60%,0.00%,23974567,10741,B,89,30%,44%,47%,46%
832,4813960,13960,China Spring ISD,161920,161920,184000,58408,93792,3013,16695164,8058808,8475137,10519692,0,43748801,14405.27,38.20%,18.40%,19.40%,24.00%,0.00%,112748970,38547,B,87,34%,47%,42%,38%
833,4844280,44280,Waco ISD,161914,161914,160871,59883,97847,13376,92442487,59984173,172506129,52648636,0,377581425,27933.82,24.50%,15.90%,45.70%,13.90%,0.00%,720525809,64621,D,63,68%,78%,67%,76%
834,4815600,15600,Crawford ISD,161901,161901,135999,60175,87537,596,3881984,2214625,3789831,2143679,0,12030119,20083.67,32.30%,18.40%,31.50%,17.80%,0.00%,17576350,30356,A,90,17%,32%,54%,50%
835,4828200,28200,Lorena ISD,161907,161907,180775,57904,95021,1817,10553339,6373097,3495744,5932057,0,26354237,14184.2,40.00%,24.20%,13.30%,22.50%,0.00%,31932102,16877,A,91,31%,42%,33%,41%
836,4829820,29820,McGregor ISD,161909,161909,155000,60280,92924,1495,11318778,5741977,3943354,4675417,0,25679526,16762.09,44.10%,22.40%,15.40%,18.20%,0.00%,30847520,19761,C,77,47%,62%,55%,69%
837,4831290,31290,Moody ISD,161910,161910,143000,57129,84560,751,4875095,3108217,1978902,4151302,0,14113516,19413.36,34.50%,22.00%,14.00%,29.40%,0.00%,31153850,44379,B,84,51%,61%,55%,60%
838,4838220,38220,Royse City ISD,199902,199902,242500,61273,101713,10034,54134112,32268266,162805386,25711504,0,274919268,29337.24,19.70%,11.70%,59.20%,9.40%,0.00%,1171067175,105123,C,77,48%,56%,48%,57%
839,4836240,36240,Quinlan ISD,116908,116908,244379,71283,101614,2936,18554536,11646108,3978553,9954381,0,44133578,15276.42,42.00%,26.40%,9.00%,22.60%,0.00%,50601000,17317,C,72,64%,74%,55%,63%
840,4842450,42450,Terrell ISD,129906,129906,293480,67467,103398,5283,28549109,18924175,12486572,20570380,0,80530236,15324.5,35.50%,23.50%,15.50%,25.50%,0.00%,87927793,18133,C,71,62%,74%,64%,76%
841,4837650,37650,Rockwall ISD,199901,199901,293760,64067,106919,19235,101826597,55472244,265919952,50065682,0,473284475,25177.38,21.50%,11.70%,56.20%,10.60%,0.00%,1651312959,92237,B,89,30%,38%,33%,39%
842,4812390,12390,Caddo Mills ISD,116901,116901,254576,63710,97004,3073,19169485,10413766,28788162,5893457,0,64264870,22660.39,29.80%,16.20%,44.80%,9.20%,0.00%,327892857,98289,B,85,37%,44%,47%,49%
843,4814850,14850,Community ISD,43918,43918,275783,70667,98947,5271,26890633,16707107,133834120,13404278,0,190836138,41235.12,14.10%,8.80%,70.10%,7.00%,0.00%,650206157,105075,C,76,48%,66%,56%,62%
844,4819080,19080,Farmersville ISD,43904,43904,262500,71461,100775,2397,13639123,9048822,28541423,9309885,0,60539253,27074.8,22.50%,14.90%,47.10%,15.40%,0.00%,91167475,37829,B,84,39%,62%,47%,48%
845,4830600,30600,Midlothian ISD,70908,70908,245000,63940,98108,11356,59767048,32482585,48866523,25767996,0,166884152,15030.55,35.80%,19.50%,29.30%,15.40%,0.00%,527707894,49499,B,85,36%,45%,43%,47%
846,4813230,13230,Cedar Hill ISD,57904,57904,298700,62788,101654,6253,37858466,25938004,20834889,19083228,1001330,104715917,16369.1,36.20%,24.80%,19.90%,18.20%,1.00%,604705809,133519,C,74,54%,70%,61%,68%
847,4844010,44010,Venus ISD,126908,126908,185000,64170,88943,2283,14551050,8622394,2399325,9672353,0,35245122,15270.85,41.30%,24.50%,6.80%,27.40%,0.00%,38328700,18579,D,69,65%,80%,60%,65%
848,4800011,11,Alvarado ISD,126901,126901,13500,8142,13586,3788,23291763,10328661,42593688,12200259,0,88414371,23377.68,26.30%,11.70%,48.20%,13.80%,0.00%,311089653,91122,C,76,57%,67%,54%,64%
849,4816500,16500,Decatur ISD,249905,249905,186000,61433,108280,3786,22058047,12632320,10768690,11130009,0,56589066,14848.88,39.00%,22.30%,19.00%,19.70%,0.00%,65977241,19052,C,76,45%,62%,50%,61%
850,4835310,35310,Ponder ISD,61906,61906,169597,57811,98789,1719,9014606,5271283,18767244,5830746,109626,38993505,23186.57,23.10%,13.50%,48.10%,15.00%,0.30%,101743863,60346,C,78,47%,54%,59%,59%
851,4808670,8670,Argyle ISD,61910,61910,295500,65216,104176,6166,30883598,16152942,79899255,13956103,210702,141102600,26023.62,21.90%,11.40%,56.60%,9.90%,0.10%,675194063,102395,A,92,21%,29%,24%,28%
852,4821390,21390,Granbury ISD,111901,111901,215301,66166,103731,7962,52369599,27068139,13798297,19180427,3439134,115855596,14170.74,45.20%,23.40%,11.90%,16.60%,3.00%,98972410,13944,B,83,40%,55%,44%,48%
853,4815210,15210,Coppell ISD,57922,57922,289764,69186,118508,13233,86797688,36998206,68274142,54949792,22360852,269380680,18415.08,32.20%,13.70%,25.30%,20.40%,8.30%,618768166,49609,A,93,16%,23%,17%,26%
854,4824420,24420,Irving ISD,57912,57912,348342,68108,111325,30767,194949219,134177089,98036767,94834371,0,521997446,16579.24,37.30%,25.70%,18.80%,18.20%,0.00%,818126858,27575,C,76,61%,71%,58%,71%
855,4817040,17040,Diboll ISD,3905,3905,175000,62491,91497,1582,11229290,8033778,1142761,5917876,0,26323705,16179.29,42.70%,30.50%,4.30%,22.50%,0.00%,25283306,18953,C,79,50%,64%,86%,58%
856,4846740,46740,Zavalla ISD,3906,3906,111940,55217,69188,303,2503298,1156387,300926,1517198,0,5477809,17118.15,45.70%,21.10%,5.50%,27.70%,0.00%,5454029,19204,C,71,53%,78%,80%,61%
857,4813020,13020,Carroll ISD,220919,220919,218427,64756,109934,8105,48520723,25927996,46528787,22922712,17973283,161873501,17354.1,30.00%,16.00%,28.70%,14.20%,11.10%,353654696,50754,A,95,8%,13%,12%,17%
858,4825260,25260,Keller ISD,220907,220907,275000,63324,113498,32042,195823350,91362066,147285639,111226525,0,545697580,16411.96,35.90%,16.70%,27.00%,20.40%,0.00%,1073853729,37270,B,85,32%,45%,34%,47%
859,4821660,21660,Grapevine-Colleyville ISD,220906,220906,354795,64884,109470,13541,89194813,47227280,52273653,37230476,29706703,255632925,16655.08,34.90%,18.50%,20.40%,14.60%,11.60%,363451213,30144,B,86,26%,38%,28%,38%
860,4833180,33180,Northwest ISD,61911,61911,390229,64743,108022,32098,173370074,81761200,458569898,81093057,857545,795651774,25858.74,21.80%,10.30%,57.60%,10.20%,0.10%,3727882154,118832,B,81,36%,51%,37%,46%
861,4811010,11010,Boyd ISD,249902,249902,137000,58761,91375,1386,7651848,4258314,4659705,4772304,0,21342171,16505.93,35.90%,20.00%,21.80%,22.40%,0.00%,19632975,15459,C,75,44%,65%,51%,63%
862,4844800,44800,Weatherford ISD,184903,184903,342700,63130,106574,8023,52422279,30744110,26164266,21667771,1057399,132055825,15969.58,39.70%,23.30%,19.80%,16.40%,0.80%,178505350,25388,C,77,46%,59%,44%,56%
863,4841280,41280,Springtown ISD,184902,184902,196000,62799,94915,4188,26579504,11092089,4320656,13408859,0,55401108,13282.45,48.00%,20.00%,7.80%,24.20%,0.00%,55353238,14628,C,76,53%,65%,57%,56%
864,4828920,28920,Mansfield ISD,220908,220908,365315,70400,109520,35354,207759983,131214379,92368787,87990563,0,519333712,14485.89,40.00%,25.30%,17.80%,16.90%,0.00%,1463517897,44955,B,87,38%,46%,42%,50%
865,4821420,21420,Grand Prairie ISD,57910,57910,266752,66503,114821,26129,159891063,110580279,57317806,78452146,0,406241294,15250.44,39.40%,27.20%,14.10%,19.30%,0.00%,444380232,20002,C,76,56%,64%,53%,67%
866,4845540,45540,White Settlement ISD,220920,220920,275862,64785,105952,6831,38493177,21499816,64105010,18125130,0,142223133,20627,27.10%,15.10%,45.10%,12.70%,0.00%,512433774,88964,C,73,51%,66%,55%,61%
867,4813170,13170,Castleberry ISD,220917,220917,209242,67825,103750,3851,28224329,19560969,9606947,11026404,0,68418649,18293.76,41.30%,28.60%,14.00%,16.10%,0.00%,47165602,14598,B,81,55%,66%,60%,68%
868,4824060,24060,Hurst-Euless-Bedford ISD,220916,220916,302940,68886,129249,23262,134925358,73396455,103456827,64795236,0,376573876,16213.46,35.80%,19.50%,27.50%,17.20%,0.00%,1354648450,62363,B,88,32%,40%,35%,43%
869,4826490,26490,Lake Worth ISD,220910,220910,227502,65183,110921,3249,22944371,16334712,9948056,11804563,0,61031702,18848.58,37.60%,26.80%,16.30%,19.30%,0.00%,110385730,43769,D,62,74%,84%,71%,82%
870,4807780,7780,Aledo ISD,184907,184907,311291,65360,103491,8430,46604887,23863545,84530051,38050800,716726,193766009,23655.1,24.10%,12.30%,43.60%,19.60%,0.40%,608932579,73163,A,92,23%,35%,29%,34%
871,4825500,25500,Kennedale ISD,220914,220914,195764,67211,98490,2754,17793828,10480147,8948384,23398171,0,60620530,21443.41,29.40%,17.30%,14.80%,38.60%,0.00%,93862866,38996,C,77,50%,64%,46%,53%
872,4809200,9200,Azle ISD,220915,220915,283250,65925,102118,7304,43689326,28544552,46277770,25132139,0,143643787,19900.77,30.40%,19.90%,32.20%,17.50%,0.00%,456583750,67893,C,78,43%,56%,45%,56%
873,4808700,8700,Arlington ISD,220901,220901,335002,69461,121602,53339,373719126,220662535,261586340,141925238,2153778,1000047017,18226.36,37.40%,22.10%,26.20%,14.20%,0.20%,1695774358,37464,C,76,57%,66%,56%,67%
874,4817700,17700,Eagle Mountain-Saginaw ISD,220918,220918,198657,64568,117327,23982,139053843,75994066,202810549,57656577,20483,475535518,20267.46,29.20%,16.00%,42.60%,12.10%,0.00%,0,0,C,78,46%,61%,48%,60%
875,4810230,10230,Birdville ISD,220902,220902,357322,66728,115814,22267,134487860,85890611,163380111,54116461,0,437875043,19707.23,30.70%,19.60%,37.30%,12.40%,0.00%,932478369,48635,C,79,45%,56%,48%,52%
876,4815910,15910,Crowley ISD,220912,220912,428581,66090,105983,17011,115374750,43158358,135141615,66744624,0,360419347,21256.15,32.00%,12.00%,37.50%,18.50%,0.00%,2179184761,139085,C,73,55%,72%,60%,69%
877,4818810,18810,Everman ISD,220904,220904,290000,67165,89251,5018,37155141,20531764,8556072,16943874,0,83186851,16187.36,44.70%,24.70%,10.30%,20.40%,0.00%,146779652,36750,C,72,66%,77%,62%,70%
878,4820960,20960,Godley ISD,126911,126911,253448,63908,97417,3195,20626573,15248162,59170393,7763991,0,102809119,34246.88,20.10%,14.80%,57.60%,7.60%,0.00%,398390938,126634,C,77,46%,61%,60%,54%
879,4819700,19700,Fort Worth ISD,220905,220905,270066,69118,111621,70405,472437304,324355773,274114956,228495678,4111116,1303514827,18286.01,36.20%,24.90%,21.00%,17.50%,0.30%,2468824288,42478,C,73,65%,74%,63%,76%
880,4812180,12180,Burleson ISD,126902,126902,326718,64864,107570,12759,73091756,42246766,35225605,33435330,0,183999457,14467.64,39.70%,23.00%,19.10%,18.20%,0.00%,377580731,33634,B,83,43%,53%,46%,49%
881,4824930,24930,Joshua ISD,126905,126905,208000,70100,95713,6026,38205327,21164064,6861395,16919996,0,83150782,13812.42,45.90%,25.50%,8.30%,20.30%,0.00%,117907129,20649,B,86,41%,46%,45%,45%
882,4826580,26580,Lamar Cons ISD,79901,79901,364971,69776,130597,46786,263417935,133131522,632456852,149067294,0,1178073603,26466.43,22.40%,11.30%,53.70%,12.70%,0.00%,5834636522,120913,B,88,34%,46%,38%,46%
883,4808310,8310,Angleton ISD,20902,20902,305,62382,306,7105,44402190,26724012,88379275,18940951,0,178446428,25247.09,24.90%,15.00%,49.50%,10.60%,0.00%,414169070,61186,B,82,45%,51%,56%,55%
884,4825170,25170,Katy ISD,101914,101914,396030,69235,124146,96111,664668681,293793246,442522861,187087754,0,1588072542,16754.47,41.90%,18.50%,27.90%,11.80%,0.00%,3749194192,39523,B,88,28%,37%,29%,35%
885,4808090,8090,Alvin ISD,20901,20901,334750,68830,111730,30038,186029434,99728327,147847549,83133514,0,516738824,17375.21,36.00%,19.30%,28.60%,16.10%,0.00%,1340018031,45480,B,84,40%,53%,46%,47%
886,4841350,41350,Stafford MSD,79910,79910,327113,67597,105795,3492,22450249,12079467,9343500,11235072,0,55108288,15840.27,40.70%,21.90%,17.00%,20.40%,0.00%,142543810,55421,C,78,50%,61%,52%,63%
887,4807830,7830,Alief ISD,101903,101903,314150,63822,112309,38610,303322501,172280898,108156881,99320510,0,683080790,17304.57,44.40%,25.20%,15.80%,14.50%,0.00%,497537161,15025,C,75,59%,67%,55%,67%
888,4823640,23640,Houston ISD,101912,101912,380000,73604,136437,176727,1247540762,777100896,547006147,770410194,0,3342057999,18152.61,37.30%,23.30%,16.40%,23.10%,0.00%,2573202694,17254,B,82,52%,59%,54%,62%
889,4819650,19650,Fort Bend ISD,79907,79907,410000,69752,129479,79663,485666624,285125637,216896549,187281575,0,1174970385,14649.41,41.30%,24.30%,18.50%,15.90%,0.00%,2709811538,36196,B,80,37%,49%,40%,50%
890,4808430,8430,Anthony ISD,71906,71906,157500,67299,102561,725,5490108,4691366,533724,3246014,0,13961212,18565.44,39.30%,33.60%,3.80%,23.30%,0.00%,3036731,4970,B,80,54%,59%,59%,60%
891,4812780,12780,Canutillo ISD,71907,71907,207285,64847,92994,5747,40655744,26413411,16846601,14410538,0,98326294,16654.18,41.30%,26.90%,17.10%,14.70%,0.00%,297037913,61652,C,78,47%,56%,46%,55%
892,4826370,26370,Lackland ISD,15913,15913,216320,69550,116398,1010,9595299,5973339,3345274,4167858,0,23081770,22301.23,41.60%,25.90%,14.50%,18.10%,0.00%,0,0,B,81,34%,52%,31%,53%
893,4840950,40950,Southwest ISD,15912,15912,278730,65805,98959,14833,93906980,63224201,50527721,42773277,0,250432179,17633.59,37.50%,25.20%,20.20%,17.10%,0.00%,655333763,46271,C,77,56%,72%,57%,71%
894,4835190,35190,Pleasanton ISD,7905,7905,176864,70713,96970,3406,25108680,15307195,7536855,11633760,0,59586490,17712.99,42.10%,25.70%,12.60%,19.50%,0.00%,54816075,19825,C,74,56%,68%,51%,58%
895,4840740,40740,Somerset ISD,15909,15909,225000,63507,98983,4259,24317423,20118314,6008109,19659763,0,70103609,16487.21,34.70%,28.70%,8.60%,28.00%,0.00%,60997666,16193,B,84,45%,50%,52%,56%
896,4835520,35520,Poteet ISD,7906,7906,190000,58847,100975,1837,10368046,7899807,4589400,7080667,0,29937920,16252.94,34.60%,26.40%,15.30%,23.70%,0.00%,92553883,61703,C,72,58%,80%,72%,78%
897,4840920,40920,Southside ISD,15917,15917,278204,68607,102731,6091,38475873,28944365,8168473,18277719,0,93866430,15558.83,41.00%,30.80%,8.70%,19.50%,0.00%,110211852,18728,C,79,58%,59%,59%,60%
898,4818150,18150,Edgewood ISD (Bexar),15905,15905,323270,64424,96868,7849,52248732,44578352,12395171,37779814,0,147002069,18537.46,35.50%,30.30%,8.40%,25.70%,0.00%,51615514,9207,D,66,73%,79%,72%,79%
899,4822470,22470,Harlandale ISD,15904,15904,283749,63365,102115,11546,76487384,51341484,29732248,35975554,0,193536670,16381.98,39.50%,26.50%,15.40%,18.60%,0.00%,334877632,35599,D,69,64%,73%,60%,69%
900,4840680,40680,South San Antonio ISD,15908,15908,195641,65198,102103,7468,46897032,36997556,18447316,23526118,0,125868022,16942.79,37.30%,29.40%,14.70%,18.70%,0.00%,179572217,31760,D,65,68%,76%,63%,75%
901,4817760,17760,Eanes ISD,227909,227909,299880,62354,128502,7604,52420741,32714547,27958853,41798190,90671023,245563354,20017.1,21.30%,13.30%,11.40%,17.00%,36.90%,202390117,28466,A,94,11%,19%,14%,20%
902,4808940,8940,Austin ISD,227901,227901,362250,63367,115304,72272,501942979,365927794,359073225,237558861,664839391,2129342250,20108.51,23.60%,17.20%,16.90%,11.20%,31.20%,3687889911,59534,C,79,45%,57%,45%,55%
903,4826470,26470,Lake Travis ISD,227913,227913,468296,63317,107740,11008,65842085,35580133,111030276,33171855,43205228,288829577,21790.66,22.80%,12.30%,38.40%,11.50%,15.00%,887072288,88222,A,90,24%,33%,20%,32%
904,4826400,26400,Lago Vista ISD,227912,227912,204364,59382,95578,1887,11110297,4456100,26044841,6993272,7518228,56122738,26329.64,19.80%,7.90%,46.40%,12.50%,13.40%,112250400,61812,C,77,38%,56%,37%,50%
905,4829010,29010,Marble Falls ISD,27904,27904,228321,57347,99818,4001,27039707,17741951,20518341,11394147,8763620,85457766,18946.18,31.60%,20.80%,24.00%,13.30%,10.30%,90008894,25462,C,75,52%,64%,54%,60%
906,4818900,18900,Fabens ISD,71903,71903,119911,62698,100623,1865,15595449,9413584,3551898,9457100,0,38018031,19925.59,41.00%,24.80%,9.30%,24.90%,0.00%,25856531,16543,C,76,62%,65%,70%,74%
907,4820130,20130,Fort Hancock ISD,115901,115901,161620,57015,87178,390,2740640,1874983,361476,2332924,0,7310023,18840.27,37.50%,25.60%,4.90%,31.90%,0.00%,0,0,D,69,61%,77%,54%,58%
908,4842990,42990,Tornillo ISD,71908,71908,147155,63492,110102,726,6044419,5384255,1526757,4971172,0,17926603,23525.73,33.70%,30.00%,8.50%,27.70%,0.00%,17232362,32699,B,82,61%,72%,65%,68%
909,4841340,41340,Spurger ISD,229905,229905,115000,51422,78030,396,2762245,1611961,249996,2219566,0,6843768,18597.2,40.40%,23.60%,3.70%,32.40%,0.00%,1272100,3374,C,79,49%,57%,70%,70%
910,4814600,14600,Colmesneil ISD,229901,229901,140000,63061,84250,414,2864444,1483691,1387704,1584388,0,7320227,18254.93,39.10%,20.30%,19.00%,21.60%,0.00%,728882,2836,D,66,49%,64%,49%,68%
911,4824630,24630,Jasper ISD,121904,121904,141099,55809,95656,2070,13320212,9358709,5579601,8908472,0,37166994,16940.29,35.80%,25.20%,15.00%,24.00%,0.00%,30763050,16810,D,69,72%,81%,75%,81%
912,4825710,25710,Kirbyville Cons ISD,121905,121905,174137,61537,85628,1439,8622200,4553404,2351324,5073211,0,20600139,14129.04,41.90%,22.10%,11.40%,24.60%,0.00%,23437943,19913,C,77,52%,62%,64%,64%
913,4836450,36450,Randolph Field ISD,15906,15906,238760,70049,134348,1427,10609343,7029552,1079564,5140805,0,23859264,15970.06,44.50%,29.50%,4.50%,21.50%,0.00%,2698764,1823,A,92,26%,37%,41%,38%
914,4839480,39480,Schertz-Cibolo-Universal City ISD,94902,94902,285850,64242,105070,14947,83723365,46144356,46867307,45423310,0,222158338,14667.79,37.70%,20.80%,21.10%,20.40%,0.00%,537163544,42663,B,81,45%,55%,37%,48%
915,4832940,32940,North East ISD,15910,15910,309186,61453,101543,56420,377170649,203349096,218649047,133394152,0,932562944,16254.1,40.40%,21.80%,23.40%,14.30%,0.00%,1580207745,33586,C,78,41%,55%,38%,48%
916,4807590,7590,Alamo Heights ISD,15901,15901,331000,62690,117382,4749,33742697,15582330,34855150,12776185,22143951,119100313,20637.8,28.30%,13.10%,29.30%,10.70%,18.60%,303108369,73073,B,87,27%,41%,29%,39%
917,4824990,24990,Judson ISD,15916,15916,265000,65825,105975,23539,170196419,90386778,126969423,80904816,0,468457436,19643.47,36.30%,19.30%,27.10%,17.30%,0.00%,1406757753,76255,D,69,56%,73%,55%,68%
918,4833120,33120,Northside ISD (Bexar),15915,15915,357000,65350,102401,100208,693219338,367436430,526392061,219233269,0,1806281098,17867.17,38.40%,20.30%,29.10%,12.10%,0.00%,4052868887,48066,C,75,45%,60%,40%,54%
919,4810710,10710,Boerne ISD,130901,130901,230735,59491,100338,11101,57819260,33233579,105675941,24982102,0,221710882,20321.8,26.10%,15.00%,47.70%,11.30%,0.00%,727682649,68546,A,92,23%,35%,29%,29%
920,4814730,14730,Comal ISD,46902,46902,334184,61432,100083,29839,156630464,79834783,221234515,104486122,4660926,566846810,19211.49,27.60%,14.10%,39.00%,18.40%,0.80%,1501153756,52239,B,87,31%,40%,40%,39%
921,4838730,38730,San Antonio ISD,15907,15907,340867,63150,114636,44047,297361548,257443785,279157149,169322881,0,1003285363,22459.94,29.60%,25.70%,27.80%,16.90%,0.00%,2145921769,58201,C,72,64%,76%,65%,74%
922,4820160,20160,Fort Sam Houston ISD,15914,15914,215000,68695,115459,1617,14908596,9811104,1736228,9186901,0,35642829,22124.66,41.80%,27.50%,4.90%,25.80%,0.00%,0,0,A,92,22%,42%,38%,36%
923,4818180,18180,Edinburg Cons ISD,108904,108904,374627,66374,101570,33343,235445194,132757307,64300503,87082126,0,519585130,15367.79,45.30%,25.60%,12.40%,16.80%,0.00%,147125175,5246,B,83,48%,56%,54%,63%
924,4826130,26130,La Joya ISD,108912,108912,360487,61486,95989,22942,160154069,111861772,47364888,74541732,0,393922461,16414.8,40.70%,28.40%,12.00%,18.90%,0.00%,225214684,12383,C,78,53%,55%,57%,61%
925,4837740,37740,Roma ISD,214903,214903,224643,60304,103418,6019,47235714,29541001,13734149,19206992,0,109717856,18495.93,43.10%,26.90%,12.50%,17.50%,0.00%,71645944,13898,A,91,40%,34%,56%,52%
926,4824750,24750,Jim Hogg County ISD,124901,124901,145701,62540,86220,967,8696550,4805379,1714814,5697529,0,20914272,20914.27,41.60%,23.00%,8.20%,27.20%,0.00%,16338328,24098,C,79,55%,56%,59%,68%
927,4837140,37140,Rio Grande City Grulla ISD,214901,214901,97856,57680,80201,9316,62258633,45226663,44680691,27392202,0,179558189,18936.74,34.70%,25.20%,24.90%,15.30%,0.00%,0,0,B,82,58%,59%,57%,63%
928,4838910,38910,San Isidro ISD,214902,214902,93493,47489,80000,153,1791706,1363434,8441,1460970,0,4624551,28371.48,38.70%,29.50%,0.20%,31.60%,0.00%,0,0,C,74,38%,77%,59%,68%
929,4846710,46710,Zapata County ISD,253901,253901,173998,56895,89367,3290,20165644,14526594,4106977,15944885,0,54744100,16297.74,36.80%,26.50%,7.50%,29.10%,0.00%,18782369,6166,B,82,59%,61%,62%,72%
930,4825920,25920,Kountze ISD,100903,100903,164010,53000,86744,1151,6975438,5669455,1013689,6639431,0,20298013,17758.54,34.40%,27.90%,5.00%,32.70%,0.00%,9821899,10178,C,78,52%,57%,60%,62%
931,4844580,44580,Warren ISD,229904,229904,150000,69286,92375,1181,8143329,5287776,2032036,4272935,0,19736076,16487.95,41.30%,26.80%,10.30%,21.70%,0.00%,23158990,24690,C,75,51%,72%,47%,55%
932,4845000,45000,West Hardin County Cons ISD,100908,100908,125000,126022,78879,535,3973858,2818100,1256056,3041333,0,11089347,20497.87,35.80%,25.40%,11.30%,27.40%,0.00%,1922170,4782,C,73,49%,70%,58%,67%
933,4822380,22380,Hardin ISD,146904,146904,145000,59522,98202,1257,6382329,4299493,1509571,5098962,0,17290355,13955.09,36.90%,24.90%,8.70%,29.50%,0.00%,21826255,24278,C,75,51%,75%,56%,67%
934,4833690,33690,Onalaska ISD,187910,187910,87812,61410,100539,1196,8148755,4900607,2437385,4618013,0,20104760,16187.41,40.50%,24.40%,12.10%,23.00%,0.00%,11240025,10190,B,82,45%,56%,49%,61%
935,4821090,21090,Goodrich ISD,187903,187903,150111,58278,89234,266,1789985,1108953,292568,1527606,0,4719112,17349.68,37.90%,23.50%,6.20%,32.40%,0.00%,2934769,9848,B,84,62%,76%,76%,65%
936,4840020,40020,Shepherd ISD,204904,204904,208606,67287,91954,1968,10746667,7857251,2289967,6656304,0,27550189,14070.58,39.00%,28.50%,8.30%,24.20%,0.00%,21331924,12402,D,67,67%,73%,60%,65%
937,4814520,14520,Coldspring-Oakhurst Cons ISD,204901,204901,179020,102138,87981,1585,10010662,7744952,1503401,5323129,0,24582144,15118.17,40.70%,31.50%,6.10%,21.70%,0.00%,18838500,12992,D,69,65%,74%,60%,71%
938,4821900,21900,Groveton ISD,228901,228901,125000,60634,89100,754,6351386,2686207,338318,3024409,0,12400320,16083.42,51.20%,21.70%,2.70%,24.40%,0.00%,0,0,C,75,46%,62%,56%,53%
939,4827120,27120,Leggett ISD,187906,187906,121008,59813,77772,227,1336202,894443,267526,1155515,0,3653686,18360.23,36.60%,24.50%,7.30%,31.60%,0.00%,2687138,18924,D,68,57%,73%,56%,62%
940,4810170,10170,Big Sandy ISD (Polk),187901,187901,178465,63981,79500,506,4247086,1989924,11311116,2007270,0,19555396,37319.46,21.70%,10.20%,57.80%,10.30%,0.00%,19417043,42488,A,93,39%,49%,48%,55%
941,4815300,15300,Corrigan-Camden ISD,187904,187904,146491,70730,77455,834,6681187,4767883,12097913,4223817,0,27770800,33218.66,24.10%,17.20%,43.60%,15.20%,0.00%,26147225,33608,B,83,51%,60%,58%,62%
942,4846440,46440,Woodville ISD,229903,229903,180722,56263,85623,1196,8899901,6578860,26206968,4545399,0,46231128,38050.31,19.30%,14.20%,56.70%,9.80%,0.00%,88239795,90410,D,67,57%,71%,69%,63%
943,4813770,13770,Chester ISD,229906,229906,110000,50157,?,195,1642435,766123,2642469,890002,0,5941029,31770.21,27.60%,12.90%,44.50%,15.00%,0.00%,9709125,84427,B,88,45%,65%,56%,42%
944,4827780,27780,Livingston ISD,187907,187907,222791,67873,90414,4016,26600214,8466728,6032884,17196552,0,58296378,14387.06,45.60%,14.50%,10.30%,29.50%,0.00%,59572940,16425,C,72,56%,59%,54%,64%
945,4826310,26310,La Vernia ISD,247903,247903,183751,65861,92943,3563,18945773,8789764,12163627,9908375,0,49807539,14366.18,38.00%,17.60%,24.40%,19.90%,0.00%,71793188,23040,B,85,33%,48%,45%,39%
946,4817850,17850,East Central ISD,15911,15911,316181,66435,103848,11497,63002872,38055693,71155007,33842296,0,206055868,18437.35,30.60%,18.50%,34.50%,16.40%,0.00%,429879492,39778,C,72,62%,78%,65%,76%
947,4839690,39690,Seguin ISD,94901,94901,287047,60575,98016,7290,43223242,31072759,49820526,24697490,0,148814017,20346.46,29.00%,20.90%,33.50%,16.60%,0.00%,361309076,55424,D,66,59%,74%,61%,66%
948,4829100,29100,Marion ISD,94904,94904,141600,59786,89066,1709,9570046,4350838,16988455,5848024,0,36757363,23412.33,26.00%,11.80%,46.20%,15.90%,0.00%,178810574,111687,B,80,45%,56%,46%,51%
949,4819350,19350,Floresville ISD,247901,247901,185045,58518,88698,4062,21920838,12555601,4879637,12596308,0,51952384,12733.43,42.20%,24.20%,9.40%,24.20%,0.00%,56499919,15111,C,78,49%,64%,50%,57%
950,4841610,41610,Stockdale ISD,247906,247906,130000,55329,82370,861,5853322,2861988,953097,2449629,0,12118036,14058.05,48.30%,23.60%,7.90%,20.20%,0.00%,13208269,17334,B,85,44%,61%,47%,50%
951,4810890,10890,Borger ISD,117901,117901,186136,54362,79843,2325,14624165,8086787,4101304,6850372,0,33662628,14191.66,43.40%,24.00%,12.20%,20.40%,0.00%,94182257,50964,B,82,51%,61%,46%,46%
952,4834230,34230,Panhandle ISD,33902,33902,110000,55989,86458,620,4556619,2186340,1937593,3979568,0,12660120,20256.19,36.00%,17.30%,15.30%,31.40%,0.00%,8590400,20901,A,91,29%,35%,42%,35%
953,4839150,39150,Sanford-Fritch ISD,117903,117903,118815,50456,76450,745,4698239,2617626,566062,2855028,0,10736955,14891.75,43.80%,24.40%,5.30%,26.60%,0.00%,8431181,11287,C,74,46%,71%,48%,64%
954,4834170,34170,Pampa ISD,90904,90904,175100,56404,87747,3141,16620419,11225263,4853302,9722121,0,42421105,12754.39,39.20%,26.50%,11.40%,22.90%,0.00%,36873891,14791,C,75,62%,75%,58%,72%
955,4845450,45450,White Deer ISD,33904,33904,119025,58363,84000,322,2686516,1419757,1113221,1379153,0,6598647,21014.8,40.70%,21.50%,16.90%,20.90%,0.00%,9780272,43858,B,86,40%,55%,62%,48%
956,4841580,41580,Plemons-Stinnett-Phillips Cons ISD,117904,117904,160000,56860,95386,565,4157028,2051972,6081503,3592361,4287662,20170526,28161.11,20.60%,10.20%,30.20%,17.80%,21.30%,9573750,19904,A,90,43%,46%,57%,65%
957,4830480,30480,Miami ISD,197902,197902,100000,56444,89000,177,1360568,1046831,1619507,1139689,916895,6083490,26093.91,22.40%,17.20%,26.60%,18.70%,15.10%,17602856,115051,A,93,55%,65%,52%,71%
958,4817010,17010,Deweyville ISD,176903,176903,127000,54053,72174,564,3766903,2319023,1077660,3713694,0,10877280,20217.99,34.60%,21.30%,9.90%,34.10%,0.00%,10016650,24611,C,73,49%,77%,68%,75%
959,4832280,32280,Nederland ISD,123905,123905,191209,62772,105206,5317,30511653,15942334,39588518,14870776,0,100913281,19115.98,30.20%,15.80%,39.20%,14.70%,0.00%,190658754,35737,B,88,35%,46%,48%,47%
960,4844160,44160,Vidor ISD,181907,181907,198833,55904,89852,4165,23663035,14442431,1549231,16441611,0,56096308,13012.37,42.20%,25.70%,2.80%,29.30%,0.00%,9874875,2529,B,80,53%,57%,47%,57%
961,4812090,12090,Buna ISD,121903,121903,145742,56632,83233,1474,9761646,6651312,4255916,6285409,0,26954283,18461.84,36.20%,24.70%,15.80%,23.30%,0.00%,19294679,15387,D,67,48%,62%,48%,58%
962,4818750,18750,Evadale ISD,121906,121906,150000,51318,86000,428,2756999,1955916,706233,2314995,10614,7744757,20141,35.60%,25.30%,9.10%,29.90%,0.10%,43060411,115135,B,85,36%,52%,27%,62%
963,4809670,9670,Beaumont ISD,123910,123910,266702,56551,99210,16336,85928496,63298959,40014325,95578158,0,284819938,16950.54,30.20%,22.20%,14.00%,33.60%,0.00%,292643146,20990,D,68,66%,77%,79%,76%
964,4840230,40230,Silsbee ISD,100904,100904,186775,53786,93139,2588,16386527,9441150,3424066,11423403,0,40675146,15325.98,40.30%,23.20%,8.40%,28.10%,0.00%,28647619,13648,D,69,61%,75%,69%,66%
965,4813530,13530,Lumberton ISD,100907,100907,252733,52949,95638,4108,20549325,11354811,14044680,11406514,0,57355330,13665.79,35.80%,19.80%,24.50%,19.90%,0.00%,89287681,23509,C,77,45%,56%,48%,52%
966,4827690,27690,Little Cypress-Mauriceville Cons ISD,181908,181908,194915,54474,98958,3320,18273360,12441081,5390507,11457586,0,47562534,14675.27,38.40%,26.20%,11.30%,24.10%,0.00%,75410252,27592,C,76,53%,69%,66%,66%
967,4811310,11310,Bridge City ISD,181901,181901,210000,55452,100777,3157,14800526,8388386,38689481,11300503,0,73178896,22620.99,20.20%,11.50%,52.90%,15.40%,0.00%,147225274,49907,C,77,44%,62%,49%,58%
968,4835400,35400,Port Arthur ISD,123907,123907,249738,54781,89274,8041,48236202,34562649,55032741,35937447,685008,174454047,21308.28,27.60%,19.80%,31.50%,20.60%,0.40%,443499497,64192,D,64,64%,76%,72%,79%
969,4835430,35430,Port Neches-Groves ISD,123908,123908,228608,61526,104502,5349,30856788,16771091,20793077,15241740,0,83662696,15597.07,36.90%,20.00%,24.90%,18.20%,0.00%,229225110,44141,B,83,42%,59%,45%,57%
970,4833780,33780,Orangefield ISD,181905,181905,163155,54178,90083,1781,9293337,6397940,3033138,6110159,0,24834574,13728.34,37.40%,25.80%,12.20%,24.60%,0.00%,67860241,42572,B,82,42%,56%,65%,56%
971,4845090,45090,West Orange-Cove Cons ISD,181906,181906,211548,55178,92360,2592,14494102,10915126,4535535,13203839,269193,43417795,16769.76,33.40%,25.10%,10.40%,30.40%,0.60%,95745931,48454,D,68,69%,81%,80%,82%
972,4813050,13050,Carrollton-Farmers Branch ISD,57903,57903,320353,68575,122550,24165,175399748,102538926,104970303,57964071,7848832,448721880,18078.94,39.10%,22.90%,23.40%,12.90%,1.70%,1039678832,49044,B,82,48%,55%,52%,58%
973,4816230,16230,Dallas ISD,57905,57905,375000,70343,123954,139802,992155279,743303669,1071287851,465387457,44498624,3316632880,23498.95,29.90%,22.40%,32.30%,14.00%,1.30%,5897722031,48868,B,83,54%,60%,54%,66%
974,4837020,37020,Richardson ISD,57916,57916,348626,68704,114215,36971,257737187,146289173,221149401,130436073,4086026,759697860,20375.13,33.90%,19.30%,29.10%,17.20%,0.50%,1554598921,47790,C,79,44%,54%,45%,53%
975,4820340,20340,Garland ISD,57909,57909,457447,67911,117558,51021,337647243,218472245,187005396,165287372,0,908412256,17584.78,37.20%,24.00%,20.60%,18.20%,0.00%,1757999898,40203,B,84,50%,58%,53%,59%
976,4846530,46530,Wylie ISD (Collin),43914,43914,309090,67175,120611,19401,114262975,60367557,62846463,48865392,0,286342387,14889.63,39.90%,21.10%,21.90%,17.10%,0.00%,1182735495,62390,A,92,24%,30%,30%,33%
977,4812220,12220,Burnet Cons ISD,27903,27903,200000,58375,95680,3209,17963388,12020685,9448069,10495010,3685202,53612354,15198.52,33.50%,22.40%,17.60%,19.60%,6.90%,67284679,22609,C,72,54%,70%,55%,62%
978,4820600,20600,Georgetown ISD,246904,246904,251659,61625,106028,13881,85876015,47569303,210425431,29926471,9586231,383383451,27746.23,22.40%,12.40%,54.90%,7.80%,2.50%,1431282178,106518,C,76,50%,66%,49%,59%
979,4838080,38080,Round Rock ISD,246909,246909,350000,62704,107043,46954,288326939,169082562,164904228,89036142,0,711349871,15398.18,40.50%,23.80%,23.20%,12.50%,0.00%,867463718,32732,B,87,30%,38%,29%,37%
980,4824100,24100,Hutto ISD,246906,246906,210933,61170,103222,10688,62171655,38313670,129537410,24676627,509848,255209210,25381.1,24.40%,15.00%,50.80%,9.70%,0.20%,1196382928,111968,C,76,47%,61%,53%,53%
981,4842280,42280,Taylor ISD,246911,246911,195000,60416,93162,2930,19126349,12602635,32907717,10425177,0,75061878,24506,25.50%,16.80%,43.80%,13.90%,0.00%,206317248,88434,C,71,61%,71%,64%,66%
982,4821590,21590,Granger ISD,246905,246905,115346,58901,87542,580,3845464,2366584,12756694,2425928,0,21394670,38136.67,18.00%,11.10%,59.60%,11.30%,0.00%,72720325,124521,D,67,47%,64%,42%,65%
983,4824600,24600,Jarrell ISD,246907,246907,225333,60042,108187,4157,22385151,13470737,88159005,9658175,0,133673068,36001.36,16.70%,10.10%,66.00%,7.20%,0.00%,488697209,105573,D,68,57%,75%,67%,70%
984,4827030,27030,Leander ISD,246913,246913,357110,61716,110926,42608,268160839,134203467,263717383,107637211,9643818,783362718,18165.4,34.20%,17.10%,33.70%,13.70%,1.20%,2661959899,69398,B,88,29%,45%,31%,40%
985,4827420,27420,Liberty Hill ISD,246908,246908,265210,58147,100147,9836,48880416,28876710,288988536,17498410,0,384244072,43520.68,12.70%,7.50%,75.20%,4.60%,0.00%,1486309359,127756,B,85,33%,47%,41%,41%
986,4819320,19320,Florence ISD,246902,246902,150000,59456,104024,1142,7170944,5695589,19052873,5737775,0,37657181,32660.17,19.00%,15.10%,50.60%,15.20%,0.00%,86768055,83032,B,81,56%,71%,62%,65%
987,4812460,12460,Caldwell ISD,26901,26901,172771,56939,97598,1952,12923391,6434552,5045080,6697878,0,31100901,15827.43,41.60%,20.70%,16.20%,21.50%,0.00%,45308600,25905,B,81,44%,49%,37%,53%
988,4821960,21960,Gunter ISD,91917,91917,166200,63500,94903,1156,11728356,7379683,41514532,5676982,0,66299553,58157.5,17.70%,11.10%,62.60%,8.60%,0.00%,155232801,151152,B,84,40%,58%,45%,49%
989,4843890,43890,Van Alstyne ISD,91908,91908,249000,57486,88960,2612,12942135,6943811,46057210,6579626,0,72522782,29980.48,17.80%,9.60%,63.50%,9.10%,0.00%,284545955,108605,B,89,27%,48%,37%,33%
990,4810590,10590,Blue Ridge ISD,43917,43917,151800,62853,93197,1048,6387084,3489317,2334824,4486869,0,16698094,16211.74,38.30%,20.90%,14.00%,26.90%,0.00%,48696188,49945,C,78,45%,65%,51%,56%
991,4830120,30120,Melissa ISD,43908,43908,285000,63729,97300,7735,40609346,17140050,121474513,22065305,0,201289214,29887.04,20.20%,8.50%,60.30%,11.00%,0.00%,632308097,64383,A,92,23%,32%,28%,31%
992,4808340,8340,Anna ISD,43902,43902,174059,73175,110829,6038,35407139,19281270,84636956,12950784,0,152276149,27838.42,23.30%,12.70%,55.60%,8.50%,0.00%,567413494,89455,C,78,46%,63%,57%,59%
993,4828380,28380,Lovejoy ISD,43919,43919,220000,63436,102606,4019,21947978,14907611,20048937,11158921,649871,68713318,16633.3,31.90%,21.70%,29.20%,16.20%,0.90%,178218263,54418,A,94,12%,16%,18%,25%
994,4835850,35850,Princeton ISD,43911,43911,222151,62873,97729,9956,53591595,27434020,106815971,20805485,0,208647071,24015.55,25.70%,13.10%,51.20%,10.00%,0.00%,1003682056,95671,B,81,48%,53%,47%,56%
995,4808910,8910,Aubrey ISD,61907,61907,185000,62654,96071,4480,21082715,8513919,78067276,14886293,0,122550203,30637.55,17.20%,6.90%,63.70%,12.10%,0.00%,607270587,115101,C,79,42%,53%,56%,54%
996,4813290,13290,Celina ISD,43903,43903,200976,62045,96804,5324,26255076,14182102,73567222,11917610,461259,126383269,27511.91,20.80%,11.20%,58.20%,9.40%,0.40%,660095626,99248,B,87,31%,49%,45%,49%
997,4834920,34920,Pilot Point ISD,61903,61903,175638,57178,85280,1619,8630779,4707205,10541485,7896261,0,31775730,20487.25,27.20%,14.80%,33.20%,24.80%,0.00%,64888375,42662,C,77,45%,68%,46%,64%
998,4820010,20010,Frisco ISD,43905,43905,359676,66814,113964,65289,402909290,197354508,245242428,141466442,10746030,997718698,14797.64,40.40%,19.80%,24.60%,14.20%,1.10%,3292640828,54872,A,90,18%,28%,23%,29%
999,4807890,7890,Allen ISD,43901,43901,318341,67089,112913,20838,119743680,65144652,115684415,63936733,2795277,367304757,17057.07,32.60%,17.70%,31.50%,17.40%,0.80%,874164376,47385,A,91,22%,30%,25%,32%
1000,4827300,27300,Lewisville ISD,61902,61902,334750,65031,113244,47876,321506433,140275299,312556432,121115256,11783100,907236520,18485.83,35.40%,15.50%,34.50%,13.30%,1.30%,2022913789,46707,B,81,34%,48%,38%,46%
1001,4816740,16740,Denton ISD,61901,61901,299869,63998,112886,33329,204362823,110255088,377962177,79985183,0,772565271,23506.52,26.50%,14.30%,48.90%,10.40%,0.00%,3526114238,119485,B,80,47%,63%,50%,61%
1002,4827720,27720,Little Elm ISD,61914,61914,282015,64228,108859,8036,45585885,27994930,53328823,31385587,1387388,159682613,19278.43,28.50%,17.50%,33.40%,19.70%,0.90%,1073645171,149574,C,79,47%,61%,48%,59%
1003,4829850,29850,McKinney ISD,43907,43907,305000,67465,124271,23296,148968288,65400229,140063480,82989462,5431182,442852641,18768.62,33.60%,14.80%,31.60%,18.70%,1.20%,607265463,28962,B,88,32%,43%,33%,42%
1004,4836000,36000,Prosper ISD,43912,43912,350000,65770,112702,31651,168631536,76318947,534972499,76855639,537262,857315883,30097.26,19.70%,8.90%,62.40%,9.00%,0.10%,3272349782,83412,A,91,23%,36%,28%,35%
1005,4835100,35100,Plano ISD,43910,43910,344791,66849,112253,46612,329024552,153009289,242114418,122392882,134497524,981038665,17673.46,33.50%,15.60%,24.70%,12.50%,13.70%,1248067189,30932,B,82,33%,42%,34%,45%
1006,4840710,40710,Socorro ISD,71909,71909,184999,64083,108721,46668,300060696,167613993,110996132,129099612,0,707770433,14962.17,42.40%,23.70%,15.70%,18.20%,0.00%,1114201052,27326,B,85,43%,52%,43%,56%
1007,4814430,14430,Clint ISD,71901,71901,312951,63162,106816,10077,68404321,46527214,21772938,38241714,0,174946187,17051.29,39.10%,26.60%,12.40%,21.90%,0.00%,191815189,21772,B,84,53%,66%,59%,67%
1008,4846680,46680,Ysleta ISD,71905,71905,451457,64594,107703,34062,263109212,157989859,126726067,84176623,0,632001761,18099.6,41.60%,25.00%,20.10%,13.30%,0.00%,1583163056,55706,B,89,45%,52%,49%,54%
1009,4818300,18300,El Paso ISD,71902,71902,320000,61478,98784,48118,322199632,223120331,121065069,143955041,0,810340073,16490.77,39.80%,27.50%,14.90%,17.80%,0.00%,1359117292,34630,B,80,51%,64%,55%,63%
1010,4838850,38850,San Elizario ISD,71904,71904,167045,77316,96739,2927,19406207,16184610,3824783,13493262,0,52908862,17583.54,36.70%,30.60%,7.20%,25.50%,0.00%,34747679,13938,D,69,62%,72%,66%,73%
1011,4820520,20520,Gause ISD,166902,166902,105002,59842,105002,134,1307009,650550,395902,509906,593222,3456589,20164.56,37.80%,18.80%,11.50%,14.80%,17.20%,0,0,B,81,38%,51%,25%,48%
1012,4811790,11790,Bryan ISD,21902,21902,257482,55590,101957,16044,110169817,66720885,75549052,39343450,0,291783204,18354.61,37.80%,22.90%,25.90%,13.50%,0.00%,352678828,24879,C,76,59%,68%,64%,68%
1013,4819740,19740,Franklin ISD,198903,198903,165858,57837,88534,1462,9550523,6900222,20962086,7493109,1730522,46636462,32376.31,20.50%,14.80%,44.90%,16.10%,3.70%,31694738,24250,A,92,23%,28%,33%,33%
1014,4812540,12540,Calvert ISD,198902,198902,148000,51858,?,145,1495014,825147,865210,1039477,0,4224848,28740.46,35.40%,19.50%,20.50%,24.60%,0.00%,11978900,62717,D,62,78%,89%,40%,94%
1015,4812640,12640,Cameron ISD,166901,166901,179568,59601,93499,1488,9889411,5773313,15309973,6064030,0,37036727,24414.45,26.70%,15.60%,41.30%,16.40%,0.00%,38998210,31783,C,74,53%,62%,55%,65%
1016,4822830,22830,Hearne ISD,198905,198905,173854,60197,115362,718,6748147,4175940,3483301,3208447,0,17615835,23057.38,38.30%,23.70%,19.80%,18.20%,0.00%,9351873,14522,D,64,74%,85%,77%,84%
1017,4831950,31950,Mumford ISD,198906,198906,134371,57220,134371,598,3366580,1351059,5621382,1591413,0,11930434,19884.06,28.20%,11.30%,47.10%,13.30%,0.00%,0,0,A,95,8%,24%,33%,34%
